id,book,par_num,level,class,title,text
NULL,p45,1,100,centered,," Namo tassa bhagavato arahato sammāsambuddhassa"
NULL,p45,2,1,chapter,"(saṅgayana-puccha vissajjanā) Aṭṭhakathā",Aṭṭhakathā
NULL,p45,3,4,subhead,"Saṃgāyanassa pucchā-vissajjanā","Saṃgāyanassa pucchā-vissajjanā"
NULL,p45,4,100,gatha1,,"Sadevakopi  ce loko, āgantvā tāsayeyya maṃ;"
NULL,p45,5,100,gathalast,,"Na me paṭibalo assa, janetuṃ bhayabheravaṃ."
NULL,p45,6,100,gatha1,,"Sacepi tvaṃ mahiṃ sabbaṃ, sasamuddaṃ sapabbataṃ;"
NULL,p45,7,100,gatha2,,"Ukkhipitvā mahānāga, khipeyyāsi mamūpari;"
NULL,p45,8,100,gatha3,,"Neva me sakkuṇeyyāsi, janetuṃ bhayabheravaṃ;"
NULL,p45,9,100,gathalast,,"Aññadatthu tavevassa, vighāto uragādhipa."
NULL,p45,10,100,gatha1,,"Mā  dāni kodhaṃ janayittha, ito uddhaṃ yathā pure;"
NULL,p45,11,100,gatha2,,"Sassaghātañca mākattha, sukhakāmā hi pāṇino;"
NULL,p45,12,100,gathalast,,"Karotha mettaṃ sattesu, vasantu manujā sukhaṃ."
NULL,p45,13,100,bodytext,,"Cattāro  āsīvisā uggatejā ghoravisāti kho bhikkhave catunnetaṃ mahābhūtānaṃ adhivacanaṃ."
NULL,p45,14,100,bodytext,,"Pañca  vadhakā paccatthikāti kho bhikkhave pañcannetaṃ upādānakkhandhānaṃ adhivacanaṃ."
NULL,p45,15,100,bodytext,,"Chaṭṭho  antaracaro vadhako ukkhittāsikoti kho bhikkhave nandīrāgassetaṃ adhivacanaṃ."
NULL,p45,16,100,bodytext,,"Suñño  gāmoti kho bhikkhave channetaṃ ajjhattikānaṃ āyatanānaṃ adhivacanaṃ."
NULL,p45,17,100,bodytext,,"Corā  gāmaghātakāti kho bhikkhave channetaṃ bāhirānaṃ āyatanānaṃ adhivacanaṃ."
NULL,p45,18,100,bodytext,,"Mahāudakaṇṇavo  kho bhikkhave catunnetaṃ oghānaṃ adhivacanaṃ."
NULL,p45,19,100,bodytext,,"Orimaṃ  tīraṃ sāsaṅkaṃ sappaṭibhayanti kho bhikkhave sakkāyassetaṃ adhivacanaṃ."
NULL,p45,20,100,bodytext,,"Pārimaṃ  tīraṃ khemaṃ appaṭibhayanti kho bhikkhave nibbānassetaṃ adhivacanaṃ."
NULL,p45,21,100,bodytext,,"Vīriyārambhassetaṃ  adhivacanaṃ."
NULL,p45,22,100,gatha1,,"Gantvā  kasmīragandhāraṃ, isi majjhantikā tadā;"
NULL,p45,23,100,gathalast,,"Duṭṭhaṃ nāgaṃ pasādetvā, mocesi bandhanā bahū."
NULL,p45,24,100,bodytext,,"Punapi  bhante dakkhemu saṅgati ce bhavissati."
NULL,p45,25,100,gatha1,,"Ajjāpi  santānamayaṃ, mālaṃ ganthenti nandane;"
NULL,p45,26,100,gathalast,,"Devaputto javo nāma, yo me mālaṃ paṭicchati."
NULL,p45,27,100,gatha1,,"Muhuttoviya  so dibbo, idha vassāni soḷasa;"
NULL,p45,28,100,gathalast,,"Rattindivo ca so dibbo, mānusiṃ sarado sataṃ."
NULL,p45,29,100,gatha1,,"Iti kammāni anventi, asaṅkheyyāpi jātiyo;"
NULL,p45,30,100,gathalast,,"Kalyāṇaṃ yadi vā pāpaṃ, na hi kammaṃ vinassati."
NULL,p45,31,100,gatha1,,"Yo  icche puriso hotuṃ, jāti jāti punappunaṃ;"
NULL,p45,32,100,gathalast,,"Paradāraṃ vivajjeyya, dhotapādova kaddamaṃ."
NULL,p45,33,100,gatha1,,"Yā  icche puriso hotuṃ, jāti jāti punappunaṃ;"
NULL,p45,34,100,gathalast,,"Sāmikaṃ apacāyeyya, indaṃva paricārikā."
NULL,p45,35,100,gatha1,,"Yo  icche dibbabhogañca, dibbamāyuṃ yasaṃ sukhaṃ;"
NULL,p45,36,100,gathalast,,"Pāpāni parivajjetvā, tividhaṃ dhammamācare."
NULL,p45,37,100,bodytext,,"Yaṃ  bhikkhave sadevakassa lokassa samārakassa sabrahmakassa sassamaṇabrāhmaṇiyā pajāya sadevamanussāya diṭṭhaṃ sutaṃ mutaṃ viññātaṃ pattaṃ pariyesitaṃ anuvicaritaṃ manasā, tamahaṃ jānāmi tamahaṃ abhiññāsiṃ, taṃ tathāgatassa viditaṃ, taṃ tathāgato na upaṭṭhāti."
NULL,p45,38,100,bodytext,,"Iti  kho bhikkhave tathāgato diṭṭhasutamutaviññātabbesu dhammesu tādīyeva tādī, tumhā ca pana tādimhā añño tādī uttaritaro vā paṇītataro vā natthīti vadāmi."
NULL,p45,39,100,gatha1,,"Suvaṇṇabhūmiṃ  gantvāna, soṇuttarā mahiddhikā;"
NULL,p45,40,100,gathalast,,"Pisāce niddhametvāna, brahmajālamadesisuṃ."
NULL,p45,41,100,gatha1,,"Samaṇā  mayaṃ mahārāja, dhammarājassa sāvakā;"
NULL,p45,42,100,gathalast,,"Taveva anukampāya, jambudīpā idhāgatā."
NULL,p45,43,100,gatha1,,"Ahaṃ buddhañca dhammañca, saṅghañca saraṇaṃ gato,"
NULL,p45,44,100,gathalast,,"Upāsakattaṃ desesiṃ, sakyaputtassa sāsane."
NULL,p45,45,100,bodytext,,"Tena  samayena buddho bhagavā verañjāyaṃ viharati naḷerupuci mandamūle."
NULL,p45,46,100,gatha1,,"Saggārohaṇasopāṇaṃ, aññaṃ sīlasamaṃ kuto;"
NULL,p45,47,100,gathalast,,"Dvāraṃ vā pana nibbāna, nagarassa pavesane."
NULL,p45,48,100,gatha1,,"Alameva  kātuṃ kalyāṇaṃ, dānaṃ dātuṃ yathārahaṃ;"
NULL,p45,49,100,gathalast,,"Pāṇiṃ kāmadadaṃ disvā, ko puññaṃ nakarissati."
NULL,p45,50,100,gatha1,,"Dassāmannañca  pānañca, vatthasenāsanāni ca;"
NULL,p45,51,100,gathalast,,"Papañca udapānañca, dugge saṅkamanāni ca."
NULL,p45,52,100,gatha1,,"Mahāaṭṭhakathañceva, mahāpaccarimevaca;"
NULL,p45,53,100,gatha2,,"Kurundiñcāti tissopi, sīhaḷaṭṭhakathā imā;"
NULL,p45,54,100,gatha3,,"Buddhamittoti nāmena, visutassa yasassino;"
NULL,p45,55,100,gathalast,,"Vinayaññussa dhīrassa, sutvā therassa santike."
NULL,p45,56,100,gatha1,,"Upaddavākule  loke, nirupaddavato ayaṃ;"
NULL,p45,57,100,gatha2,,"Ekasaṃvacchareneva, yathā niṭṭhaṃ upāgatā;"
NULL,p45,58,100,gatha3,,"Evaṃ sabbassa lokassa, niṭṭhaṃ dhammūpasaṃhitā;"
NULL,p45,59,100,gathalast,,"Sīghaṃ gacchantu ārambhā, sabbepi nirupaddavā."
NULL,p45,60,100,gatha1,,"Ciraṭṭhitatthaṃ  dhammassa, karontena mayā imaṃ;"
NULL,p45,61,100,gatha2,,"Saddhammabahumānena, yañca puññaṃ samācitaṃ;"
NULL,p45,62,100,gatha3,,"Sabbassa ānubhāvena, tassa sabbepi pāṇino;"
NULL,p45,63,100,gathalast,,"Bhavantu dhammarājassa, saddhammarasasevino."
NULL,p45,64,100,gatha1,,"Ciraṃ  tiṭṭhatu saddhammo, kāle vassaṃ ciraṃ pajaṃ;"
NULL,p45,65,100,gathalast,,"Tappetu devo dhammena, rājā rakkhatu mediniṃ."
NULL,p45,66,100,gatha1,,"Tāva tiṭṭhatu lokasmiṃ, lokanittharaṇesinaṃ;"
NULL,p45,67,100,gatha2,,"Dassentī kulaputtānaṃ, nayaṃ sīlavisuddhiyā;"
NULL,p45,68,100,gatha3,,"Yāva buddhoti nāmampi, suddhacittassa tādino;"
NULL,p45,69,100,gathalast,,"Lokamhi lokajeṭṭhassa, pavattati mahesino."
NULL,p45,70,100,gatha1,,"Karuṇāsītalahadayaṃ, paññāpajjotavihatamohatamaṃ;"
NULL,p45,71,100,gathalast,,"Sanarāmaralokagaruṃ, vande sugataṃ gativimuttaṃ."
NULL,p45,72,100,gatha1,,"Buddhopi  buddhabhāvaṃ, bhāvetvā ceva sacchikatvāca;"
NULL,p45,73,100,gathalast,,"Yaṃ upagato gatamalaṃ, vande tamanuttaraṃ dhammaṃ."
NULL,p45,74,100,gatha1,,"Sugatassa orasānaṃ, puttānaṃ mārasenamathanānaṃ;"
NULL,p45,75,100,gathalast,,"Aṭṭhannampi samūhaṃ, sirasā vande ariyasaṅghaṃ."
NULL,p45,76,100,gatha1,,"Dīghassa  dīghasuttaṅkitassa, nipuṇassa āgamavarassa;"
NULL,p45,77,100,gathalast,,"Buddhānubuddhasaṃvaṇṇitassa, saddhāvahaguṇassa."
NULL,p45,78,100,bodytext,,"Sammāsambuddheneva  hi tiṇṇampi piṭakānaṃ atthavaṇṇanākkamo bhāsito, yāpakiṇṇakadesanāti vuccati, tato saṃgāyanādivasena sāvakehīti ācariyā vadanti."
NULL,p45,79,100,gatha1,,"Atthappakāsanatthaṃ, aṭṭhakathā ādito vasisatehi;"
NULL,p45,80,100,gathalast,,"Pañcahi yāsaṅgītā, anusaṅgītā ca pacchāpi."
NULL,p45,81,100,gatha1,,"Majjhe  visuddhimaggā, esa catunnampi āgamānañhi;"
NULL,p45,82,100,gatha2,,"Ṭhatvā pakāsayissati, tattha yathā bhāsitamatthaṃ;"
NULL,p45,83,100,gatha3,,"Icceva kato tasmā, tampi gahetvāna saddhimetāya;"
NULL,p45,84,100,gathalast,,"Aṭṭhakathāya vijānātha, dīghāgamanissitaṃ atthaṃ."
NULL,p45,85,100,gatha1,,"Atthānaṃ  sūcanato, suvuttato savanatothasūdanato,"
NULL,p45,86,100,gathalast,,"Suttāṇā suttasabhāgatoca, suttanti akkhātaṃ."
NULL,p45,87,100,gatha1,,"Sududdasaṃ  sunipuṇaṃ, yatthakāmanipātinaṃ;"
NULL,p45,88,100,gathalast,,"Cittaṃ rakkhetha medhāvī, cittaṃ guttaṃ sukhāvahaṃ."
NULL,p45,89,100,bodytext,,"So  evaṃ samāhite citte parisuddhe pariyodāte anaṅgaṇe vigatūpakkilese mudubhūte kammaniye ṭhite ānañjappatte ñāṇadassanāya cittaṃ abhinīharati abhininnāmeti –"
NULL,p45,90,100,bodytext,,"Yaṃhitaṃ  bhikkhave sammāvadamāne vadeyya samantapāso mārassāti, mātugāmaṃyeva sammā vadamāno vadeyya samantapāso mārassāti."
NULL,p45,91,100,bodytext,,"Yo  bhikkhu divasaṃ caṅkamena nisajjāya ca āvaraṇīyehi dhammehi cittaṃ parisodhetvā."
NULL,p45,92,100,bodytext,,"Iti  cittakiriyavāyodhātuvipphāravasena ayaṃ kāyasammato aṭṭhisaṅghāto abhikkamati."
NULL,p45,93,100,gatha1,,"Karuṇā  viya sattesu, paññā yassa mahesino;"
NULL,p45,94,100,gathalast,,"Ñeyyadhammesu sabbesu, pavattittha yathāruci."
NULL,p45,95,100,gatha1,,"Dasāya  tāya sattesu, samussāhitamānaso;"
NULL,p45,96,100,gatha2,,"Pāṭihīrāvasānamhi, vasanto tidasālaye;"
NULL,p45,97,100,gatha3,,"Pāricchattakamūlamhi, paṇḍukambalanāmake;"
NULL,p45,98,100,gathalast,,"Silāsane sannisinno, ādiccova yugandhare."
NULL,p45,99,100,gatha1,,"Cakkavāḷasahassehi, dasāhāgamma sabbaso;"
NULL,p45,100,100,gatha2,,"Sannisinnena devānaṃ, gaṇena parivārito;"
NULL,p45,101,100,gatha3,,"Mātaraṃ pamukhaṃ katvā, tassā paññāya tejasā;"
NULL,p45,102,100,gathalast,,"Abhidhammakathāmaggaṃ, devānaṃ sampavattayi."
NULL,p45,103,100,gatha1,,"Tassa  pāde namassitvā, sambuddhassa sirīmato;"
NULL,p45,104,100,gathalast,,"Saddhammañcassa pūjetvā, katvā saṅghassa cañjaliṃ."
NULL,p45,105,100,gatha1,,"Yaṃ  devadevo devānaṃ, desetvā nayato puna;"
NULL,p45,106,100,gathalast,,"Therassa sāriputtassa, samācikkhi vināyako."
NULL,p45,107,100,gatha1,,"Anotattadahe katvā, upaṭṭhānaṃ mahesino;"
NULL,p45,108,100,gathalast,,"Yañca sutvāna so thero, āharitvā mahītalaṃ."
NULL,p45,109,100,gatha1,,"Bhikkhūnaṃ parirudāhāsi, iti bhikkhūhi dhārito;"
NULL,p45,110,100,gathalast,,"Saṅgītikāle saṃṅgīto, vedehamuninā puna."
NULL,p45,111,100,gatha1,,"Yaṃ  karomasi brahmuno, samaṃ devehi mārisa;"
NULL,p45,112,100,gathalast,,"Tadajja tuyhaṃ kassāma, handa sāmaṃ karoma te."
NULL,p45,113,100,gatha1,,"Atthaṃ  pakāsayissāmi, āgamaṭṭhakathāsupi;"
NULL,p45,114,100,gathalast,,"Gahetabbaṃ gahetvāna, tosayanto vicakkhaṇe."
NULL,p45,115,100,gatha1,,"Itime  bhāsamānassa, abhidhammakathaṃ imaṃ;"
NULL,p45,116,100,gathalast,,"Avikkhittā nisāmetha, dullabhāhiayaṃkathā."
NULL,p45,117,100,bodytext,,"Etthete  pāpakā akusalā dhammā aparisesā nirujjhanti."
NULL,p45,118,100,bodytext,,"Cakkhuṃ  cāvuso paṭicca rūpeca uppajjati cakkhuviññāṇaṃ, tiṇṇaṃ saṅgati phasso, phassapaccayā vedanā, yaṃ vedeti, taṃ sañjānāti. Yaṃ sañjānāti, taṃ vitakketi, yaṃ vitakketi, taṃ papañceti, yaṃ papañceti, tato nidānaṃ purisaṃ papañcasaññāsaṅkhā samudācaranti atītānāgatapaccuppannesu cakkhuviññeyyasu rūpesu –"
NULL,p45,119,100,bodytext,,"Purimā  bhikkhave koṭi na paññāyati avijjāya."
NULL,p45,120,100,gatha1,,"Attheva  gambhīragataṃ sudubbudhaṃ,"
NULL,p45,121,100,gatha2,,"Sayaṃ abhiññāya sahetusambhavaṃ;"
NULL,p45,122,100,gatha3,,"Yathānupubbaṃ nikhilena desitaṃ,"
NULL,p45,123,100,gathalast,,"Mahesinā rūpagataṃva passati."
NULL,p45,124,100,bodytext,,"Abhikkamissāmi  paṭikkamissāmīti hi cittaṃ uppajjamānaṃ rūpaṃ samuṭṭhāpeti."
NULL,p45,125,100,gatha1,,"Na  antalikkhena na samuddamajjhe,"
NULL,p45,126,100,gatha2,,"Na pabbatānaṃ vivaraṃ pavissa;"
NULL,p45,127,100,gatha3,,"Na vijjate so jagatippadeso,"
NULL,p45,128,100,gathalast,,"Yatthaṭṭhito mucceyya pāpakammā."
NULL,p45,129,100,gatha1,,"Yaṃ  pattaṃ kusalaṃ tassa, ānubhāvena pāṇino;"
NULL,p45,130,100,gatha2,,"Sabbe saddhammarājassa, ñatvā dhammaṃ sukhāvahaṃ;"
NULL,p45,131,100,gatha3,,"Pāpuṇantu visuddhāya, sukhāya paṭipattiyā;"
NULL,p45,132,100,gathalast,,"Asokamanupāyāsaṃ, nibbānasukhamuttamaṃ."
NULL,p45,133,100,gatha1,,"Ciraṃ tiṭṭhatu saddhammo, dhamme hontu sagāravā;"
NULL,p45,134,100,gatha2,,"Sabbepi sattā kālena, sammā devo pavassatu;"
NULL,p45,135,100,gatha3,,"Yathā rakkhiṃsu porāṇā, surājāno tathevimaṃ;"
NULL,p45,136,100,gathalast,,"Rājā rakkhatu dhammena, attanova pajaṃpajaṃ."
NULL,p45,137,100,gatha1,,"Tāva  tiṭṭhatu lokasmiṃ, lokanittharaṇesinaṃ;"
NULL,p45,138,100,gatha2,,"Dassentī kulaputtānaṃ, nayaṃ paññāvisuddhiyā;"
NULL,p45,139,100,gatha3,,"Yāva buddhoti nāmampi, suddhacittassa tādino;"
NULL,p45,140,100,gathalast,,"Lokamhi lokajeṭṭhassa, pavattati mahesino."
NULL,p45,141,4,subhead,Dutiyasannipāta,Dutiyasannipāta
NULL,p45,142,4,subhead,"Mahāpadānasutta aṭṭhakathā","Mahāpadānasutta aṭṭhakathā"
NULL,p45,143,100,bodytext,,"Pucchā – aṭṭhakathā  saṃgītiyā āvuso paṭhame sannipāte sakalā ca vinayasaṃvaṇṇanā dīghanikāye ca sīlakkhandhavaggavaṇṇanā abhidhamme ca dhammasaṅgahasaṃvaṇṇanā saṃgītā therehi chaṭṭhasaṃgītikārehi. Idāni pana dutiye sannipāte dīghanikāye mahāvaggavaṇṇanāto paṭṭhāya tadavasesānaṃ yathāvavatthitasaṃvaṇṇanānaṃ saṃgāyanokāso anuppatto. Tasmā imissā dutiyasannipātasaṃgītiyā pubbakiccavasena yathānuppattāya mahāvagge mahāpadānasuttasaṃvaṇṇanāya pucchāvissajjanaṃ kātuṃ samārabhāma. Mahāpadānasuttassa āvuso nidāne pariyāpannassa ‘‘karerikuṭikāya’’ntipadassa attho kathaṃ aṭṭhakathācariyena kathito."
NULL,p45,144,100,bodytext,,"Vissajjanā – mahāpadānasuttassa bhante nidāne pariyāpannassa karerikuṭikāyantipadassa attho ‘‘karerikuṭikāya’’nti karerīti varuṇarukkhassa nāmaṃ. Karerimaṇḍapo tassā kuṭikāya  dvāre ṭhito, tasmā karerikuṭikāti vuccati. Yathā kosambarukkhassa dvāreṭhitattā kosambakuṭikāti evamādinā bhante aṭṭhakathācariyena kathito."
NULL,p45,145,100,bodytext,,"Karerikuṭikāyanti  karerīti varuṇarukkhassa nāmaṃ."
NULL,p45,146,100,bodytext,,"Karerimaṇḍapo  tassā kuṭikāya dvāre ṭhito, tasmā karerikuṭikāti vuccati. Yathā kosambarukkhassa dvāre ṭhitattā ekāsambakuṭikāti."
NULL,p45,147,100,bodytext,,"Antojetavane kira karerikuṭi kosambakuṭi gandhakuṭi salaḷāgāranti cattāri mahāgehāni –"
NULL,p45,148,100,bodytext,,"Ekekaṃ satasahassapariccāgena nipphannaṃ."
NULL,p45,149,100,bodytext,,"Tesu salaḷāgāraṃ raññā pasenadinā kāritaṃ."
NULL,p45,150,4,subhead,Pubbenivāsa,Pubbenivāsa
NULL,p45,151,100,bodytext,,"Pucchā – tattheva  āvuso nidāne pubbenivāsapaṭisaṃyuttā dhammīkathā udapādītivacanassa attho kathaṃ aṭṭhakathācariyena kathito."
NULL,p45,152,100,bodytext,,"Vissajjanā – tattheva bhante nidāne pubbenivāsapaṭisaṃyuttā dhammīkathā udapādīti vacanassa attho pubbenivāsapaṭisaṃyuttāti ekampijātiṃ dvepi jātiyoti evaṃ nibaddhena pubbenivuṭṭhakhandhasantānasaṅkhātena pubbenivāsena saddhiṃ yojetvā pavattitā. Dhammīti dhammasaṃyuttā. Udapādīti aho acchariyaṃ dasabalassa pubbenivāsañāṇaṃ. Pubbenivāsaṃ nāma ke anussaranti ke nānussarantīti diṭṭhiyā anussaranti, sāvakā sa paccekabuddhā ca buddhā ca anussaranti. Kataradiṭṭhiyo anussaranti. Ye aggapattā kammavādino tepi cattālīsaṃyeva kappe anussaranti, na tato paranti evamādinā bhante aṭṭhakathācariyena kathito."
NULL,p45,153,100,bodytext,,"Pubbenivāsapaṭisaṃyuttāti  ekampi jātiṃ dvepi jātiyoti evaṃ nibaddhena pubbenivuṭṭhakhandhasantānasaṅkhātena pubbenivāsena saddhiṃ yojetvā pavattitā."
NULL,p45,154,4,subhead,Kappaparicchedavāra,Kappaparicchedavāra
NULL,p45,155,100,bodytext,,"Pucchā – tasmiṃ  āvuso mahāpadānasutte uddesavāre navasu paricchedavāresu paṭhame kappaparicchedavāre bhaddakappeti padassa attho aṭṭhakathācariyena kathaṃ kathito."
NULL,p45,156,100,bodytext,,"Vissajjanā – tasmiṃ  bhante mahāpadānasutte uddesavāre navasu paricchedavāresu paṭhame kappaparicchedavāre bhaddakappeti padassa attho bhaddakappeti pañcabuddhuppādapaṭimaṇḍitattā sundarakappe sārakappeti bhagavā imaṃ kappaṃ thomento evamāha. Yato paṭṭhāya kira amhākaṃ bhagavā abhinīhāro kato, ekasmiṃ antare ekasmimpi kappe pañcabuddhā nibbattā nāma natthīti evamādinā bhante aṭṭhakathācariyena kathito."
NULL,p45,157,100,bodytext,,"Vipassissa  bhikkhave bhagavato ito so bhikkhave chanavutikappe yaṃ vipassī bhagavā arahaṃ sammāsambuddho loke udapādi –"
NULL,p45,158,100,bodytext,,"Saddakappeti pañcabuddhuppādapaṭimaṇḍitattā sundarakappe sārakappeti bhagavā imaṃ kappaṃ thomento evamāha –"
NULL,p45,159,100,bodytext,,"‘‘Yato paṭṭhāya kira amhākaṃ bhagavatābhinīhāro kato, etasmiṃ antare ekasmimpi kappe pañcabuddhā nibbattā nāma natthi’’ –"
NULL,p45,160,4,subhead,Āyuparicchedavāra,Āyuparicchedavāra
NULL,p45,161,100,bodytext,,"Pucchā – catutthe  panāvuso āyuparicchedavāre appaṃ vā bhiyyoti etesaṃ padānaṃ attho kathaṃ aṭṭhakathācariyena kathito."
NULL,p45,162,100,bodytext,,"Vissajjanā – catutthe pana bhante āyuparicchedavāre appaṃ vā bhiyyoti etesaṃ padānaṃ attho ‘‘appaṃ vā bhiyyoti vassasatato vā upari appaṃ, aññaṃ vassasataṃ apatvā vīsaṃ vā tiṃsaṃ vā cattālīsaṃ vā paṇṇāsaṃ vā saṭṭhi vā vassāni jīvati. Evaṃ dīghāyuko pana atidullabho, asuko kira evaṃ ciraṃ jīvatīti tattha tattha gantvā daṭṭhabbo hotī’’ti evamādinā bhante tattha aṭṭhakathācariyena kathito."
NULL,p45,163,100,bodytext,,"Mayhaṃ  bhikkhave etarahi appakaṃ āyuppamāṇaṃ parittaṃ lahukaṃ yo ciraṃ jīvati so vassasataṃ appaṃ vā bhiyyo."
NULL,p45,164,100,bodytext,,"Appaṃ vā bhiyyoti vassasatato vā upari appaṃ, ayyaṃ vassasataṃ apatvā vīsaṃ vā tiṃsaṃ vā cattālīsaṃvā vā paṇṇāsaṃ vā saṭṭhi vā vassāni jīvati –"
NULL,p45,165,4,subhead,Upaṭṭhākaparicchedavāra,Upaṭṭhākaparicchedavāra
NULL,p45,166,100,bodytext,,"Pucchā – aṭṭhame  panāvuso upaṭṭhākaparicchedavāre ānandotipade kathaṃ aṭṭhakathācariyena vaṇṇito."
NULL,p45,167,100,bodytext,,"Vissajjanā – aṭṭhame pana bhante upaṭṭhākaparicchede pana ānandoti nibaddhupaṭṭhākabhāvaṃ sandhāya vuttanti evamādinā bhante aṭṭhakathācariyena vaṇṇito."
NULL,p45,168,100,bodytext,,"Mayhaṃ  bhikkhave etarahi ānando nāma bhikkhu upaṭṭhāko ahosi aggupaṭṭhāko –"
NULL,p45,169,100,bodytext,,"Bhagavatohi  paṭhamabodhiyaṃ anibaddhā upaṭṭhākā ahesuṃ."
NULL,p45,170,100,bodytext,,"Ekadā nāgasamālo pattacīvaraṃ gahetvā vicari."
NULL,p45,171,100,bodytext,,"Idameva  te kāraṇaṃ sallakkhetvā nivārayimha."
NULL,p45,172,100,bodytext,,"Ekacce  bhikkhū iminā maggena gacchāmāti vutte aññena gacchanti."
NULL,p45,173,100,bodytext,,"Uṭṭhehi  āvuso ānanda, uṭṭhehi āvuso ānanda."
NULL,p45,174,100,bodytext,,"Kaṃ panettha ānanda ādīnavaṃ passasi."
NULL,p45,175,100,bodytext,,"Kaṃ  panettha ānanda ānisaṃsaṃ passasi."
NULL,p45,176,100,gatha1,,"Samavattakkhandho  atulo, suppabuddho ca uttaro;"
NULL,p45,177,100,gathalast,,"Sattavāho vijitaseno, rāhulo bhavati sattamo –"
NULL,p45,178,100,gatha1,,"Sutanā  sabbakāmāca, sucittā atha rocinī;"
NULL,p45,179,100,gathalast,,"Rucaggatī sunandāca, bimbā bhavati sattamā."
NULL,p45,180,100,gatha1,,"Anekajātisaṃsāraṃ, sandhāvissaṃ anibbisaṃ;"
NULL,p45,181,100,gatha2,,"Gahakāraṃ gavesanto, dukkhā jāti punappunaṃ;"
NULL,p45,182,100,gathalast,,"Gahakāraka diṭṭhosi, puna gehaṃ na kāhasi."
NULL,p45,183,100,gatha1,,"Sabbā te phāsukā bhaggā, gahakūṭaṃ visaṅkhataṃ;"
NULL,p45,184,100,gathalast,,"Visaṅkhāragataṃ cittaṃ, taṇhānaṃ khayamajjhagā."
NULL,p45,185,100,gatha1,,"Ayoghanahatasseva, jalato jātavedaso;"
NULL,p45,186,100,gatha2,,"Anupubbūpasantassa, yathā na ñāñate gati;"
NULL,p45,187,100,gatha3,,"Evaṃ sammāvimuttānaṃ, kāmabandhoghatārinaṃ;"
NULL,p45,188,100,gathalast,,"Paññāpetuṃ gati natthi, pattānaṃ acalaṃ sukhaṃ."
NULL,p45,189,100,bodytext,,"Na  pana bhagavā milakkhusadiso hoti nāpi āmuttamaṇikuṇḍalo."
NULL,p45,190,100,bodytext,,"Te pana attano samānasaṇṭhānameva passanti."
NULL,p45,191,100,bodytext,,"Na  kho ānanda ettāvatā tathāgato sakkato vā hoti garukato vā mānito vā pūjito vā apacito vā."
NULL,p45,192,100,bodytext,,"Kasmā  pana bhagavā aññattha ekaṃ umāpupphamattampi gahetvā buddha guṇe āvajjetvā katāya pūjāya buddhañāṇenāpi aparicchinnaṃ vipākaṃ vaṇṇetvā –"
NULL,p45,193,100,bodytext,,"Yo  kho ānanda bhikkhu vā bhikkhunī vā upāsako vā upāsikā vā dhammānudhammappaṭipanno viharati sāmīcippaṭipanno anudhammacārī so tathā gataṃ sakkaroti garukaroti māneti pūjeti apaciyati paramāya –"
NULL,p45,194,100,bodytext,,"Siyā  kho panānanda tumhākaṃ evamassa ‘atītasatthukaṃ pāvacanaṃ, natthi no satthā’ti."
NULL,p45,195,100,bodytext,,"Na  kho panetaṃ ānanda evaṃ daṭṭhabbaṃ."
NULL,p45,196,100,bodytext,,"Dhammopi desito ceva paññattoca, vinayopi desito ceva paññatto ca– "
NULL,p45,197,100,bodytext,,"Assosi  kho rājā māgadho ajātasattu vedehiputto bhagavā kira kusinārāyaṃ parinibbutoti."
NULL,p45,198,100,bodytext,,"Satthā nāma parinibbuto, na so sakkā puna āharituṃ, pothujjanikasaddhāya pana amhākaṃ raññā sadiso natthi, sace esa imināva niyāmena suṇissati, hadayamassa phalissati. Rājā kho pana amhehi anurakkhitabboti."
NULL,p45,199,100,bodytext,,"Deva  amhehi supinako diṭṭho, tassa paṭighātatthaṃ tumhehi dukūladupaṭṭaṃ nivāsetvā yathā nāsāpuṭamattaṃ paññāyati, evaṃ catumadhuradoṇiyā nipajjituṃ vaṭṭatīti."
NULL,p45,200,100,bodytext,,"Deva  maraṇato muccanakasatto nāma natthi, amhākaṃ āyuvaḍḍhano cetiyaṭṭhānaṃ puññakkhettaṃ abhisekasiñcako so bhagavā satthā kusinārāya parinibbutoti."
NULL,p45,201,100,bodytext,,"Bhagavā  sabbaññu nanu imasmiṃ ṭhāne nisīditvā dhammaṃ desayittha, sokasallaṃ me vinodayittha, tumhe mayhaṃ sokasallaṃ nīharittha, ahaṃ tumhākaṃ saraṇaṃ gato, idāni pana me paṭivacanampi na detha bhagavāti."
NULL,p45,202,100,bodytext,,"Nanu  bhagavā ahaṃ aññadā evarūpe kāle tumhe mahābhikkhu saṅghaparivārā jambudīpatale cārikaṃ carathāti suṇomi."
NULL,p45,203,100,bodytext,,"Mama parideviteneva na sijjhati, dasabalassa dhātuyo āharāpessāmīti evaṃ assosi."
NULL,p45,204,100,bodytext,,"Sace  dassanti, sundaraṃ. No ce dassanti, āharaṇupāyena āharissāmīti caturaṅginiṃ senaṃ sannayhitvā sayampi nikkhantoyeva."
NULL,p45,205,100,bodytext,,"Yathā ca ajātasattu, evaṃ licchavī ādayopi."
NULL,p45,206,100,bodytext,,"Amhākaṃ  dhātuyo vā dentu, yuddhaṃ vāti kusinārānagaraṃ parivāretvā ṭhite etaṃ bhagavā amhākaṃ gāmakkhettehi paṭivacanaṃ avocuṃ."
NULL,p45,207,100,bodytext,,"Na mayaṃ satthu sāsanaṃ pahiṇimha, nāpi gantvā ānayimha. Satthā pana sayameva āgantvā sāsanaṃ pesetvā amhe pakkosāpesi. Tumhepi kho pana yaṃ tumhākaṃ gāmakkhette ratanaṃ uppajjati. Na taṃ amhākaṃ detha. Sadevake ca loke buddharatanasamaṃ ratanaṃ nāma natthi, evarūpaṃ uttamaratanaṃ labhitvā mayaṃ nadassāma, na kho pana tumhehiyeva mātuthanato khīraṃ pītaṃ. Amhehipi mātuthanato khīraṃ pītaṃ, na tumheyeva purisā, amhepi purisā. Hotūti aññamaññaṃ ahaṃkāraṃ katvā sāsanapaṭisāsanaṃ pesenti. Aññamaññaṃ mānagajjitaṃ gajjanti."
NULL,p45,208,100,bodytext,,"Ete  rājāno bhagavato parinibbutaṭṭhāne vivādaṃ karonti, na kho panetaṃ patirūpaṃ, alaṃ iminā kalahena, vūpasamessāmi nanti."
NULL,p45,209,100,bodytext,,"Ācariyassa  viya bho saddo, ācariyassa viya bho saddoti sabbe niravā ahesuṃ."
NULL,p45,210,100,bodytext,,(1)
NULL,p45,211,100,gatha1,,"Suṇantu bhonto mama ekavācaṃ,"
NULL,p45,212,100,gatha2,,"Amhāka buddho ahu khantivādo;"
NULL,p45,213,100,gatha3,,"Nahi  sādhuyaṃ uttamapuggalassa,"
NULL,p45,214,100,gathalast,,"Sarīrabhāge siyā sampahāro."
NULL,p45,215,100,bodytext,,(2)
NULL,p45,216,100,gatha1,,"Sabbeva bhonto sahitā samaggā,"
NULL,p45,217,100,gatha2,,"Sammodamānā karomaṭṭhabhāge;"
NULL,p45,218,100,gatha3,,"Vitthārikā hontu, disāsu thūpā;"
NULL,p45,219,100,gathalast,,"Bahū janā cakkhumato pasannā."
NULL,p45,220,100,bodytext,,"Na  hi sādhukaṃ uttamapuggalassa, sarīrabhāge siyā sampahāroti na hi sādhuyanti na hi sādhu ayaṃ –"
NULL,p45,221,100,bodytext,,"Bhagavā  sabbasu pubbe mayaṃ tumhākaṃ dvattiṃsamahāpurisalakkhaṇapaṭimaṇḍitaṃ chabbaṇṇabuddharasmikhacitaṃ asītianubyañjanasamujjalitasobhaṃ suvaṇṇavaṇṇaṃ sarīraṃ addasāma, idāni pana suvaṇṇavaṇṇāva dhātuyo avasiṭṭhā jātā, nayuttamidaṃ bhagavā tumhākanti parideviṃsu."
NULL,p45,222,100,bodytext,,"Kena  nu kho sadevakassa lokassa kaṅkhacchedanatthāya catusaccakathāya paccayabhūtā bhagavato dakkhiṇadāṭhā gahitāti olokento brāhmaṇena gahitāti disvā brāhmaṇopi daṭhāya anucchavikaṃ sakkāraṃ nasakkhissati gaṇhāmi natthi veṭṭhantarato gahetvā suvaṇṇacaṅkoṭake ṭhapetvā devalokaṃ netvā cūḷāmaṇicetiye patiṭṭhapesi –"
NULL,p45,223,100,bodytext,,"Rājagahe  bhagavato sarīrānaṃ thūpañca mahañca akāsi."
NULL,p45,224,100,bodytext,,"Samaṇassa  gotamassa parinibbutakālato paṭṭhāya balakkārena sādhukīḷitāya upaddutumha, sabbe no kammantā naṭṭhāti."
NULL,p45,225,100,bodytext,,"Mahājano manaṃ padosetvā apāye nibbattīti disvā sakkaṃ devarājānaṃ dhātuāharaṇūpāyaṃ kāressāmāti tassa santikaṃ  gantvā tamatthaṃ ārocetvā dhātuāharaṇūpāyaṃ karomi mahārājāti āhaṃsu."
NULL,p45,226,100,bodytext,,"Bhante puthujjano nāma ajātasattunā samo saddho nāma natthi, na so mama vacanaṃ karissati, apica kho māravibhiṃ sakasadisaṃ vibhiṃsakaṃ dassessāmi mahāsaddaṃ sāvessāmi yakkhagāhakakhipitakaarocake karissāmi, tumhe amanussā mahārāja kupitā dhātuyo āharāpethāti vadeyyātha, evaṃ so āharāpessatīti –"
NULL,p45,227,100,bodytext,,"Mahārāja  amanussā kupitā, dhātuyo āharāpehīti bhaṇiṃsu."
NULL,p45,228,100,bodytext,,"Na tāva bhante mayhaṃ cittaṃ tussati, evaṃ santepi āharantūti āha."
NULL,p45,229,100,bodytext,,"Mahārāja  ekaṃ dhātunidhānaṃ kātuṃ vaṭṭatīti āha."
NULL,p45,230,100,bodytext,,"Anāgate  laṅkādīpe mahāvihāre mahācetiyamhi nidahissanti."
NULL,p45,231,4,subhead,"Mahāsāvaka cetī","Mahāsāvaka cetī"
NULL,p45,232,100,bodytext,,"Imasmiṃ  ṭhāne yo pāsāṇo atthi, so antaradhāyatu, paṃsu suvisuddhā hotu, udakaṃ mā uṭṭhahatūti adhiṭṭhāsi."
NULL,p45,233,100,bodytext,,"Idha rājā kiṃ kāretīti pucchantānampi mahāsāvakānaṃ cetiyānīti vadanti."
NULL,p45,234,100,bodytext,,"Mālā  mā milāyantu, gandhā mā vinassantu, dīpā mā vijjhāyantūti adhiṭṭhahitvā suvaṇṇapaṭṭe akkharāni chindāpesi –"
NULL,p45,235,100,bodytext,,"Anāgate piyadoso nāma kumāro chattaṃ ussāpetvā asoko dhammarājā bhavissati, so imā dhātuyo vitthārikā karissatīti."
NULL,p45,236,100,bodytext,,"Anāgate  daliddarājā imaṃ maṇiṃ gahetvā dhātūnaṃ sakkāraṃ karotūti akkharaṃ chindāpesi."
NULL,p45,237,100,bodytext,,"Tāta ajātasattunā dhātunidhānaṃ kataṃ, ettha ārakkhaṃ paṭṭhapehīti pahiṇi."
NULL,p45,238,100,bodytext,,"Parikkhīṇodāni  me āyūti aññāsi."
NULL,p45,239,100,bodytext,,"Yesañca devaputtānaṃ maraṇanimittāni āvi bhavanti."
NULL,p45,240,100,bodytext,,"Nassati  vata bho me ayaṃ sampattīti bhayābhibhūto ahosi."
NULL,p45,241,100,bodytext,,"Atthi nu kho koci samaṇo vā brāhmaṇo vā lokapitā maho mahābrahmāvā, yo me hadayanissitaṃ sokasallaṃ samuddharitvā imaṃ sampattiṃ thāvaraṃ kareyyāti olokento kañci adisvā puna addasa mādisānaṃ satasahassānampi uppannaṃ sokasallaṃ sammāsambuddho uddharituṃ paṭibaloti."
NULL,p45,242,100,bodytext,,"Aparipakkaṃ  tāvassa ñāṇaṃ, katipāhaṃ pana atikkamitvā mayi indasālaguhāyaṃ viharante pañca pubbanimittāni disvā maraṇabhayabhīto dvīsu devalokesu devatāhi saddhiṃ upasaṅkamitvā cuddasa pañhe pucchitvā upekkhāpañhavissajjanāvasāne asītiyā devatāsahassehi saddhiṃ sotāpattiphale patiṭṭhahissatīti cintetvā okāsaṃ nākāsi."
NULL,p45,243,100,bodytext,,"Mama  pubbepi ekakassa gatattā satthārā okāso nakato, addhā me natthi maggaphalassa upanissayo, ekassa pana upanissaye sati cakkavāḷapariyantāyapi parisāya bhagavā dhammaṃ desetiyeva. Avassaṃ kho pana dvīsu devalokesu kassaci devassa upanissayo bhavissati, taṃ sandhāya satthā dammaṃ desessati. Taṃ sutvā ahampi attano domanassaṃ vūpasamessāmīti."
NULL,p45,244,100,bodytext,,"Dvīsu  devalokesu devatā gahetvā dhurena paharantassa viya satthāraṃ upasaṅkamituṃ nayuttaṃ, ayaṃpana pañcasikho dasabalassa upaṭṭhāko  vallabho icchiticchitakkhaṇe gantvā pañhaṃ pucchitvā dhammaṃ suṇāti, imaṃ purato pesetvā okāsaṃ kāretvā iminā katokāse upasaṅkamitvā pañhaṃ pucchissāmīti okāsakaraṇatthaṃ āmantesi."
NULL,p45,245,100,bodytext,,"Evaṃ mahārāja hotu, bhaddaṃ tava yo tvaṃ maṃ ehi mārisa uyyāna kīḷādīni vā naṭasamajjādīni vā dassanāya gacchāmāti avatvā buddhaṃ passissāma dhammaṃ sossāmāti vadasīti daḷhataraṃ upatthambhento devānamindassa vacanaṃ paṭissutvā anucariyaṃ sahacaraṇaṃ ekato gamanaṃ upāgami."
NULL,p45,246,100,gatha1,,"Vande  te pitaraṃ bhadde, timbaruṃ sūriyavacchase;"
NULL,p45,247,100,gathalast,,"Yena jātāsi kalyāṇī, ānandajananī mama."
NULL,p45,248,100,bodytext,,"Evaṃ vutte bhagavā pañcasikhaṃ gandhabbadevaputtaṃ etadavoca. Saṃsandati kho te pañcasikha tantissaro gītassarena gītassaro ca tantissarena, naca pana te pañcasikha tantissaro gītassaraṃ ativattati gītassaro ca tantissaraṃ. Kadā saṃyūḷhā pana te pañcasikha vmi gāthā buddhūpasañhitā dhammūpasañhitā saṃyūpasañhitā arahantūpasañhitā kāmūpasañhitāti –"
NULL,p45,249,100,bodytext,,"Bhagavatā  pañcasikhassa okāso nakatoti devatā gahetvā tatova paṭinivatteyya. Tato mahājāniyo bhaveyya, vaṇṇe pana kathite kato bhagavatā pañcasikhassa okāsoti devatāhi saddhiṃ upasaṅkamitvā pañhaṃ pucchitvā vissajjanāvasāne asītiyā devatāsahassehi saddhiṃ sotāpattiphale patiṭṭhahissatīti ñatvā vaṇṇaṃ kathesi."
NULL,p45,250,100,bodytext,,"Atha  kho bhagavā sakkaṃ devānamindaṃ etadavoca ‘‘acchariyamidaṃ āyasmato kosiyassa, abbhutamidaṃ āyasmato kosiyassa tāva bahukiccassa bahukaraṇīyassa yadidaṃ idhāgamana’’nti."
NULL,p45,251,100,bodytext,,"Cirapaṭikāhaṃ bhante bhagavantaṃ dassanāya upasaṅkamitukāmo, api ca devānaṃ tāvatiṃsānaṃ kehici kehici kiccakaraṇīyehi byāvaṭo, evāhaṃ nāsakkhiṃ bhagavantaṃ dassanāya upasaṅkamituṃ."
NULL,p45,252,100,bodytext,,"Te  ‘‘tava santakā, mama santakā’’ti nicchetuṃ asakkontā aḍḍaṃ karonti, sakkaṃ devarājānaṃ pucchanti, so ‘‘yassa vimānaṃ āsannataraṃ, tassa santakā’’ti vadati."
NULL,p45,253,100,bodytext,,"Yassa  vimānaṃ olokentī ṭhitā, tassa santakāti vadati."
NULL,p45,254,100,bodytext,,"Idheva  bhante kapilavatthusmiṃ gopikā nāma sakyadhītā ahosi buddhe pasannā dhamme pasannā saṅghe pasannā sīlesu paripūrakārinī, sā itthittaṃ virājetvā purisattaṃ bhāvetvā kāyassa bhedā paraṃ maraṇā sugatiṃ saggaṃ lokaṃ upapannā."
NULL,p45,255,100,gatha1,,"Tassa  dhammassa pattiyā, āgatamhāsi mārisa;"
NULL,p45,256,100,gathalast,,"Katāvakāsā bhagavatā, pañhaṃ pucchemu mārisa."
NULL,p45,257,100,gatha1,,"Puccha vāsava maṃ pañhaṃ, yaṃ kiñci manasicchasi;"
NULL,p45,258,100,gathalast,,"Tassa tasseva pañhassa, ahaṃ antaṃ karomi te."
NULL,p45,259,100,bodytext,,"Kiṃ  saṃyojanā nu kho mārisa devā manussā asurā nāgā gandhabbā ye caññe santi puthukāyā, te averā adaṇḍā asapattā abyāpajjā viharemu averinoti iti ca nesaṃ hoti. Atha ca pana saverā sadaṇḍā sasapattā sabyāpajjā viharanti saverinoti."
NULL,p45,260,100,bodytext,,"Issāmacchariyasaṃyojanā  kho devānaminda devā manussā asurā nāgā gandhabbā yecaññe santi puthukāyā, te averā adaṇḍā asapattā abyāpajjā viharemu averinoti iti ca nesaṃhoti, atha ca pana saverā sadaṇḍā sasapattā sabyāpajjā viharanti saverinoti."
NULL,p45,261,100,bodytext,,"Issatīti  issā, sā parasampattīnaṃ usūyanalakkhaṇā, tattheva anabhiratirasā, tato vimukhabhāvapaccupaṭṭhānā, parasampatti padaṭṭhānā, saṃyojananti daṭṭhabbā."
NULL,p45,262,100,bodytext,,"Maccherabhāvo  macchariyaṃ, taṃladdhānaṃ vā labhitabbānaṃ vā attano sampattīnaṃ nigūhanalakkhaṇaṃ, tāsaṃyeva parehi sādhāraṇabhāva akkhamanarasaṃ, saṅkocanapaccupaṭṭhānaṃ, kaṭukañcukatā paccupaṭṭhānaṃ vā, attasampattipadaṭṭhānaṃ, cetaso virūpabhāvoti daṭṭhabbaṃ."
NULL,p45,263,100,bodytext,,"Kiṃ  vaṇṇo esoti taṃ taṃ dosaṃ vadanto pariyattiñca kassaci kiñci adento dubbaṇṇo ceva eḷamūgoca hoti."
NULL,p45,264,100,bodytext,,"Yāva  taṃ nappahīyati, tāva devamanussā averatādīni patthayantāpi verādīni naparimuccantiyeva."
NULL,p45,265,100,bodytext,,"Atha  kho sakko devānamindo bhagavantaṃ uttari pañhaṃ apucchi– "
NULL,p45,266,100,bodytext,,"Issāmacchariyaṃ pana mārisa kiṃ nidānaṃ kiṃ samudayaṃ kiṃ jātikaṃ kiṃ pabhavaṃ, kismiṃ sati issāmacchariyaṃ hoti, kismiṃ asati issāmacchariyaṃ na hotīti."
NULL,p45,267,100,bodytext,,"Issāmacchariyaṃ  kho devānaminda piyāppiyanidānaṃ piyāppiyasamudayaṃ piyāppiyajātikaṃ piyāppiyapabhavaṃ, piyāppiye sati issāmacchariyaṃ hoti, piyāppiye asati issāmacchariyaṃ nahotīti."
NULL,p45,268,100,bodytext,,"Na  sakkā dātuṃ, kilamissati vā ukkaṇṭhissati vātiādīni vatvā macchariyaṃ karoti."
NULL,p45,269,100,bodytext,,"Aho  vatassa evarūpaṃ na bhaveyyāti issaṃ karoti."
NULL,p45,270,100,bodytext,,"Mayampetaṃ mamāyantā na paribhuñjāma, na sakkā dātunti macchariya karoti."
NULL,p45,271,100,bodytext,,"Ṭhapetvā  maṃ ko añño evarūpassa lābhīti issaṃ vā karoti, yācito tāvakālikampi adadamāno macchariyaṃ vā karoti."
NULL,p45,272,100,bodytext,,"Piyāppiyaṃ kho pana mārisa kiṃnidānaṃ kiṃsamudayaṃ kiṃjātikaṃ kiṃpabhavaṃ, kismiṃ sati piyāppiyaṃ hoti, kismiṃ asati piyāppiyaṃ na hotīti."
NULL,p45,273,100,bodytext,,"Piyāppiyaṃ  kho devānaminda chandanidānaṃ chandasamudayaṃ chandajātikaṃ chandapabhavaṃ, chande sati piyāppiyaṃ hoti, chande asati piyāppiyaṃ na hotīti."
NULL,p45,274,100,bodytext,,"Chandanidānantiettha  pariyesanachando, paṭilābhachando, paribhoga chando, sannidhichando, vissajjanachandoti pañcavidho chando."
NULL,p45,275,100,bodytext,,"Ime  maṃ rakkhissanti gopissanti mamāyissanti samparivārayissantīti."
NULL,p45,276,100,bodytext,,"Chando kho pana mārisa kiṃnidāno kiṃsamudayo kiṃjātiko kiṃpabhavo, kismiṃ sati chando hoti, kismiṃ asati chando nahotīti. Chando kho devānaminda vitakkanidāno vitakkasamudayo vitakkajātiko vitakkapabhavo, vitakke sati chando hoti, vitakke asati chando na hotīti."
NULL,p45,277,100,bodytext,,"Ettakaṃ  rūpassa bhavissati, ettakaṃ saddassa, ettakaṃ gandhassa, ettakaṃ rasassa, ettakaṃ phoṭṭhabbassa bhavissati, ettakaṃ mayhaṃ bhavissati, ettakaṃ parassa bhavissati, ettakaṃ nidahissāmi, ettakaṃ parassa dassāmīti vavatthānaṃ vitakkavinicchayena hoti. Tenāha chando kho devānaminda vitakkanidānoti."
NULL,p45,278,100,bodytext,,"Kathaṃ  paṭipanno pana mārisa bhikkhu papañcasaññāsaṅkhānirodhasāruppagāminiṃ paṭipadaṃ paṭipanno hotīti."
NULL,p45,279,100,bodytext,,"Somanassaṃpāhaṃ  devānaminda duvidhena vadāmi sevitabbaṃpi asevitabbaṃpi. Domanassaṃpāhaṃ devānaminda duvidhena vadāmi sevitabbaṃpi asevitabbaṃpi. Upekkhaṃpāhaṃ devānaminda duvidhena vadāmi sevitabbaṃpi asevitabbaṃpi."
NULL,p45,280,100,bodytext,,"Kiṃ  pana bhagavatā pucchitaṃ kathitaṃ apucchitaṃ, sānusandhikaṃ ananusandhikanti."
NULL,p45,281,100,bodytext,,"Pucchitameva kathitaṃ no apucchitaṃ. Sānusandhikameva no ananusandhikaṃ."
NULL,p45,282,100,bodytext,,"Ime  pañcakkhandhā kiṃ hetukāti upaparikkhandho avijjādihetukāti passati."
NULL,p45,283,100,bodytext,,"Ahosukhaṃ  ahosukhanti vācaṃ nicchārayamānavasena uppajjati."
NULL,p45,284,100,bodytext,,"Ahodukkhaṃ  ahodukkhanti vippalāpayamānameva uppajjati."
NULL,p45,285,100,bodytext,,"‘‘Somanassaṃpāhaṃ  devānaminda duvidhena vadāmi sevitabbaṃpi asevitabbaṃpī’’ti itikho panetaṃ vuttaṃ, kiñcetaṃ paṭicca vuttaṃ. Tattha yaṃ jaññā somanassaṃ ‘‘imaṃ kho me somanassaṃ sevato akusalā dhammā abhivaḍḍhanti, kusalā dhammā parihāyantī’’ti, evarūpaṃ somanassaṃ na  sevitabbaṃ. Tattha yaṃ jaññā somanassaṃ ‘‘imaṃ kho me somanassaṃ sevato akusalā dhammā parihāyanti, kusalā dhammā abhivaḍḍhantī’’ti, evarūpaṃ somanassaṃ sevitabbaṃ. Tattha yaṃ ce savitakkaṃ savicāraṃ, yaṃce avitakkaṃ avicāraṃ, ye avitakke avicāre, te paṇītatare. ‘‘Somanassaṃpāhaṃ devānaminda duvidhena vadāmi sevitabbaṃpi asevitabbaṃpī’’ti iti yaṃ taṃ vuttaṃ, idametaṃ paṭicca vuttaṃ."
NULL,p45,286,100,bodytext,,"Na  laddhaṃ vata me sabrahmacārīhi saddhiṃ visuddhipavāraṇaṃ pavāretunti āvajjato domanassaṃ uppajjati, assudhārā pavattanti gāmanta pabbhāravāsī mahāsīvattherassa viya."
NULL,p45,287,100,bodytext,,"Amhākaṃ  ācariyo aññesaṃ avassayo hoti, attano bhavituṃ na sakkoti, ovādamassa dassāmīti ākāsena gantvā vihārasamīpe otaritvā divāṭṭhāne nisinnaṃ ācariyaṃ upasaṅkamitvā vattaṃ dassetvā ekamantaṃ nisīdi."
NULL,p45,288,100,bodytext,,"Kiṃ kāraṇā āgatosi piṇḍapātikāti āha."
NULL,p45,289,100,bodytext,,"Na  te tumhākaṃ anumodanāya atthoti ākāse uppatitvā agamāsi."
NULL,p45,290,100,bodytext,,"Imassa  bhikkhuno pariyattiyā kammaṃ natthi, mayhaṃ pana aṅkusako bhavissāmīti āgatoti ñatvā idāni okāso na bhavissati, paccūsakāle gamissāmīti pattacīvaraṃ samīpe katvā sabbaṃ divasabhāgaṃ paṭhamayāma majjhimayāmañca dhammaṃ vācetvā pacchimayāme ekasmiṃ there uddesaṃ gahetvā nikkhante pattacīvaraṃ gahetvā teneva saddhiṃ nikkhanto."
NULL,p45,291,100,bodytext,,"Tato  ‘‘na mañce mayhaṃ catūhi iriyāpathehi maggaphalaṃ uppajjissati arahattaṃ apatvā neva mañce piṭṭhiṃ pasāressāmi, na pāde dhovissāmīti mañcaṃ ussāpetvā ṭhapesi."
NULL,p45,292,100,bodytext,,"Idāni  me tiṃsavassāni samaṇadhammaṃ karontassa, nāsakkhiṃ arahattaṃ pāpuṇituṃ, addhā me imasmiṃ attabhāve maggovā phalaṃvā natthi, na me laddhaṃ sabrahmacārīhi saddhiṃ visuddhipavāraṇaṃ pavāretunti cintesi."
NULL,p45,293,100,bodytext,,"Bho  mahāsīvatthera devatāpi tayā saddhiṃ keḷiṃ karonti, anucchavikaṃ nu kho te etanti vipassanaṃ vaḍḍhetvā saha paṭisambhidāhi arahattaṃ aggahesi. So idāni nipajjissāmīti senāsanaṃ paṭijaggitvā mañcakaṃ paññapetvā udakaṭṭhāne udakaṃ paccupaṭṭhapetvā pāde dhovissāmīti sopānaphalake nisīdi."
NULL,p45,294,100,bodytext,,"Apetha  bhante mātugāmoti okāsaṃ kāretvā theraṃ upasaṅkamitvā vanditvā purato ukkuṭiko nisīditvā pāde dhovissāmīti āha."
NULL,p45,295,100,gatha1,,"Te  paṇītatarā devā,"
NULL,p45,296,100,gatha2,,"Akaniṭṭhā yasassino;"
NULL,p45,297,100,gatha3,,"Antime vattamānamhi,"
NULL,p45,298,100,gathalast,,"So nivāso bhavissati;"
NULL,p45,299,100,bodytext,,"Dhammadāyādā  me bhikkhave bhavatha, mā āmisadāyādā, atthi me tumhesu anukampā, kinti me sāvakā dhammadāyādā bhaveyyuṃ, no āmisadāyādāti. Tumhe ca bhikkhave āmisadāyādā bhaveyyātha, no dhammadāyādā. Tumhepi tena ādiyā bhaveyyātha, āmisa dāyādā satthusāvakā viharanti, no dhammadāyādāti. Ahampitena ādiyo bhaveyyaṃ āmisadāyādā satthu sāvakā viharanti, no dhammadāyādāti. Tumhe ca me bhikkhave dhammadāyādā bhaveyyātha no āmisadāyādā. Tumhepi tena ādiyā bhaveyyātha dhammadāyādā satthu sāvakā viharanti, no āmisadāyādāti. Ahampi tena na ādiyo bhaveyyaṃ. Dhammadāyādā satthu sāvakā viharanti, no āmisadāyādāti. Tasmātiha me bhikkhave dhammadāyādā bhavatha, mā āmisadāyādā, atthime tumhesu anukampā, kinti me sāvakā dhammadāyādā bhaveyyuṃ, no āmisadāyādāti."
NULL,p45,300,100,bodytext,,"Kahaṃ  buddho kahaṃ bhagavā kahaṃ devadevo narāsabho purisasīhoti bhagavantaṃ pariyesanti."
NULL,p45,301,100,bodytext,,"Vuttampicetaṃ  ‘‘tena kho pana samayena bhagavā sakkato hoti garukato mānito pūjito apacito lābhī cīvara piṇḍapātasenāsanagilānapaccayabhesajjaparikkhārānaṃ, bhikkhusaṅghopi kho sakkato hoti…pe… parikkhārāna’’nti."
NULL,p45,302,100,bodytext,,"Yāvatā kho cunda etarahi saṅgho vā gaṇo vā loke uppanno, nāhaṃ cunda aññaṃ ekasaṅghampi samanupassāmi, evaṃ lābhagga yasaggapattaṃ, yathariva cunda bhikkhusaṅghoti."
NULL,p45,303,100,bodytext,,"Amhākaṃ  ācariyassa detha, upajjhāyassa dethāti uccāsadda mahāsaddaṃ karonti. Sā ca nesaṃ pavatti bhagavatopi pākaṭā ahosi. Tato bhagavā ananucchavikanti dhammasaṃvegaṃ uppādetvā cintesi."
NULL,p45,304,100,bodytext,,"Paccayā akappiyāti na sakkā sikkhāpadaṃ paññapetuṃ. Paccayapaṭibaddhā hi kulaputtānaṃ samaṇadhammavutti. Handāhaṃ dhammadāyādapaṭipadaṃ desemi."
NULL,p45,305,100,bodytext,,"Sā  sikkhākāmānaṃ kulaputtānaṃ sikkhāpadapaññatti viya bhavissati nagaradvāre ṭhapitasabbakāyikaādāso viya ca, yathā hi nagara dvāre ṭhapite sabbakāyike ādāse cattāro vaṇṇā attano chāyaṃ disvā vajjaṃ pahāya niddosā honti."
NULL,p45,306,100,bodytext,,"So  hi brāhmaṇa bhagavā anuppannassa maggassa uppādetā, asañjātassa maggassa sañjanetā, anakkhātassa maggassa akkhātā, maggaññū maggavidū maggakovidotica. So hāvuso bhagavā jānaṃ jānāti, passaṃ passati cakkhubhūto ñāṇabhūto dhammabhūto brahmabhūto vattā pavattā atthassa ninnetā amatassa dātā dhammassāmī tathāgatotica, …."
NULL,p45,307,100,bodytext,,"Paṇītena  khādanīyena bhojanīyena sahatthā santappesi sampavāresi."
NULL,p45,308,100,bodytext,,"Are  tvaṃ sugatātirittampi piṇḍapātaṃ paṭikkhipitvā īdisaṃ icchaṃ uppādesi."
NULL,p45,309,100,bodytext,,"Dubbharo  bhikkhu na sakkā posituṃ."
NULL,p45,310,100,bodytext,,"Amhākaṃ  bhadanto subharo thokenapi tussati, mayameva naṃ posissāmāti paṭiññaṃ katvā posenti."
NULL,p45,311,100,bodytext,,"‘‘Are  tvaṃ nāma tadā sugatātirittampi piṇḍapātaṃ paṭikkhipitvā tathā jighacchādubbalyaparetopi samaṇadhammaṃ katvā ajja kosajjamanuyuñjasi’’ –"
NULL,p45,312,100,bodytext,,"Yā  ca kho ānandakathā abhisallekhitā cetovinīvaraṇasappāyā ekantanibbidāya virāgāya nirodhāya upasamāya abhiññāya sambodhāya nibbānāya saṃvattati. Seyyathidaṃ appicchakathāti …,."
NULL,p45,313,100,bodytext,,"Idamavoca  bhagavā, idaṃ vatvāna sugato uṭṭhāyāsanā vihāraṃ pāvisi."
NULL,p45,314,100,bodytext,,"Imaṃ  mayā saṃkhittena uddesaṃ uddiṭṭhaṃ vitthārena avibhattaṃ, dhammapaṭiggāhakā bhikkhū uggahetvā ānandaṃ vā kaccānaṃ vā upasaṅkamitvā pucchissanti, te mayhaṃ ñāṇena saṃsandetvā kathessanti, tato dhammapaṭiggāhakā puna maṃ pucchissanti, tesaṃ ahaṃ sukathitaṃ bhikkhave ānandena, sukathitaṃ kaccānena, maṃ cepi tumhe ekamatthaṃ puccheyyātha, ahampi naṃ evameva byākareyyanti."
NULL,p45,315,4,subhead,Cūḷagosiṅgasutta,Cūḷagosiṅgasutta
NULL,p45,316,100,bodytext,,"Evaṃ  me sutaṃ ekaṃ samayaṃ bhagavā nātike viharati giñjakāvasathe, tena kho pana samayena āyasmā ca anuruddho āyasmā ca nandiyo āyasmā ca kimilo gosiṅgasālavanadāye viharanti. Athakho bhagavā sāyanhasamayaṃ paṭisallānā vuṭṭhito yena gosiṅgasālavanadāyo, tenupasaṅkami. Addasā kho dāyapālo bhagavantaṃ dūratova āgacchantaṃ. Disvāna bhagavantaṃ etadavoca ‘‘mā mahāsamaṇa etaṃ dāyaṃ pāvisi, santettha tayo kulaputtā attakāmarūpā viharanti, mā tesaṃ aphāsukamakāsī’’ti."
NULL,p45,317,100,bodytext,,"Ahaṃ  ime kulaputte paggaṇhitvā ukkaṃsitvā paṭisanthāraṃ katvā dhammaṃ nesaṃ desessāmīti."
NULL,p45,318,100,bodytext,,"Assosi  kho āyasmā anuruddho dāyapālassa bhagavatā saddhiṃ mantayamānassa. Sutvāna dāyapālaṃ etadavoca, mā āvuso dāyapāla bhagavantaṃ vāresi, satthā no bhagavā anuppattoti."
NULL,p45,319,100,bodytext,,"Mayaṃ  tayo janā idha viharāma, aññe pabbajitā nāma natthi, ayañca dāyapālo pabbajitena viya saddhiṃ katheti, ko nu kho bhavissatīti."
NULL,p45,320,100,bodytext,,"Ayaṃ  dāyapālo phaṇakataṃ āsivisaṃ gīvāya gahetuṃ hatthaṃ pasārentoviya loke aggapuggalena saddhiṃ kathentova na jānāti, aññatarabhikkhunā viya saddhiṃ kathetīti."
NULL,p45,321,100,bodytext,,"Mayaṃ  tayo janā samaggavāyaṃ vasāma. Sacāhaṃ ekakova paccuggamanaṃ karissāmi. Samaggavāso nāma na bhavissatīti piyamitte gahetvāva paccuggamanaṃ karissāmi. Yathā ca bhagavā mayhaṃ piyo, evaṃ sahāyānampi me piyoti, tehi saddhiṃ paccuggamanaṃ kātukāmo sayaṃ akatvāva upasaṅkami."
NULL,p45,322,100,bodytext,,"Tassa  mayhaṃ bhante evaṃ hoti, yaṃ nūnāhaṃ sakaṃ cittaṃ nikkhipitvā imesaṃyeva āyasmantānaṃ cittassa vasena vatteyyanti. So kho ahaṃ bhante sakaṃ cittaṃ nikkhipitvā imesaṃyeva āyasmantānaṃ cittassa vasena vattāmi, nānāhi kho no bhante kāyā ekañca pana maññe cittanti."
NULL,p45,323,100,bodytext,,"Sādhu  sādhu anuruddhā, kacci pana vo anuruddhā appamattā ātāpino pahitattā viharathāti."
NULL,p45,324,100,bodytext,,"Taggha mayaṃ bhante appamattā ātāpino pahitattā viharāmāti."
NULL,p45,325,100,bodytext,,"Yathā  kathaṃ pana tumhe anuruddhā appamattā ātāpino pahitattā viharathāti."
NULL,p45,326,100,bodytext,,"Atthi  pana vo anuruddhā evaṃ appamattānaṃ ātāpīnaṃ pahitattānaṃ viharantānaṃ uttarimanussadhammā alamariyañāṇadassanaviseso adhigato phāsuvihāroti."
NULL,p45,327,100,bodytext,,"Kiṃ  hi no siyā bhante. Idha mayaṃ bhante yāvadeva ākaṅkhāma, vivicceva kāmehi vivicca akusalehi dhammehi savitakkaṃ savicāraṃ vivekajaṃ pītisukhaṃ paṭhamaṃ jhānaṃ upasampajja viharāma, ayaṃ kho no bhante amhākaṃ appamattānaṃ ātāpīnaṃ pahitattānaṃ viharantānaṃ uttarimanussadhammā alamariyañāṇadassanaviseso adhigato phāsuvihāroti."
NULL,p45,328,4,subhead,"Sagāthāvaggasaṃyutta aṭṭhakathā","Sagāthāvaggasaṃyutta aṭṭhakathā"
NULL,p45,329,4,subhead,Yakkhasaṃyutta,Yakkhasaṃyutta
NULL,p45,330,4,subhead,Āḷavakasutta,Āḷavakasutta
NULL,p45,331,100,bodytext,,"Evaṃ  me sutaṃ ekaṃ samayaṃ bhagavā āḷaviyaṃ viharati āḷavakassa yakkhassa bhavane."
NULL,p45,332,100,bodytext,,"Nāsakkhi  migaṃ gahetunti apavādamocanatthaṃ kājenādāya āgacchanto nagarassāvidūre bahalapattapalāsaṃ mahānigrodhaṃ disvā parissamavinodanatthaṃ tassa mūlamupagato."
NULL,p45,333,100,bodytext,,"Ye  ye vajjā honti, te te sandhāya ‘‘yo jīvitatthiko, so nikkhamatū’’ti bhaṇati."
NULL,p45,334,100,bodytext,,"Rājā  core gahetvā yakkhassa detīti manussā corakamma to paṭiviratā. Tato aparena samayena navacorānaṃ abhāvena purāṇacorānañca parikkhayena bandhanāgārāni suññāni ahesuṃ."
NULL,p45,335,100,bodytext,,"Rājā  amhākaṃ pitaraṃ amhākaṃ pitāmahaṃ pesetīti manussā khobhaṃ karissanti, mā vo etaṃ ruccīti vāresi."
NULL,p45,336,100,bodytext,,"Natthi  deva nagare dārako ṭhapetvā antepure tava puttaṃ āḷavakakumāranti."
NULL,p45,337,100,bodytext,,"Atha  kho āḷavako yakkho yena bhagavā tenupasaṅkami, upasaṅkamitvā bhagavantaṃ etadavoca nikkhama samaṇāti. Sādhāvusoti bhagavā nikkhami. Pavisa samaṇāti. Sādhāvusoti bhagavā pāvisi. Dutiyampi kho oḷavako yakkho bhagavantaṃ etadavoca nikkhama samaṇāti. Sādhāvusoti bhagavā nikkhami. Pavisa samaṇāti. Sādhāvusoti bhagavā pāvisi. Tatiyampi kho āḷavako yakkho bhagavantaṃ etadavoca nikkhama samaṇāti. Sādhāvusoti bhagavā nikkhami. Pavisa samaṇāti. Sādhāvusoti bhagavā pāvisi. Catutthampi kho āḷavako yakkho bhagavantaṃ etadavoca nikkhama samaṇāti. Na khvāhaṃ taṃ āvuso nikkhamissāmi. Yaṃ te karaṇīyaṃ, taṃ karohīti. Pañhaṃ taṃ samaṇa pucchissāmi, sace me na byākarissasi, cittaṃ vā te khipissāmi, hadayaṃ vā te phālessāmi, pādesu vā gahetvā pāragaṅgāya khipissāmīti. Na khvāhaṃ taṃ āvuso passāmi sadevake loke samārake sabrahmake sassamaṇabrāhmaṇiyā pajāya sadevamanussāya, yo me cittaṃ vā khipeyya hadayaṃ vā phāleyya pādesu vā gahetvā pāragaṅgāya khipeyya. Apica tvaṃ āvuso puccha yadā kaṅkhasīti."
NULL,p45,338,100,bodytext,,"Ko  so bhagavānāma, yo mama bhavanaṃ paviṭṭhoti āha."
NULL,p45,339,100,bodytext,,"Na tvaṃ āvuso jānāsi bhagavantaṃ amhākaṃ satthāraṃ, yo tusitabhavane ṭhito pañcamahāvilokitaṃ viloketvātiādinā nayena yāva dammacakkapavattanā kathentā paṭisandhiādīsu dvattiṃsapubbanimittāni vatvā imānipi tvaṃ āvuso acchariyāni nāddasāti codesuṃ."
NULL,p45,340,100,bodytext,,"Passatha  dāni tumhākaṃ vā satthā mahānubhāvo, ahaṃ vāti dakkhiṇapādena saṭṭhiyojanamattaṃ kelāsapabbatakūṭaṃ akkami."
NULL,p45,341,100,bodytext,,"Yaṃ  nūnāhaṃ kenaci ajeyyaṃ dussāvudhaṃ muñceyyanti."
NULL,p45,342,100,bodytext,,"Idaṃ  kāraṇaṃ mettāvihārayutto samaṇo, handa naṃ rosetvā mettāya viyojemīti iminā sambandhenetaṃ vuttaṃ, atha kho āḷavako yakkho yena bhagavā…pe… nikkhama samaṇāti."
NULL,p45,343,100,bodytext,,"‘‘Subbaco  vatāyaṃ samaṇo ekavacaneneva nikkhanto, evaṃ nāma nikkhametuṃ sukhaṃ samaṇaṃ akāraṇenevāhaṃ sakalarattiṃ yuddhena abbhuyyāsinti muducitto hutvā puna cintesi –"
NULL,p45,344,100,bodytext,,"Subbaco  ayaṃ samaṇo nikkhamāti vutto nikkhamati. Pavisāti vutto pavisati. Yaṃnūnāhaṃ imaṃ samaṇaṃ evameva sakalarattiṃ kilametvā pāde gahetvā pāragaṅgāya khipeyyanti pāpakaṃ cittaṃ uppādetvā catutthavāraṃ āha nikkhama samaṇāti."
NULL,p45,345,100,gatha1,,"Kiṃ  sūdha vittaṃ purisassa seṭṭhaṃ,"
NULL,p45,346,100,gatha2,,"Kiṃsu suciṇṇaṃ sukhamāvahāti;"
NULL,p45,347,100,gatha3,,"Kiṃsu have sādutaraṃ rasānaṃ,"
NULL,p45,348,100,gathalast,,"Kathaṃ jīviṃ jīvitamāhu seṭṭhanti;"
NULL,p45,349,100,gatha1,,"Saddhīdha  vittaṃ purisassa seṭṭhaṃ,"
NULL,p45,350,100,gatha2,,"Dhammo suciṇṇo sukhamāvahāti;"
NULL,p45,351,100,gatha3,,"Saccaṃ have sādutaraṃ rasānaṃ,"
NULL,p45,352,100,gathalast,,"Paññājīviṃ jīvitamāhu seṭṭhanti."
NULL,p45,353,100,gatha1,,"Saddho  sīlena sampanno,"
NULL,p45,354,100,gatha2,,"Yaso bhogasamappito;"
NULL,p45,355,100,gatha3,,"Yaṃ yaṃ padesaṃ bhajati,"
NULL,p45,356,100,gathalast,,"Tattha tattheva pūjitoti vacanato –"
NULL,p45,357,100,gatha1,,"Saccena  vācenudakampi dhāvati,"
NULL,p45,358,100,gatha2,,"Visampi saccena hananti paṇḍitā;"
NULL,p45,359,100,gatha3,,"Saccena devo thanayaṃ pavassati,"
NULL,p45,360,100,gathalast,,"Sacce ṭhitā nibbutiṃ patthayanti."
NULL,p45,361,100,gatha1,,"Yekecime atthi rasā pathabyā,"
NULL,p45,362,100,gatha2,,"Saccaṃ tesaṃ sādutaraṃ rasānaṃ;"
NULL,p45,363,100,gatha3,,"Sacce ṭhitā samaṇabrāhmaṇā ca,"
NULL,p45,364,100,gathalast,,"Taranti jātimaraṇassa pāranti."
NULL,p45,365,100,gatha1,,"Kathaṃsu  tarati oghaṃ, kathaṃsu tarati aṇṇavaṃ;"
NULL,p45,366,100,gathalast,,"Kathaṃsu dukkhamacceti, kathaṃsu parisujjhati."
NULL,p45,367,100,gatha1,,"Saddhāya  tarati oghaṃ, appamādena aṇṇavaṃ;"
NULL,p45,368,100,gathalast,,"Vīriyena dukkhamacceti, paññāya parisujjhati."
NULL,p45,369,100,gatha1,,"Kathaṃsu  labhate paññaṃ, kathaṃsu vindate dhanaṃ;"
NULL,p45,370,100,gatha2,,"Kathaṃsu kittiṃ pappoti, kathaṃ mittāni ganthati;"
NULL,p45,371,100,gathalast,,"Asmā lokā paraṃ lokaṃ, kathaṃ pecca na socatīti– "
NULL,p45,372,100,gatha1,,"Saddahāno  arahataṃ, dhammaṃ nibbānapattiyā;"
NULL,p45,373,100,gathalast,,"Sussūsaṃ labhate paññaṃ, appamatto vicakkhaṇo."
NULL,p45,374,100,gatha1,,"Patirūpakārī  dhuravā, uṭṭhātā vindate dhanaṃ;"
NULL,p45,375,100,gathalast,,"Saccena kittiṃ pappoti, dadaṃ mittāni ganthati."
NULL,p45,376,100,bodytext,,"Asmā loko paraṃ lokaṃ, evaṃ pecca na socati."
NULL,p45,377,100,gatha1,,"Yassete  caturo dhammā,"
NULL,p45,378,100,gatha2,,"Saddhassa gharamesino;"
NULL,p45,379,100,gatha3,,"Saccaṃ dammo dhiti cāgo,"
NULL,p45,380,100,gathalast,,"Sa ve pecca na socati;"
NULL,p45,381,100,gatha1,,"Iṅgha  aññepi pucchassu,"
NULL,p45,382,100,gatha2,,"Puthū samaṇabrāhmaṇe;"
NULL,p45,383,100,gatha3,,"Yadi saccā dhammā cāgā,"
NULL,p45,384,100,gathalast,,"Khantyā bhiyyodha vijjhati."
NULL,p45,385,100,gatha1,,"Kathaṃ  nu dāni puccheyyaṃ, puthū samaṇabrāhmaṇe;"
NULL,p45,386,100,gathalast,,"Yohaṃ ajja pajānāmi, yo attho samparāyiko."
NULL,p45,387,100,gatha1,,"Atthāya  vata me buddho, vāsāyāḷavimāgamā;"
NULL,p45,388,100,gathalast,,"Yohaṃ ajja pajānāmi, yattha dinnaṃ mahapphalaṃ."
NULL,p45,389,100,gatha1,,"So  ahaṃ vicarissāmi, gāmā gāmaṃ purā puraṃ;"
NULL,p45,390,100,gathalast,,"Namassamāno sambuddhaṃ, dhammassa ca sudhammataṃ."
NULL,p45,391,100,gatha1,,"Imaṃ  kumāraṃ satapuññalakkhaṇaṃ,"
NULL,p45,392,100,gatha2,,"Sabbaṅgupetaṃ paripuṇṇabyañjanaṃ;"
NULL,p45,393,100,gatha3,,"Udaggacitto sumano dadāmi te,"
NULL,p45,394,100,gathalast,,"Paṭiggaha lokahitāya cakkhumāti."
NULL,p45,395,100,gatha1,,"Dīghāyuko  hotu ayaṃ kumāro,"
NULL,p45,396,100,gatha2,,"Tuvañca yakkha sukhito bhavāhi;"
NULL,p45,397,100,gatha3,,"Abyādhitā lokahitāya tiṭṭhatha;"
NULL,p45,398,100,gathalast,,"Ayaṃ kumāro saraṇamupeti buddhaṃ…pe… dhammaṃ…pe… saṅghaṃ."
NULL,p45,399,4,subhead,"Mahāvaggasaṃyutta aṭṭhakathā","Mahāvaggasaṃyutta aṭṭhakathā"
NULL,p45,400,100,bodytext,,"Ekaṃ  samayaṃ bhagavā sāvatthiyaṃ viharati jetavane anāthapiṇḍikassa ārāme. Tena kho pana samayena āyasmā sāriputto magadhesu viharati nālakagāmake ābādhiko dukkhito bāḷhagilāno. Cundo ca samaṇuddeso āyasmato sāriputtassa upaṭṭhāko hoti."
NULL,p45,401,100,bodytext,,"Atha kho āyasmā sāriputto teneva ābādhena parinibbāyi. Atha kho cundo samaṇuddeso āyasmato sāriputtassa pattacīvaramādāya yena sāvatthi jetavanaṃ anāthapiṇḍikassa ārāmo, yenā yasmā ānando tenupasaṅkami, upasaṅkamitvā āyasmantaṃ ānandaṃ abhivādetvā ekamantaṃ nisīdi, ekamantaṃ nisinno kho cundo samaṇuddeso āyasmantaṃ ānandaṃ etadavoca ‘‘āyasmā bhante sāriputto parinibbuto, idamassa pattacīvara’’nti. Atthi kho idaṃ āvuso cunda kathā pābhataṃ bhagavantaṃ dassanāya, āyāmāvuso cunda, yena bhagavā tenupasaṅkamissāma, upasaṅkamitvā bhagavato etamatthaṃ ārocessāmāti. ‘‘Evaṃ bhante’’ti kho cundo samaṇuddeso āyasmato ānandassa paccassosi."
NULL,p45,402,100,bodytext,,"Buddhā  nu kho paṭhamaṃ parinibbāyanti, udāhu aggasāvakāti."
NULL,p45,403,100,bodytext,,"Anujānātu  me bhante bhagavā, anujānātu sugato. Parinibbāna kālo me, ossaṭṭho me āyusaṅkhāroti."
NULL,p45,404,100,bodytext,,"Kattha  parinibbāyissasi sāriputtāti."
NULL,p45,405,100,bodytext,,"Atthi bhante magadhesu nālakagāme jātovarako, tatthāhaṃ parinibbāyissāmīti."
NULL,p45,406,100,bodytext,,"Yassa dāni tvaṃ sāriputta kālaṃ maññasi, idāni pana te jeṭṭhakaniṭṭha bhātikānaṃ tādisassa bhikkhuno dassanaṃ dullabhaṃ bhavissati, desehi nesaṃ dhammanti āha."
NULL,p45,407,100,bodytext,,"Athakho  āyasmā ca ānando cundo ca samaṇuddeso yena bhagavā tenupasaṅkamiṃsu, upasaṅkamitvā bhagavantaṃ abhivādetvā ekamantaṃ nisīdiṃsu, ekamantaṃ nisinno kho āyasmā ānando bhagavantaṃ etadavoca ‘‘ayaṃ bhante cundo samaṇuddeso ‘evamāha āyasmā bhante sāriputto  parinibbuto, idamassa pattacīvara’nti. Apica me bhante ‘madhuraka jāto viya kāyo, disāpi me na pakkhāyanti, dhammāpi maṃ nappaṭibhanti āyasmā sāriputto parinibbuto’ti’’ sutvā– "
NULL,p45,408,100,gatha1,,"Appakenapi  medhāvī, pābhatena vicakkhaṇo;"
NULL,p45,409,100,gathalast,,"Samuṭṭhāpeti attānaṃ, aṇuṃ aggiṃva sandhamanti."
NULL,p45,410,100,gatha1,,"Yo  pabbajī jātisatāni pañca,"
NULL,p45,411,100,gatha2,,"Pahāya kāmāni manoramāni;"
NULL,p45,412,100,gatha3,,"Taṃvītarāgaṃ susamāhitindriyaṃ;"
NULL,p45,413,100,gathalast,,"Parinibbutaṃ vandatha sāriputtaṃ."
NULL,p45,414,100,gatha1,,"Khantibalo pathavisamo na kuppati,"
NULL,p45,415,100,gatha2,,"Nacāpi cittassa vasena vattati;"
NULL,p45,416,100,gatha3,,"Anukampako kāruṇiko ca nibbuto,"
NULL,p45,417,100,gathalast,,"Parinibbutaṃ vandatha sāriputtaṃ."
NULL,p45,418,100,gatha1,,"Caṇḍālaputto  yathā nagaraṃ paviṭṭho,"
NULL,p45,419,100,gatha2,,"Nīcamano carati kaḷopihattho;"
NULL,p45,420,100,gatha3,,"Tathā ayaṃ viharati sāriputto,"
NULL,p45,421,100,gathalast,,"Parinibbutaṃ vandatha sāriputtaṃ."
NULL,p45,422,100,gatha1,,"Usabho yathā chinnavisāṇako,"
NULL,p45,423,100,gatha2,,"Aheṭṭhayanto carati purantare vane;"
NULL,p45,424,100,gatha3,,"Tathā ayaṃ viharati sāriputto;"
NULL,p45,425,100,gathalast,,"Parinibbutaṃ vandatha sāriputtanti."
NULL,p45,426,100,bodytext,,"Apica  me bhante madhurakajāto viya kāyo."
NULL,p45,427,100,bodytext,,"Kiṃ  nukho te ānanda sāriputto sīlakkhandhaṃ vā ādāya parinibbuto, samādhikkhandhaṃ vā ādāya parinibbuto, paññākkhandhaṃ vā ādāya parinibbuto, vimuttikkhandhaṃ vā ādāya parinibbuto, vimutti ñāṇadassanakkhandhaṃ vā ādāya parinibbutoti."
NULL,p45,428,100,bodytext,,"Nanu  taṃ ānanda mayā paṭikacceva akkhātaṃ sabbehi piyehi manā pehi nānābhāvo vinābhāvo aññathābhāvo, taṃ kutettha ānanda labbhā ‘‘yaṃ taṃ jātaṃ bhūtaṃ saṅkhataṃ palokadhammaṃ, taṃ vata māpalujjī’’ti netaṃ ṭhānaṃ vijjati."
NULL,p45,429,4,subhead,Dasakaniddesa,Dasakaniddesa
NULL,p45,430,100,bodytext,,"Tattha  katamaṃ tathāgatassa ṭhānañca ṭhānato aṭṭhānañca aṭṭhānato yathābhūtaṃ ñāṇaṃ. Idha tathāgato ‘‘aṭṭhānametaṃ anavakāso yaṃ diṭṭhisampanno puggalo kañci saṅkhāraṃ niccato upagaccheyya netaṃ ṭhānaṃ vijjatī’’ti pajānāti, ‘‘ṭhānañca kho etaṃ vijjati yaṃ puthujjano kañci saṅkhāraṃ niccato upagaccheyya ṭhānametaṃ vijjatī’’ti –"
NULL,p45,431,100,gatha1,,"Kammato  dvārato ceva;"
NULL,p45,432,100,gatha2,,"Kappaṭṭhitiyato tathā;"
NULL,p45,433,100,gatha3,,Pākasādhāraṇādīhi;
NULL,p45,434,100,gathalast,,"Viññātabbo vinicchayo."
NULL,p45,435,100,bodytext,,"Mayā  bhante uppanno coro na sakkā paṭibāhituṃ, saṅgho parasamuddaṃ gacchatu, ahaṃ samuddārakkhaṃ karissāmīti."
NULL,p45,436,100,bodytext,,"Āvuso mahāsoṇa abhiruha mahāulumpanti."
NULL,p45,437,100,bodytext,,"Nāhaṃ  bhante tumhesu agacchantesu gamissāmīti yāvatatiyaṃ kathetvāpi theraṃ āropetuṃ asakkontā nivattiṃsu."
NULL,p45,438,100,bodytext,,"Evarūpassa  nāma lābhaggayasaggappattassa sarīradhātunicayaṭṭhānaṃ anāthaṃ jātanti cintayamāno nisīdi."
NULL,p45,439,100,bodytext,,"Bhante  etaṃ paṇṇakhādakamanussānaṃ vasanaṭṭhānaṃ, dhūmo paññāyati, ahaṃ purato gamissāmīti theraṃ vanditvā attano bhavanaṃ agamāsi. Thero sabbampi bhayakālaṃ paṇṇakhādakamanusse nissāya vasi."
NULL,p45,440,100,bodytext,,"Āvuso mahāsoṇa bhikkhāhāro paññāyatīti vatvā pattacīvaraṃ āropetvā cīvaraṃ pārupitvā pattaṃ nīharitvā aṭṭhāsi."
NULL,p45,441,100,bodytext,,"Mahāsoṇatthero  pañcabhikkhusataparivāro maṇḍalārāmavihāraṃ patto, ekeko navahatthasāṭakena saddhiṃ ekekakahāpaṇagghanakaṃ piṇḍapātaṃ detūti manusse avocuṃ."
NULL,p45,442,100,bodytext,,"Anāyatane  naṭṭhānaṃ attabhāvānaṃ pamāṇaṃ natthi, buddhānaṃ upaṭṭhānaṃ karissāmīti cetiyaṅgaṇaṃ gantvā appaharitaṃ karoti."
NULL,p45,443,100,bodytext,,"Mayaṃ  tāva mahallakā, idaṃ nāma bhavissatīti na sakkā jānituṃ, tuvaṃ attānaṃ rakkheyyāsīti."
NULL,p45,444,100,bodytext,,"Kahaṃ  vattabbakanigrodhatthero, kahaṃ vattabbakanigrodhattheroti pucchitvā tassa santikaṃ agamaṃsu."
NULL,p45,445,100,bodytext,,"Kiṃ  thero piyāyatīti."
NULL,p45,446,100,bodytext,,"Kīdiso theroti."
NULL,p45,447,100,bodytext,,"Dhammasakaṭassa  akkho bhijjati akkho bhijjatīti paridevamāno vicari."
NULL,p45,448,4,subhead,"8. Sammappadhānavibhaṅga","8. Sammappadhānavibhaṅga"
NULL,p45,449,4,subhead,"1. Suttantabhājanīyavaṇṇanā","1. Suttantabhājanīyavaṇṇanā"
NULL,p45,450,100,bodytext,,"Cattārome  āvuso sammappadhānā. Katame cattāro. Idhāvuso bhikkhu anuppannā me pāpakā akusalā dhammā uppajjamānā anatthāya saṃvatteyyunti ātappaṃ karoti, uppannā me pāpakā akusalā dhammā appahīyamānā anatthāya saṃvatteyyunti ātappaṃ karoti, anuppannā me kusalā dhammā anuppajjamānā anatthāya saṃvatteyyunti ātappaṃ karoti, anuppannā me kusalā dhammā anuppajjamānā anatthāya saṃvatteyyunti ātappaṃ karoti, uppannā me kusalā dhammā nirujjhamānā anatthāya saṃvatteyyunti ātappaṃ karotīti."
NULL,p45,451,100,bodytext,,"Upajjhāyo  me ativiya pasannacitto vandati, kiṃ nu kho pupphāni labhitvā pūjaṃ kareyyāsīti cintesi."
NULL,p45,452,100,bodytext,,"‘‘Kadā  āgatosīti pucchi’’"
NULL,p45,453,100,bodytext,,"Tvaṃ  amhe uccākulāti sallakkhesi."
NULL,p45,454,4,subhead,"16. Ñāṇavibhaṅga","16. Ñāṇavibhaṅga"
NULL,p45,455,4,subhead,"10. Dasakaniddesavaṇṇanā","10. Dasakaniddesavaṇṇanā"
NULL,p45,456,4,subhead,"Ekissā lokadhātuyā","Ekissā lokadhātuyā"
NULL,p45,457,100,bodytext,,"Aṭṭhānametaṃ  anavakāso yaṃ ekissā lokadhātuyā dve arahanto sammāsambuddhā apubbaṃ acarimaṃ uppajjeyyuṃ, netaṃ ṭhānaṃ vijjatīti pajānāti."
NULL,p45,458,100,bodytext,,"Ajja  satthā parinibbāyati, ajja sāsanaṃ osakkati, pacchimadassanaṃ dāni idaṃ amhākanti dasabalassa parinibbutadivasato mahantataraṃ kāruññaṃ karissanti."
NULL,p45,459,100,bodytext,,"Ekapuggalo  bhikkhave loke uppajjamāno uppajjati acchariyamanusso, katamo ekapuggalo tathāgato bhikkhave arahaṃ sammāsambuddhoti."
NULL,p45,460,4,subhead,Jhānavibhaṅga,Jhānavibhaṅga
NULL,p45,461,4,subhead,Suttantabhājanīya,Suttantabhājanīya
NULL,p45,462,100,bodytext,,"Abhikkante  paṭikkante sampajānakārī hoti."
NULL,p45,463,100,gatha1,,"Sato  sampajāno abhikkamati,"
NULL,p45,464,100,gathalast,,"Sato sampajāno paṭikkamatīti vuttaṃ."
NULL,p45,465,100,bodytext,,"Kinnū me ettha gatena attho atthi natthīti atthānatthaṃ pariggahetvā atthapariggaṇhanaṃ sātthakasampajaññaṃ."
NULL,p45,466,100,bodytext,,"Āmisatopi  vaḍḍhi atthoyeva, taṃ nissāya brahmacariyā nuggahāya paṭipannattāti vadanti."
NULL,p45,467,100,bodytext,,"Mayā  pabbajitadivasato paṭṭhāya bhikkhunā saddhiṃ dvekathā nāma nakathitapubbā, aññasmiṃ divase uparivisesaṃ nibbattessāmīti cintetvā ‘‘kiṃ bhante’’ti paṭivacanaṃ adāsi."
NULL,p45,468,100,bodytext,,"Bhante  ete manussā tumhākaṃ kiṃhonti, mātipakkhato sambandhā pitipakkhatoti."
NULL,p45,469,100,bodytext,,"Āvusoyaṃ  mātāpitūhipi dukkaraṃ, taṃ ete manussā amhākaṃ karonti, pattacīvarampi no etesaṃ santakameva, etesaṃ ānubhāvena neva bhaye bhayaṃ na chātake chātakaṃ jānāma, edisānāma amhākaṃ upakārino natthīti tesaṃ guṇe kathento gacchati."
NULL,p45,470,100,bodytext,,"Kammaṭṭhānaṃ  nāma atthītipi saññaṃ akatvā gāmaṃ piṇḍāya pavisitvā ananulomikena gihisaṃsaggena saṃsaṭṭho caritvā ca bhuñjitvā ca tuccho nikkhamati."
NULL,p45,471,100,bodytext,,"Āvuso  tumhe na iṇaṭṭā na bhayaṭṭā na ājīvikā pakatā pabbajitā, dukkhā muccitukāmā panettha pabbajitā. Tasmā gamane uppannakilesaṃ gamaneyeva nigaṇhatha. Ṭhāne, nisajjāya, sayane uppannakilesaṃ sayaneyeva niggaṇhathāti."
NULL,p45,472,100,bodytext,,"Ayaṃ  bhikkhu tuyhaṃ uppannaṃ vitakkaṃ jānāti, ananucchavikaṃ te etanti attānaṃ paṭicodetvā vipassanaṃ vaḍḍhetvā ariyabhūmiṃ okkamati."
NULL,p45,473,100,bodytext,,"Ayaṃ  thero punappunaṃ nivattitvā gacchati, kiṃ nukho maggamūḷho udāhu kiñci pamuṭṭhoti samullapanti."
NULL,p45,474,100,bodytext,,"Kinnū  kho ete amheheva saddhiṃ na sallapanti udāhu añña maññampi, yadi aññamaññampi na sallapanti, addhā vivādajātā bhavissanti."
NULL,p45,475,100,gatha1,,"Aññaṃ  uppajjate cittaṃ, aññaṃ cittaṃ nirujjhati;"
NULL,p45,476,100,gathalast,,"Avīci manusambandho, nadī sotova vattati."
NULL,p45,477,100,bodytext,,"Ālokite vilokite sampajānakārī hoti."
NULL,p45,478,100,bodytext,,"Sace  bhikkhave nandassa puratthimā disā āloketabbā hoti, sabbaṃ cetasā samannāharitvā nando puratthimaṃ disaṃ āloketi ‘evaṃ me puratthimaṃ disaṃ ālokayato nābhijjhā domanassā pāpakā akusalā dhammā anvāssavissantī’ti. Itiha sātthaka sampajāno hoti. Sace bhikkhave nandassa pacchimā disā, uttarā disā, dakkhiṇā disā, uddhaṃ, adho, anudisā anuviloketabbā hoti, sabbaṃ cetasā samannāharitvā nando anudisaṃ anuviloketi ‘evaṃ me anudisaṃ anuvilokayato…pe… sampajāno hotīti…."
NULL,p45,479,100,gatha1,,"Bhavaṅgā  vajjanañceva, dassanaṃ sampaṭicchanaṃ;"
NULL,p45,480,100,gathalast,,"Santīraṇaṃ voṭṭhabbanaṃ, javanaṃ bhavati sattamaṃ."
NULL,p45,481,100,bodytext,,"Samiñjite  pasārite sampajānakārī hoti."
NULL,p45,482,100,bodytext,,"Samiñjite pahāriteti pabbānaṃ samiñjana pasāraṇe."
NULL,p45,483,100,bodytext,,"Kasmā  bhante sahasā hatthaṃ samiñjitvā puna yathāṭhāne ṭhapetvā saṇikaṃ samiñjitthāti."
NULL,p45,484,100,bodytext,,"Yato paṭṭhāya mayā āvuso kammaṭṭhānaṃ manasikātuṃ āraddho, na me kammaṭṭhānaṃ muñjitvā hattho samiñjitapubbo, idāni pana me tumhehi saddhiṃ kathayamānena kammaṭṭhānaṃ muñcitvā samiñjito, tasmā puna yathā ṭhāne ṭhapetvā samiñjesinti."
NULL,p45,485,100,bodytext,,"Sādhu  bhante bhikkhunā nāma evarūpena bhavitabbanti."
NULL,p45,486,100,bodytext,,"Saṅghāṭipattacīvaradhāraṇe sampajānakārī hoti."
NULL,p45,487,4,subhead,Puggalapaññattiaṭṭhakathā,Puggalapaññattiaṭṭhakathā
NULL,p45,488,4,subhead,Ekakaniddesa,Ekakaniddesa
NULL,p45,489,100,bodytext,,"Katamo  ca puggalo samayavimutto, idhekacco puggalo kālena kālaṃ samayena samayaṃ aṭṭha vimokkhe kāyena phusitvā viharati, paññāya cassa disvā ekacce āsavā parikkhīṇā honti. Ayaṃ vuccati puggalo samayavimutto."
NULL,p45,490,4,subhead,Asamayavimutta,Asamayavimutta
NULL,p45,491,100,bodytext,,"Katamo  ca puggalo asamayavimutto, idhekacco puggalo naheva kho kālena kālaṃ samayena samayaṃ aṭṭhavimokkhe kāyena phusitvā viharati, paññāya cassa disvā āsavā parikkhīṇā honti. Ayaṃ vuccati puggalo asamayavimutto. Sabbepi ariya puggalā ariye vimokkhe asamayavimuttā."
NULL,p45,492,4,subhead,Kuppākuppaniddesa,Kuppākuppaniddesa
NULL,p45,493,100,bodytext,,"Katamo  ca puggalo kuppadhammo, idhekacco puggalo lābhī hoti rūpasahagatānaṃ vā arūpasahagatānaṃ vā samāpattīnaṃ, so ca kho na nikāmalābhī hoti na akicchalābhī na akasira lābhī, na yatthicchakaṃ yadicchakaṃ yāvaticchakaṃ samāpajjatipi vuṭṭhātipi, ṭhānaṃ kho panetaṃ vijjhati, yaṃ tassa puggalassa pamādamāgamma tā samāpattiyo kuppeyyuṃ. Ayaṃ vuccati puggalo kuppadhammo."
NULL,p45,494,4,subhead,"Sattakkhattuparama sotāpanna","Sattakkhattuparama sotāpanna"
NULL,p45,495,100,bodytext,,"Katamo  ca puggalo sattakkhattuparamo, idhekacco puggalo tiṇṇaṃ saṃyojanānaṃ parikkhayā sotāpanno hoti avinipāta dhammo niyato sambodhiparāyaṇo, so sattakkhattuṃ deve ca mānuse ca sandhāvitvā saṃsaritvā dukkhassantaṃ karoti, ayaṃ vuccati puggalo sattakkhattuparamo."
NULL,p45,496,4,subhead,"Sotāpanna adhippāyya","Sotāpanna adhippāyya"
NULL,p45,497,100,bodytext,,"Soto  sototi hidaṃ sāriputta vuccati, katamo nukho sāriputta sototi. Ayameva hi bhante ariyo aṭṭhaṅgiko maggo soto. Seyyathidaṃ, sammādiṭṭhi…pe… sammāsamādhīti. Sotāpanno sotāpannoti hidaṃ sāriputta vuccati, katamo nukho sāriputta sotāpannoti. Yo hi bhante iminā ariyena aṭṭhaṅgikena maggena samannāgato, ayaṃ vuccati sotāpanno, svāyaṃ āyasmā evaṃnāmo evaṃgotto iti vāti, itivā…."
NULL,p45,498,4,subhead,"Kolaṃ kola sotāpanna","Kolaṃ kola sotāpanna"
NULL,p45,499,100,bodytext,,"Katamo  ca puggalo kolaṃ kolo. Idhekacco puggalo tiṇṇaṃ saṃyojanānaṃ parikkhayā sotāpanno hoti avinipātadhammo niyato sambodhiparāyaṇo, so dve vā tīṇi vā kulāni sandhāvitvā saṃsaritvā dukkhassantaṃ karoti, ayaṃ vuccati kolaṃ kolo."
NULL,p45,500,4,subhead,"Ekabījī sotāpanna","Ekabījī sotāpanna"
NULL,p45,501,100,bodytext,,"Katamo  ca puggalo ekabījī, idhekacco puggalo tiṇṇaṃ saṃyojanānaṃ parikkhayā sotāpanno hoti avinipātadhammo niyato sambodhiparāyaṇo, so ekaṃyeva mānusakaṃ bhavaṃ nibbattetvā dukkhassantaṃ karoti, ayaṃ vuccati puggalo ekabījī."
NULL,p45,502,4,subhead,Sakadāgāminiddesa,Sakadāgāminiddesa
NULL,p45,503,100,bodytext,,"Katamo  ca puggalo sakadāgāmī, idhe kacco puggalo tiṇṇaṃ saṃyojanānaṃ parikkhayā rāgadosamohānaṃ tanuttā sakadāgāmī hoti sakideva imaṃ lokaṃ āgantvā dukkhassantaṃ karoti. Ayaṃ vuccati puggalo sakadāgāmī."
