id,book,paragraph,title
1,1,2,namakkārapāḷi
2,1,159,namakkāraṭīkā
3,2,2,mahāpaṇāmapāṭha
4,2,428,tigumbacetiya thomanā
5,2,479,vāsamālinīkya
6,3,2,lakkhaṇāto
7,4,2,suttavandanā
8,5,2,jinālaṅkāra
9,6,2,kamalāñjali
10,7,2,pajjamadhu
11,8,2,buddhaguṇagāthāvalī
12,9,2,abhidhānappadīpikāṭīkā
13,10,2,subodhālaṅkāro
14,11,2,subodhālaṅkāraṭīkā
15,12,2,bālāvatāra
16,13,2,moggallānasuttapāṭho
17,13,1105,moggallānabyākaraṇaṃ
18,14,2,kaccāyanabyākaraṇaṃ
19,14,715,mahākaccāyanasaddāpāṭha
20,15,2,saddanītippakaraṇaṃ (padamālā)
21,16,2,saddanītippakaraṇaṃ (dhātumālā)
22,17,2,padarūpasiddhi
23,18,2,moggallāna-pañcikā-ṭīkā
24,19,2,payogasiddhipāḷi
25,20,2,vuttodayaṃ
26,21,2,abhidhānappadīpikā
27,22,2,niruttidīpanīpāṭha
28,23,2,paramatthadīpanī
29,24,2,anudīpanīpāṭha
30,25,2,paṭṭhānuddesa dīpanīpāṭha
31,26,2,caturārakkhadīpanī
32,27,2,kavidappaṇanīti
33,28,2,nītimañjarī
34,29,2,dhammanīti
35,30,2,mahārahanīti
36,31,2,lokanīti
37,32,2,suttantanīti
38,32,134,vasalasutta
39,33,2,sūrassatīnīti
40,34,2,cāṇakyanītipāḷi
41,35,2,naradakkhadīpanī
42,36,2,rasavāhinī
43,37,2,sīmavisodhanī
44,38,2,vessantarāgīti
45,39,3,(saṅgayana-puccha vissajjanā) dīghanikāye
46,40,3,(saṅgayana-puccha vissajjanā) majjhimanikāya
47,41,3,(saṅgayana-puccha vissajjanā) saṃyuttanikāye
48,42,3,(saṅgayana-puccha vissajjanā) aṅguttaranikāye
49,43,2,(saṅgayana-puccha vissajjanā) vinayapiṭaka
50,44,2,(saṅgayana-puccha vissajjanā) abhidhammapiṭaka
51,45,2,(saṅgayana-puccha vissajjanā) aṭṭhakathā
52,46,1,milidaṭīkā
53,47,1,padamañjarī
54,48,1,padasādhanaṃ
55,49,1,saddabindu pakaraṇaṃ
56,50,1,kaccāyana  dhātu mañjūsā
57,51,1,samantakūṭavaṇṇanā
58,52,1,moggallāna vuttivivaraṇapañcikā.
59,53,1,thupavaṃsa
60,54,1,dāṭhāvaṃsa
61,55,1,dhātupāṭha  vilāsiniyā
62,56,1,dhātuvaṃsa
63,57,1,hatthavanagallavihāra  vaṃso
64,58,1,jinacaritaya
65,59,1,jinavaṃsadīpaṃ
66,60,1,telakaṭāhagāthā
67,61,2,cūḷaganthavaṃsapāḷi
68,62,2,sāsanavaṃsappadīpikā
69,63,2,mahāvaṃsapāḷi
70,64,2,visuddhimagga
71,65,2,visuddhimagga
72,66,2,visuddhimagga-mahāṭīkā
73,67,2,visuddhimagga-mahāṭīkā
74,68,2,visuddhimagga nidānakathā
75,69,3,paṭṭhānapāḷi
76,70,3,paṭṭhānapāḷi
77,71,3,paṭṭhānapāḷi
78,72,3,paṭṭhānapāḷi
79,73,3,dhammasaṅgaṇīpāḷi
80,74,3,vibhaṅgapāḷi
81,75,3,dhātukathāpāḷi
82,76,3,puggalapaññattipāḷi
83,77,3,kathāvatthupāḷi
84,78,3,yamakapāḷi
85,79,3,yamakapāḷi
86,80,3,yamakapāḷi
87,81,3,paṭṭhānapāḷi
88,82,3,aṅguttaranikāyapāḷi
89,83,3,aṅguttaranikāyapāḷi
90,84,3,aṅguttaranikāyapāḷi
91,85,3,aṅguttaranikāyapāḷi
92,86,3,aṅguttaranikāyapāḷi
93,87,3,aṅguttaranikāyapāḷi
94,88,3,aṅguttaranikāyapāḷi
95,89,3,aṅguttaranikāyapāḷi
96,90,3,aṅguttaranikāyapāḷi
97,91,3,aṅguttaranikāyapāḷi
98,92,3,aṅguttaranikāyapāḷi
99,93,3,dīghanikāyapāḷi
100,94,3,dīghanikāyapāḷi
101,95,3,dīghanikāyapāḷi
102,96,4,dhammasaṅgaṇī-aṭṭhakathā
103,97,4,vibhaṅga-aṭṭhakathā
104,98,4,dhātukathā-aṭṭhakathā
105,98,173,puggalapaññatti-aṭṭhakathā
106,98,474,kathāvatthu-aṭṭhakathā
107,98,1623,yamakappakaraṇa-aṭṭhakathā
108,98,1880,paṭṭhānappakaraṇa-aṭṭhakathā
109,99,3,manorathapūraṇī
110,100,3,manorathapūraṇī
111,100,325,manorathapūraṇī
112,100,997,manorathapūraṇī
113,101,3,manorathapūraṇī
114,101,503,manorathapūraṇī
115,101,792,manorathapūraṇī
116,102,3,manorathapūraṇī
117,102,275,manorathapūraṇī
118,102,409,manorathapūraṇī
119,102,706,manorathapūraṇī
120,103,3,sumaṅgalavilāsinī
121,104,3,sumaṅgalavilāsinī
122,105,3,sumaṅgalavilāsinī
123,106,3,therīgāthā-aṭṭhakathā
124,107,3,apadāna-aṭṭhakathā
125,108,3,buddhavaṃsa-aṭṭhakathā
126,109,3,cariyāpiṭaka-aṭṭhakathā
127,110,4,jātaka-aṭṭhakathā
128,111,3,jātaka-aṭṭhakathā
129,112,4,jātaka-aṭṭhakathā
130,113,4,jātaka-aṭṭhakathā
131,113,5312,jātaka-aṭṭhakathā
132,114,1,jātaka-aṭṭhakathā
133,115,3,jātaka-aṭṭhakathā
134,116,3,khuddakapāṭha-aṭṭhakathā
135,117,3,jātaka-aṭṭhakathā
136,118,3,mahāniddesa-aṭṭhakathā
137,119,3,cūḷaniddesa-aṭṭhakathā
138,120,3,paṭisambhidāmagga-aṭṭhakathā
139,121,3,nettippakaraṇa-aṭṭhakathā
140,122,3,dhammapada-aṭṭhakathā
141,123,3,udāna-aṭṭhakathā
142,124,3,itivuttaka-aṭṭhakathā
143,125,3,suttanipāta-aṭṭhakathā
144,126,3,vimānavatthu-aṭṭhakathā
145,127,3,petavatthu-aṭṭhakathā
146,128,3,theragāthā-aṭṭhakathā
147,129,3,theragāthā-aṭṭhakathā
148,130,3,papañcasūdanī
149,131,3,papañcasūdanī
150,132,3,papañcasūdanī
151,133,3,sāratthappakāsinī
152,134,3,sāratthappakāsinī
153,135,3,sāratthappakāsinī
154,136,3,sāratthappakāsinī
155,137,3,sāratthappakāsinī
156,138,3,samantapāsādikā
157,139,3,samantapāsādikā
158,140,3,samantapāsādikā
159,141,3,samantapāsādikā
160,142,3,samantapāsādikā
161,143,3,therāpadānapāḷi
162,144,3,therāpadānapāḷi
163,144,6534,therīapadānapāḷi
164,145,3,buddhavaṃsapāḷi
165,146,3,cariyāpiṭakapāḷi
166,147,3,jātakapāḷi
167,148,3,jātakapāḷi
168,149,3,mahāniddesapāḷi
169,150,3,cūḷaniddesapāḷi
170,151,3,paṭisambhidāmaggapāḷi
171,152,3,milindapañhapāḷi
172,153,3,nettippakaraṇapāḷi
173,154,3,khuddakapāṭhapāḷi
174,155,3,peṭakopadesapāḷi
175,156,3,dhammapadapāḷi
176,157,3,udānapāḷi
177,158,3,itivuttakapāḷi
178,159,3,suttanipātapāḷi
179,160,3,vimānavatthupāḷi
180,161,3,petavatthupāḷi
181,162,3,theragāthāpāḷi
182,163,3,therīgāthāpāḷi
183,164,3,majjhimanikāyapāḷi
184,165,3,majjhimanikāyapāḷi
185,166,3,majjhimanikāyapāḷi
186,167,3,saṃyuttanikāyapāḷi
187,168,3,saṃyuttanikāyapāḷi
188,169,3,saṃyuttanikāyapāḷi
189,170,3,saṃyuttanikāyapāḷi
190,171,3,saṃyuttanikāyapāḷi
191,172,3,mūlaṭīkā
192,173,3,mūlaṭīkā
193,173,1155,anuṭīkā
194,174,4,mūlaṭīkā
195,174,100,mūlaṭīkā
196,174,201,mūlaṭīkā
197,174,865,mūlaṭīkā
198,174,1059,mūlaṭīkā
199,175,3,anuṭīkā
200,176,4,anuṭīkā
201,176,117,anuṭīkā
202,176,213,anuṭīkā
203,176,917,anuṭīkā
204,176,1139,anuṭīkā
205,177,2,abhidhammāvatāro
206,177,4805,nāmarūpaparicchedo
207,177,10627,paramatthavinicchayo
208,177,14272,saccasaṅkhepo
209,178,2,abhidhammatthasaṅgaho
210,178,875,abhidhammatthavibhāvinīṭīkā
211,179,2,abhidhammāvatāra-purāṇaṭīkā
212,179,872,abhidhammāvatāra-abhinavaṭīkā
213,180,2,abhidhammamātikāpāḷi
214,180,1221,mohavicchedanī
215,181,3,aṅguttaranikāya-ṭīkā
216,182,3,aṅguttaranikāya-ṭīkā
217,182,324,aṅguttaranikāya-ṭīkā
218,182,1023,aṅguttaranikāya-ṭīkā
219,183,3,aṅguttaranikāya-ṭīkā
220,183,470,aṅguttaranikāya-ṭīkā
221,183,793,aṅguttaranikāya-ṭīkā
222,184,3,aṅguttaranikāya-ṭīkā
223,184,278,navakanipāta-ṭīkā
224,184,466,aṅguttaranikāya-ṭīkā
225,184,776,aṅguttaranikāya-ṭīkā
226,185,3,līnatthappakāsanā
227,186,3,līnatthappakāsanā
228,187,3,līnatthappakāsanā
229,188,3,sādhuvilāsinī
230,189,3,sādhuvilāsinī
231,190,3,nettippakaraṇa-ṭīkā
232,191,3,nettivibhāvinī
233,192,3,līnatthappakāsanā
234,193,3,līnatthappakāsanā
235,194,3,līnatthappakāsanā
236,195,3,līnatthappakāsanā
237,196,3,līnatthappakāsanā
238,197,3,līnatthappakāsanā
239,198,3,līnatthappakāsanā
240,199,3,līnatthappakāsanā
241,200,2,vinayavinicchayo
242,200,10176,uttaravinicchayo
243,201,2,vinayavinicchaya-ṭīkā
244,201,4270,uttaravinicchaya-ṭīkā
245,202,3,pācityādiyojanā
246,203,3,khuddasikkhā
247,203,1620,khuddasikkhā
248,203,2361,khuddasikkhā
249,203,3100,mūlasikkhā
250,203,3481,mūlasikkhā
251,204,3,sāratthadīpanī-ṭīkā
252,205,3,sāratthadīpanī-ṭīkā
253,206,3,sāratthadīpanī-ṭīkā
254,206,717,sāratthadīpanī-ṭīkā
255,206,1753,sāratthadīpanī-ṭīkā
256,206,2154,sāratthadīpanī-ṭīkā
257,207,3,pātimokkhapāḷi
258,207,524,pātimokkhapāḷi
259,207,1215,kaṅkhāvitaraṇī
260,208,3,vinayasaṅgaha-aṭṭhakathā
261,209,3,vajirabuddhi-ṭīkā
262,209,166,vajirabuddhi-ṭīkā
263,209,992,vajirabuddhi-ṭīkā
264,209,1708,vajirabuddhi-ṭīkā
265,209,2217,vajirabuddhi-ṭīkā
266,209,2428,vajirabuddhi-ṭīkā
267,210,3,vimativinodanī-ṭīkā
268,210,1658,vimativinodanī-ṭīkā
269,210,1779,vimativinodanī-ṭīkā
270,210,2431,vimativinodanī-ṭīkā
271,210,2792,vimativinodanī-ṭīkā
272,211,3,vinayālaṅkāra-ṭīkā
273,212,2,kaṅkhāvitaraṇī
274,212,671,kaṅkhāvitaraṇī
275,213,3,vinayapiṭaka
276,214,3,vinayapiṭaka
277,215,3,vinayapiṭaka
278,216,3,vinayapiṭaka
279,217,3,vinayapiṭaka
280,139,925,samantapāsādikā
281,214,2162,vinayapiṭaka
