58158,labbhamānaduka,.n:base.,.nt.,,,82397,labbhamāna+duka,,1,100,14,pm,cm
58159,labbhamānakacīvara,.n:base.,.nt.,,,82401,labbhamānaka+cīvara,,1,100,18,pm,cm
58160,labbhamānanāma,.n:base.,.nt.,,,82407,labbhamāna+nāma,,1,100,14,pm,cm
58161,labbhamānapada,.n:base.,.nt.,,,82410,labbhamāna+pada,,1,100,14,pm,cm
58162,labbhamānapañcaka,.n:base.,.nt.,,,82411,labbhamāna+pañcaka,,1,100,17,pm,cm
58163,labbhamānapaṇītabhojana,.n:base.,.nt.,,,82412,labbhamāna+paṇīta+bhojana,,1,100,23,pm,cm
58164,labbhamānasutta,.n:base.,.nt.,,,82415,labbhamāna+sutta,,1,100,15,pm,cm
58165,labbhana,.n:base.,.nt.,,,82421,labha+ya+yu,,1,100,8,pm,cm
58166,labbhāpana,.n:base.,.nt.,,,82428,labha+ya+ṇāpe+yu,,1,100,10,pm,cm
58167,lābhabhājanaṭṭhāna,.n:base.,.nt.,,,82444,lābha+bhājana+ṭhāna,,1,100,18,pm,cm
58168,lābhabhājanīyaṭṭhāna,.n:base.,.nt.,,,82445,lābha+bhājanīya+ṭhāna,,1,100,20,pm,cm
58169,lābhadīpana,.n:base.,.nt.,,,82450,lābha+dīpana,,1,100,11,pm,cm
58170,lābhaggahaṇa,.n:base.,.nt.,,,82457,lābha+gahaṇa,,1,100,12,pm,cm
58171,lābhaggamahatta,.n:base.,.nt.,,,82458,lābhagga+mahatta,,1,100,15,pm,cm
58172,lābhakamya,.n:base.,.nt.,,,82468,lābhakāma+ṇya,,1,100,10,pm,cm
58173,lābhakāraṇa,.n:base.,.nt.,,,82469,lābha+kāraṇa,,1,100,11,pm,cm
58174,lābhalabhanakaṭṭhāna,.n:base.,.nt.,,,82470,lābha+labhanaka+ṭhāna,,1,100,20,pm,cm
58175,lābhamacchariya,.n:base.,.nt.,,,82476,lābha+macchariya,,1,100,15,pm,cm
58176,lābhamatta,.n:base.,.nt.,,,82483,lābha+matta,,1,100,10,pm,cm
58177,lābhamukha,.n:base.,.nt.,,,82485,lābha+mukha,,1,100,10,pm,cm
58178,labhanaka,.n:base.,.nt.,,,82489,labhana+ka,,1,100,9,pm,cm
58179,lābhanānatta,.n:base.,.nt.,,,82495,lābha+nānatta,,1,100,12,pm,cm
58180,labhanatta,.n:base.,.nt.,,,82498,labhana+tta,,1,100,10,pm,cm
58181,labhanaṭṭhāna,.n:base.,.nt.,,,82499,labhana+ṭhāna,,1,100,13,pm,cm
58182,lābhānuttariya,.n:base.,.nt.,,,82508,lābha+anuttiya,,1,100,14,pm,cm
58183,labhāpana,.n:base.,.nt.,,,82511,labha+ṇāpe+yu=labhāpana+tta,,1,100,9,pm,cm
58184,lābhasakkārasaṃyutta,.n:base.,.nt.,,,82532,lābhasakkāra+saṃyutta,,1,100,20,pm,cm
58185,lābhasukha,.n:base.,.nt.,,,82544,lābha+sukha,,1,100,10,pm,cm
58186,lābhaṭṭhāna,.n:base.,.nt.,,,82552,lābha+ṭhāna,,1,100,11,pm,cm
58187,labhitabbacīvara,.n:base.,.nt.,,,82596,labhitabba+cīvara,,1,100,16,pm,cm
58188,labhitabbaṭṭhāna,.n:base.,.nt.,,,82600,labhitabba+ṭhāna,,1,100,16,pm,cm
58189,labhitabbaṭṭhānagamana,.n:base.,.nt.,,,82601,labhitabbaṭṭhāna+gamana,,1,100,22,pm,cm
58190,lābhitta,.n:base.,.nt.,,,82605,lābhī+tta,,1,100,8,pm,cm
58191,lābu,.n:base.,.nt.$.f.,,,82617,lamba+u,,1,100,4,pm,cm
58192,lābubīja,.n:base.,.nt.,,,82618,lābu+bīja,,1,100,8,pm,cm
58193,labujabyākaraṇa,.n:base.,.nt.,,,82621,labuja+byākaraṇa,,1,100,15,pm,cm
58194,labujaphala,.n:base.,.nt.,,,82626,labuja+phala,,1,100,11,pm,cm
58195,labujapiṭṭha,.n:base.,.nt.,,,82629,labuja+piṭṭha,,1,100,12,pm,cm
58196,labujaṭṭhi,.n:base.,.nt.,,,82631,labuja+aṭṭhi,,1,100,10,pm,cm
58197,labujavana,.n:base.,.nt.,,,82632,labuja+vana,,1,100,10,pm,cm
58198,lābuka,.n:base.,.nt.,,,82633,lābu+ka,,1,100,6,pm,cm
58199,lābuphala,.n:base.,.nt.,,,82639,lābu+phala,,1,100,9,pm,cm
58200,lābuvatthu,.n:base.,.nt.,,,82641,lābu+vatthu,,1,100,10,pm,cm
58201,laddha,.n:base.,.nt.,,,82657,labha+ta,,1,100,6,pm,cm
58202,laddhaācāmaucchiṭṭhabhatta,.n:base.,.nt.,,,82661,laddha+ācāma+ucchiṭṭha+bhatta,,1,100,26,pm,cm
58203,laddhabbadāyajja,.n:base.,.nt.,,,82676,laddhabba+dāyajja,,1,100,16,pm,cm
58204,laddhabbadhana,.n:base.,.nt.,,,82678,laddhabba+dhana,,1,100,14,pm,cm
58205,laddhabbaguṇadassana,.n:base.,.nt.,,,82680,laddhabbaguṇa+dassana,,1,100,20,pm,cm
58206,laddhabbaguṇanāsana,.n:base.,.nt.,,,82681,laddhabbaguṇa+nāsana,,1,100,19,pm,cm
58207,laddhabbakamma,.n:base.,.nt.,,,82683,laddhabba+kamma,,1,100,14,pm,cm
58208,laddhabbanissandaphalavibhāvana,.n:base.,.nt.,,,82689,laddhabba+nissanda+phala+vibhāvana,,1,100,31,pm,cm
58209,laddhabbaphāsuvihāradassana,.n:base.,.nt.,,,82695,laddhabba+phāsuvihāra+dassana,,1,100,27,pm,cm
58210,laddhabbappaṭibhāganimitta,.n:base.,.nt.,,,82697,laddhabba+paṭibhāganimitta,,1,100,26,pm,cm
58211,laddhabbapuññaphala,.n:base.,.nt.,,,82698,laddhabba+puñña+phala,,1,100,19,pm,cm
58212,laddhabbasukha,.n:base.,.nt.,,,82701,laddhabba+sukha,,1,100,14,pm,cm
58213,laddhabhāgabhatta,.n:base.,.nt.,,,82708,laddha+bhāga+bhatta,,1,100,17,pm,cm
58214,laddhabhaṇḍaka,.n:base.,.nt.,,,82709,laddha+bhaṇḍaka,,1,100,14,pm,cm
58215,laddhabhatta,.n:base.,.nt.,,,82714,laddha+bhatta,,1,100,12,pm,cm
58216,laddhabhogga,.n:base.,.nt.,,,82725,laddha+bhogga,,1,100,12,pm,cm
58217,laddhabhojana,.n:base.,.nt.,,,82726,laddha+bhojana,,1,100,13,pm,cm
58218,laddhacīvara,.n:base.,.nt.,,,82730,laddha+cīvara,,1,100,12,pm,cm
58219,laddhadassana,.n:base.,.nt.,,,82734,laddha+dassana,,1,100,13,pm,cm
58220,laddhadhañña,.n:base.,.nt.,,,82741,laddha+dhañña,,1,100,12,pm,cm
58221,laddhadukkha,.n:base.,.nt.,,,82749,laddha+dukkha,,1,100,12,pm,cm
58222,laddhaghara,.n:base.,.nt.,,,82755,laddha+ghara,,1,100,11,pm,cm
58223,laddhaguṇadassana,.n:base.,.nt.,,,82757,laddhaguṇa+dassana,,1,100,17,pm,cm
58224,laddhaguṇakittana,.n:base.,.nt.,,,82758,laddhaguṇa+kittana,,1,100,17,pm,cm
58225,laddhajjhāna,.n:base.,.nt.,,,82764,laddha+cyāna,,1,100,12,pm,cm
58226,laddhakāraṇa,.n:base.,.nt.,,,82773,laddha+kāraṇa,,1,100,12,pm,cm
58227,laddhamaggaphala,.n:base.,.nt.,,,82785,laddha+magga+phala,,1,100,16,pm,cm
58228,laddhāmisa,.n:base.,.nt.,,,82788,laddha+āmisa,,1,100,10,pm,cm
58229,laddhamūla,.n:base.,.nt.,,,82790,laddha+mūla,,1,100,10,pm,cm
58230,laddhanāmacitta,.n:base.,.nt.,,,82794,laddhanāma+citta,,1,100,15,pm,cm
58231,laddhapaṇṇa,.n:base.,.nt.,,,82816,laddha+paṇṇa,,1,100,11,pm,cm
58232,laddhaparisiñcana,.n:base.,.nt.,,,82821,laddha+parisiñcana,,1,100,17,pm,cm
58233,laddhaparisiñcanadāna,.n:base.,.nt.,,,82822,laddhaparisiñca+dāna,,1,100,21,pm,cm
58234,laddhaphala,.n:base.,.nt.,,,82832,laddha+phala,,1,100,11,pm,cm
58235,laddhaphalāphala,.n:base.,.nt.,,,82834,laddha+phalāphala,,1,100,16,pm,cm
58236,laddhārammaṇa,.n:base.,.nt.,,,82851,laddha+ārammaṇa,,1,100,13,pm,cm
58237,laddhasalākabhatta,.n:base.,.nt.,,,82861,laddhasalākā+bhatta,,1,100,18,pm,cm
58238,laddhāsana,.n:base.,.nt.,,,82875,laddha+āsana,,1,100,10,pm,cm
58239,laddhasutta,.n:base.,.nt.,,,82893,laddha+sutta,,1,100,11,pm,cm
58240,laddhatta,.n:base.,.nt.,,,82896,laddha+tta,,1,100,9,pm,cm
58241,laddhaṭṭhāna,.n:base.,.nt.,,,82897,laddha+ṭhāna,,1,100,12,pm,cm
58242,laddhavassa,.n:base.,.nt.,,,82910,laddha+vassa,,1,100,11,pm,cm
58243,laddhavidhāna,.n:base.,.nt.,,,82914,laddha+vidhāna,,1,100,13,pm,cm
58244,laddhavināsana,.n:base.,.nt.,,,82916,laddha+vināsana,,1,100,14,pm,cm
58245,laddhavissajjana,.n:base.,.nt.,,,82922,laddha+vissajjana,,1,100,16,pm,cm
58246,laddhibhindana,.n:base.,.nt.,,,82933,laddhi+bhindana,,1,100,14,pm,cm
58247,laddhigahaṇa,.n:base.,.nt.,,,82936,laddhi+gahaṇa,,1,100,12,pm,cm
58248,laddhiggahaṇa,.n:base.,.nt.,,,82937,laddhi+gahaṇa,,1,100,13,pm,cm
58249,laddhikittana,.n:base.,.nt.,,,82941,laddhi+kittana,,1,100,13,pm,cm
58250,laddhinissajjana,.n:base.,.nt.,,,82944,laddhi+nissajjana,,1,100,16,pm,cm
58251,laddhipatiṭṭhāpana,.n:base.,.nt.,,,82946,laddhi+patiṭṭhāpana,,1,100,18,pm,cm
58252,laddhipavattaṭṭhāna,.n:base.,.nt.,,,82947,laddhi+pavattaṭṭhāna,,1,100,19,pm,cm
58253,laddhipavedanamukha,.n:base.,.nt.,,,82948,laddhi+pa-dana+mukha,,1,100,19,pm,cm
58254,laddhippakāsana,.n:base.,.nt.,,,82949,laddhi+pakāsana,,1,100,15,pm,cm
58255,laddhisañjānana,.n:base.,.nt.,,,82951,laddhi+sañjānana,,1,100,15,pm,cm
58256,laddhisodhana,.n:base.,.nt.,,,82953,laddhi+sodhana,,1,100,13,pm,cm
58257,laddhiuppattipaṭibāhana,.n:base.,.nt.,,,82955,laddhi+uppatti+paṭibāhana,,1,100,23,pm,cm
58258,laddhivisodhana,.n:base.,.nt.,,,82958,laddhi+visodhana,,1,100,15,pm,cm
58259,laddhivissajjāpana,.n:base.,.nt.,,,82959,laddhi+vissajjāpana,,1,100,18,pm,cm
58260,laddhivivecana,.n:base.,.nt.,,,82960,laddhi+vivecana,,1,100,14,pm,cm
58261,laddhupaṭṭhāna,.n:base.,.nt.,,,82975,laddha+upaṭṭhāna,,1,100,14,pm,cm
58262,lagana,.n:base.,.nt.,,,82981,laga+yu,,1,100,6,pm,cm
58263,lagga,.n:base.,.nt.,,,82989,laga+ta,,1,100,5,pm,cm
58264,laggacakka,.n:base.,.nt.,,,82991,lagga+cakka,,1,100,10,pm,cm
58265,laggacīvara,.n:base.,.nt.,,,82993,lagga+cīvara,,1,100,11,pm,cm
58266,laggamatta,.n:base.,.nt.,,,82999,lagga+matta,,1,100,10,pm,cm
58267,laggana,.n:base.,.nt.,,,83002,laga(lagga)+yu,,1,100,7,pm,cm
58268,laggana,.n:base.,.nt.,,,83003,laga(lagga)+ṇe+yu,,1,100,7,pm,cm
58269,lagganādhivacana,.n:base.,.nt.,,,83004,laggana+adhivacana,,1,100,16,pm,cm
58270,lagganaka,.n:base.,.nt.,,,83006,laggana+ka,,1,100,9,pm,cm
58271,laggāpana,.n:base.,.nt.,,,83019,laga(lagga)+ṇāpe+yu,,1,100,9,pm,cm
58272,laggatta,.n:base.,.nt.,,,83031,lagga+tta,,1,100,8,pm,cm
58273,laggavilipanamaṃsa,.n:base.,.nt.,,,83035,lagga+vilipana+maṃsa,,1,100,18,pm,cm
58274,laggavilīpanamaṃsa,.n:base.,.nt.,,,83036,lagga+vilīpana+maṃsa,,1,100,18,pm,cm
58275,laggitaṭṭhāna,.n:base.,.nt.,,,83062,laggita+ṭhāna,,1,100,13,pm,cm
58276,laggitaussavabindu,.n:base.,.nt.,,,83063,laggita+ussava+bindu,,1,100,18,pm,cm
58277,lāghava,.n:base.,.nt.,,,83067,laghu+ṇa,,1,100,7,pm,cm
58278,lahubhaṇḍa,.n:base.,.nt.,,,83083,lahu+bhaṇḍa,,1,100,10,pm,cm
58279,lahucīvara,.n:base.,.nt.,,,83087,lahu+cīvara,,1,100,10,pm,cm
58280,lahukadassana,.n:base.,.nt.,,,83096,lahuka+dassana,,1,100,13,pm,cm
58281,lahukaduka,.n:base.,.nt.,,,83097,lahuka+duka,,1,100,10,pm,cm
58282,lahukakamma,.n:base.,.nt.,,,83100,lahuka+kamma,,1,100,11,pm,cm
58283,lahukamaraṇa,.n:base.,.nt.,,,83102,lahuka+maraṇa,,1,100,12,pm,cm
58284,lahukamma,.n:base.,.nt.,,,83103,lahu+kamma,,1,100,9,pm,cm
58285,lahukaviññāṇa,.n:base.,.nt.,,,83112,lahuka+viññāṇa,,1,100,13,pm,cm
58286,lahuparivattana,.n:base.,.nt.,,,83127,lahuparivattana+tta,,1,100,15,pm,cm
58287,lahupāvuraṇa,.n:base.,.nt.,,,83135,lahu+pāvuraṇa,,1,100,12,pm,cm
58288,lahupāvuraṇasikkhāpada,.n:base.,.nt.,,,83136,lahupāvuraṇa+sikkhāpada,,1,100,22,pm,cm
58289,lahusādhana,.n:base.,.nt.,,,83141,lahu+sādhana,,1,100,11,pm,cm
58290,lahutādittaya,.n:base.,.nt.,,,83147,lahutā+ādi+haya,,1,100,13,pm,cm
58291,lahuupaṭṭhāna,.n:base.,.nt.,,,83156,lahu+upaṭṭhāna,,1,100,13,pm,cm
58292,lahuviññāṇa,.n:base.,.nt.,,,83159,lahu+viññāṇa,,1,100,11,pm,cm
58293,lahuvuṭṭhānadhiṭṭhāna,.n:base.,.nt.,,,83162,lahu+guṭṭhāna+adhiṭṭhāna,,1,100,21,pm,cm
58294,lājapakkhipana,.n:base.,.nt.,,,83166,lāja+pakkhipana,,1,100,14,pm,cm
58295,lājasata,.n:base.,.nt.,,,83171,lāja+sata,,1,100,8,pm,cm
58296,lājāsata,.n:base.,.nt.,,,83172,lājā+sata,,1,100,8,pm,cm
58297,lājāvikiraṇa,.n:base.,.nt.,,,83175,lājā+vikiraṇa,,1,100,12,pm,cm
58298,lajjābhaya,.n:base.,.nt.,,,83180,lajjā+bhaya,,1,100,10,pm,cm
58299,lajjana,.n:base.,.nt.,,,83188,lajja+yu,,1,100,7,pm,cm
58300,lajjanaka,.n:base.,.nt.,,,83189,lajjana+ka,,1,100,9,pm,cm
58301,lajjanakicca,.n:base.,.nt.,,,83192,lajjana+kicca,,1,100,12,pm,cm
58302,lajjīgahaṇa,.n:base.,.nt.,,,83231,lajjī-gahaṇa,,1,100,11,pm,cm
58303,lajjilakkhaṇa,.n:base.,.nt.,,,83233,lajjī+lakkhaṇa,,1,100,13,pm,cm
58304,lajjīsāmaṇeraggahaṇa,.n:base.,.nt.,,,83248,lajjīsāmaṇera+gahaṇa,,1,100,20,pm,cm
58305,lajjita,.n:base.,.nt.,,,83253,lajja+ta,,1,100,7,pm,cm
58306,lajjiṭṭhāna,.n:base.,.nt.,,,83258,lajjī+ṭhāna,,1,100,11,pm,cm
58307,lākhākoṭṭana,.n:base.,.nt.,,,83273,lākhā+koṭṭana,,1,100,12,pm,cm
58308,lākhālañchana,.n:base.,.nt.,,,83274,lākhā+lañchana,,1,100,13,pm,cm
58309,lākhāparikamma,.n:base.,.nt.,,,83276,lākhā+parikamma,,1,100,14,pm,cm
58310,lakkhakoṭisamāpattisamāpajjana,.n:base.,.nt.,,,83292,lakkhakoṭi+samāpatti+samāpajjana,,1,100,30,pm,cm
58311,lakkhaṇa,.n:base.,.nt.,,,83293,lakkha+yu,,1,100,8,pm,cm
58312,lakkhaṇa,.n:base.,.nt.,,,83294,lakkhaṇa+kathana,,1,100,8,pm,cm
58313,lakkhaṇa,.n:base.,.nt.,,,83295,lakkhaṇa+paṭilābha,,1,100,8,pm,cm
58314,lakkhaṇa,.n:base.,.nt.,,,83296,lakkhaṇa+abhinivesa,,1,100,8,pm,cm
58315,lakkhaṇacakka,.n:base.,.nt.,,,83305,lakkhaṇā+cakka,,1,100,13,pm,cm
58316,lakkhaṇadassana,.n:base.,.nt.,,,83308,lakkhaṇa+dassana,,1,100,15,pm,cm
58317,lakkhaṇadīpakasattha,.n:base.,.nt.,,,83312,lakkhaṇadīpaka+sattha,,1,100,20,pm,cm
58318,lakkhaṇadvaya,.n:base.,.nt.,,,83318,lakkhaṇa+dvaya,,1,100,13,pm,cm
58319,lakkhaṇadvayavacana,.n:base.,.nt.,,,83319,lakkhaṇadvaya+vacana,,1,100,19,pm,cm
58320,lakkhaṇāhanana,.n:base.,.nt.,,,83320,lakkhaṇa+āhanana,,1,100,14,pm,cm
58321,lakkhaṇajānana,.n:base.,.nt.,,,83332,lakkhaṇa+jānana,,1,100,14,pm,cm
58322,lakkhaṇajānanasattha,.n:base.,.nt.,,,83333,lakkhaṇajānana+sattha,,1,100,20,pm,cm
58323,lakkhaṇakaraṇa,.n:base.,.nt.,,,83337,lakkhaṇa+karaṇa,,1,100,14,pm,cm
58324,lakkhaṇakosalla,.n:base.,.nt.,,,83341,lakkhaṇa+kosalla,,1,100,15,pm,cm
58325,lakkhaṇamigajātaka,.n:base.,.nt.,,,83352,lakkhaṇamiga+jātaka,,1,100,18,pm,cm
58326,lakkhaṇanānatta,.n:base.,.nt.,,,83353,lakkhaṇa+nānatta,,1,100,15,pm,cm
58327,lakkhaṇānantara,.n:base.,.nt.,,,83354,lakkhaṇa+anantara,,1,100,15,pm,cm
58328,lakkhaṇanibbattakakamma,.n:base.,.nt.,,,83357,lakkhaṇanibbattaka+kamma,,1,100,23,pm,cm
58329,lakkhaṇanibbattakamma,.n:base.,.nt.,,,83358,lakkhaṇanibbatta+kamma,,1,100,21,pm,cm
58330,lakkhaṇanibbattana,.n:base.,.nt.,,,83359,lakkhaṇa+nibbattana,,1,100,18,pm,cm
58331,lakkhaṇanidassana,.n:base.,.nt.,,,83362,lakkhaṇa+nidassana,,1,100,17,pm,cm
58332,lakkhaṇaññathatta,.n:base.,.nt.,,,83367,lakkhaṇa+aññathattha,,1,100,17,pm,cm
58333,lakkhaṇantara,.n:base.,.nt.,,,83369,lakkhaṇa+antara,,1,100,13,pm,cm
58334,lakkhaṇantarānayana,.n:base.,.nt.,,,83370,lakkhaṇantara+ānayana,,1,100,19,pm,cm
58335,lakkhaṇānurūpa,.n:base.,.nt.,,,83382,lakkhaṇa+anurūpa,,1,100,14,pm,cm
58336,lakkhaṇapakāradassana,.n:base.,.nt.,,,83384,lakkhaṇa+pakāra+dassana,,1,100,21,pm,cm
58337,lakkhaṇapariggahaṇa,.n:base.,.nt.,,,83387,lakkhaṇa+pariggahaṇa,,1,100,19,pm,cm
58338,lakkhaṇapariggaṇhana,.n:base.,.nt.,,,83388,lakkhaṇa+pariggaṇhana,,1,100,20,pm,cm
58339,lakkhaṇapariyesana,.n:base.,.nt.$.f.,,,83391,lakkhaṇa+pariyesana,,1,100,18,pm,cm
58340,lakkhaṇapaṭilābhadassana,.n:base.,.nt.,,,83399,lakkhaṇapaṭilābha+dassana,,1,100,24,pm,cm
58341,lakkhaṇapaṭivedhasampāpana,.n:base.,.nt.,,,83402,lakkhaṇapaṭivedha+sampāpana,,1,100,26,pm,cm
58342,lakkhaṇapaṭivedhatta,.n:base.,.nt.,,,83404,lakkhaṇāṭivedha+tta,,1,100,20,pm,cm
58343,lakkhaṇārammaṇūpanijjhāna,.n:base.,.nt.,,,83411,lakkhaṇa+ārammaṇa+upanijjhāna,,1,100,25,pm,cm
58344,lakkhaṇarūpa,.n:base.,.nt.,,,83412,lakkhaṇa+rūpa,,1,100,12,pm,cm
58345,lakkhaṇasacca,.n:base.,.nt.,,,83415,lakkhaṇa+sacca,,1,100,13,pm,cm
58346,lakkhaṇasallakkhaṇa,.n:base.,.nt.$.f.,,,83417,lakkhaṇa+sallakkhaṇa,,1,100,19,pm,cm
58347,lakkhaṇasallakkhaṇamukha,.n:base.,.nt.,,,83418,lakkhaṇasallakkhaṇa+mukha,,1,100,24,pm,cm
58348,lakkhaṇasammasana,.n:base.,.nt.$.f.,,,83421,lakkhaṇa+sammasana,,1,100,17,pm,cm
58349,lakkhaṇasandassana,.n:base.,.nt.,,,83429,lakkhaṇa+sandassana,,1,100,18,pm,cm
58350,lakkhaṇasaṇṭhāna,.n:base.,.nt.,,,83432,lakkhaṇa+saṇṭhāna,,1,100,16,pm,cm
58351,lakkhaṇasattha,.n:base.,.nt.,,,83433,lakkhaṇa+dīpaka+sattha,,1,100,14,pm,cm
58352,lakkhaṇasīsa,.n:base.,.nt.,,,83436,lakkhaṇa+sīsa,,1,100,12,pm,cm
58353,lakkhaṇasuñña,.n:base.,.nt.,,,83438,lakkhaṇa+suñña,,1,100,13,pm,cm
58354,lakkhaṇasutta,.n:base.,.nt.,,,83440,lakkhaṇa+sutta,,1,100,13,pm,cm
58355,lakkhaṇasuttanta,.n:base.,.nt.,,,83441,lakkhaṇasutta+anta,,1,100,16,pm,cm
58356,lakkhaṇatta,.n:base.,.nt.,,,83445,lakkhaṇa+tta,,1,100,11,pm,cm
58357,lakkhaṇattaya,.n:base.,.nt.,,,83446,lakkhaṇa+taya,,1,100,13,pm,cm
58358,lakkhaṇattayadīpana,.n:base.,.nt.,,,83447,lakkhaṇattaya+dīpana,,1,100,19,pm,cm
58359,lakkhaṇattayapajānana,.n:base.,.nt.$.f.,,,83449,lakkhaṇattaya+pajānana,,1,100,21,pm,cm
58360,lakkhaṇattayapaṭivijjhana,.n:base.,.nt.,,,83450,lakkhaṇattaya+paṭivijjhana,,1,100,25,pm,cm
58361,lakkhaṇattayāropana,.n:base.,.nt.,,,83452,lakkhaṇattaya+āropana,,1,100,19,pm,cm
58362,lakkhaṇattayasallakkhaṇasammasana,.n:base.,.nt.,,,83453,lakkhaṇattayasallakkhaṇa+sammasana,,1,100,33,pm,cm
58363,lakkhaṇattayatīraṇa,.n:base.,.nt.$.f.,,,83455,lakkhaṇattaya+tīraṇa,,1,100,19,pm,cm
58364,lakkhaṇatthadīpana,.n:base.,.nt.,,,83462,lakkhaṇattha+dīpana,,1,100,18,pm,cm
58365,lakkhaṇatthavacana,.n:base.,.nt.,,,83463,lakkhaṇattha+vacana,,1,100,18,pm,cm
58366,lakkhaṇattika,.n:base.,.nt.,,,83465,lakkhaṇa+tika,,1,100,13,pm,cm
58367,lakkhaṇavacana,.n:base.,.nt.,,,83467,lakkhaṇa+vacana,,1,100,14,pm,cm
58368,lakkhaṇavavatthāna,.n:base.,.nt.,,,83472,lakkhaṇa+vavatthāna,,1,100,18,pm,cm
58369,lakkhaṇavibhāvana,.n:base.,.nt.$.f.,,,83478,lakkhaṇa+vibhāvana,,1,100,17,pm,cm
58370,lakkhaṇavicinana,.n:base.,.nt.,,,83479,lakkhaṇa+vicinana,,1,100,16,pm,cm
58371,lakkhaṇavirodhabhaya,.n:base.,.nt.,,,83483,lakkhaṇavirodha+bhaya,,1,100,20,pm,cm
58372,lakkhaṇayogga,.n:base.,.nt.,,,83485,lakkhaṇa+yogga,,1,100,13,pm,cm
58373,lakkhaṇūpanijjhāna,.n:base.,.nt.,,,83495,lakkhaṇa+upanijjhāna,,1,100,18,pm,cm
58374,lakkhaṇūpanijjhāna,.n:base.,.nt.,,,83496,lakkhaṇa+upanijjhāna,,1,100,18,pm,cm
58375,lakkhaṇūpanijjhānakicca,.n:base.,.nt.,,,83497,lakkhaṇūpanijjhāna+kicca,,1,100,23,pm,cm
58376,lakkhaṇūpanijjhāyana,.n:base.,.nt.,,,83500,lakkhaṇa+upanijjhāyana,,1,100,20,pm,cm
58377,lakkhaterasaka,.n:base.,.nt.,,,83502,lakkha+terasaka,,1,100,14,pm,cm
58378,lakkhattaya,.n:base.,.nt.,,,83503,lakkha+taya=ti+ṇa,,1,100,11,pm,cm
58379,lakkhaṭṭhāna,.n:base.,.nt.,,,83504,lakkha+ṭhāna,,1,100,12,pm,cm
58380,lakkhīnilayana,.n:base.,.nt.,,,83516,lakkhī+nilayana,,1,100,14,pm,cm
58381,lakkhitabbadhammajāta,.n:base.,.nt.,,,83519,lakkhitabba+dhamma+jāta,,1,100,21,pm,cm
58382,lakkhitaṭṭhāna,.n:base.,.nt.,,,83525,lakkhita+ṭhāna,,1,100,14,pm,cm
58383,lakuṇḍakabhaddiyasutta,.n:base.,.nt.,,,83538,lakuṇḍakabhaddiya+sutta,,1,100,22,pm,cm
58384,lakuṇḍakabhaddiyattheraapadāna,.n:base.,.nt.,,,83540,lakuṇḍakabhaddiyatthera+apadāna,,1,100,30,pm,cm
58385,lakuṇḍakabhaddiyattheravatthu,.n:base.,.nt.,,,83542,lakuṇḍakabhaddiyatthera+vatthu,,1,100,29,pm,cm
58386,lakuṇḍakatta,.n:base.,.nt.,,,83548,lakuṇḍaka+tta,,1,100,12,pm,cm
58387,laḷana,.n:base.,.nt.,,,83564,laḷa+yu,,1,100,6,pm,cm
58388,lālappana,.n:base.,.nt.$.f.,,,83574,lālapa+yu,,1,100,9,pm,cm
58389,lālappanadukkha,.n:base.,.nt.,,,83575,lālappana+dukkha,,1,100,15,pm,cm
58390,laḷitaka,.n:base.,.nt.,,,83596,laḷita+ka,,1,100,8,pm,cm
58391,lāmajja,.n:base.,.nt.,,,83604,lā+majjā,,1,100,7,pm,cm
58392,lāmajjaka,.n:base.,.nt.,,,83605,lā+majjā+ka,,1,100,9,pm,cm
58393,lāmaka,.n:base.,.nt.,,,83607,lāmaka+tta,,1,100,6,pm,cm
58394,lāmakabhatta,.n:base.,.nt.,,,83608,lāmaka+bhatta,,1,100,12,pm,cm
58395,lāmakadhañña,.n:base.,.nt.,,,83615,lāmaka+dhañña,,1,100,12,pm,cm
58396,lāmakadhaññasittha,.n:base.,.nt.,,,83616,lāmakadhañña+sittha,,1,100,18,pm,cm
58397,lāmakādhivacana,.n:base.,.nt.,,,83617,lāmaka+adhivacana,,1,100,15,pm,cm
58398,lāmakajīvita,.n:base.,.nt.,,,83620,lāmaka+jīvi,,1,100,12,pm,cm
58399,lāmakakamma,.n:base.,.nt.,,,83622,lāmaka+kamma,,1,100,11,pm,cm
58400,lāmakakatakāraṇa,.n:base.,.nt.,,,83625,lāmaka+kata+kāraṇa,,1,100,16,pm,cm
58401,lāmakakula,.n:base.,.nt.,,,83627,lāmaka+kula,,1,100,10,pm,cm
58402,lāmakasenāsana,.n:base.,.nt.,,,83645,lāmaka+senāsana,,1,100,14,pm,cm
58403,lāmañja,.n:base.,.nt.,,,83653,lā+majjā,,1,100,7,pm,cm
58404,lāmañjaka,.n:base.,.nt.,,,83655,lā+majjā+ka,,1,100,9,pm,cm
58405,lambakadāma,.n:base.,.nt.,,,83661,lambaka+dāma,,1,100,11,pm,cm
58406,lambana,.n:base.,.nt.,,,83666,labi+yu,,1,100,7,pm,cm
58407,lambhana,.n:base.,.nt.,,,83678,labhi+yu,,1,100,8,pm,cm
58408,lambika,.n:base.,.nt.,,,83682,lambila-,,1,100,7,pm,cm
58409,lambila,.n:base.,.nt.,,,83683,lmadhura+ambila,,1,100,7,pm,cm
58410,lambīvatthu,.n:base.,.nt.,,,83691,lambī+vatthu,,1,100,11,pm,cm
58411,lāna,.n:base.,.nt.,,,83692,lā+yu,,1,100,4,pm,cm
58412,lañchana,.n:base.,.nt.,,,83694,lachi=lañcha+yu,,1,100,8,pm,cm
58413,laṅgana,.n:base.,.nt.,,,83717,lagi+yu,,1,100,7,pm,cm
58414,laṅghana,.n:base.,.nt.$.f.,,,83724,laghi+yu,,1,100,8,pm,cm
58415,laṅghanakamma,.n:base.,.nt.,,,83726,laṅghana+kamma,,1,100,13,pm,cm
58416,laṅghanasādhana,.n:base.,.nt.,,,83728,laṅghana+sādhana,,1,100,15,pm,cm
58417,laṅghanasippa,.n:base.,.nt.,,,83730,laṅghana+sippa,,1,100,13,pm,cm
58418,laṅghāpana,.n:base.,.nt.,,,83734,laghi+ṇāpe+yu,,1,100,10,pm,cm
58419,lañjadāna,.n:base.,.nt.,,,83767,lañca+dāna,,1,100,9,pm,cm
58420,lañjaggahaṇa,.n:base.,.nt.,,,83771,lañja+gahaṇa,,1,100,12,pm,cm
58421,lañjānuppadāna,.n:base.,.nt.,,,83778,lañja+anuppadāna,,1,100,14,pm,cm
58422,laṅkāhitasukha,.n:base.,.nt.,,,83791,laṅkā+hitasukha,,1,100,14,pm,cm
58423,laṅkāmajjha,.n:base.,.nt.,,,83792,laṅkā+majjha,,1,100,11,pm,cm
58424,laṅkārajja,.n:base.,.nt.,,,83794,laṅkā+rajja,,1,100,10,pm,cm
58425,lapana,.n:base.,.nt.$.f.,,,83806,lapa+yu,,1,100,6,pm,cm
58426,lapana,.n:base.,.nt.$.f.,,,83807,lapa+ṇe+yu,,1,100,6,pm,cm
58427,lāpana,.n:base.,.nt.$.f.,,,83808,lapa+ṇe+yu,,1,100,6,pm,cm
58428,lapanantara,.n:base.,.nt.,,,83815,lapana+antara,,1,100,11,pm,cm
58429,lapitavacana,.n:base.,.nt.,,,83835,lapita+vacana,,1,100,12,pm,cm
58430,lāsana,.n:base.,.nt.,,,83839,lasa+yu,,1,100,6,pm,cm
58431,lasuṇadāna,.n:base.,.nt.,,,83859,lasuṇa+dāna,,1,100,10,pm,cm
58432,lasuṇakkhādana,.n:base.,.nt.,,,83863,lasuṇa+khādana,,1,100,14,pm,cm
58433,lasuṇasikkhāpada,.n:base.,.nt.,,,83865,lasuṇa+sikkhāpada,,1,100,16,pm,cm
58434,lasuṇupatiṭṭha,.n:base.,.nt.,,,83869,lasuṇa+upatiṭṭha,,1,100,14,pm,cm
58435,latābandhana,.n:base.,.nt.,,,83875,latā+bandhana,,1,100,12,pm,cm
58436,lātabba,.n:base.,.nt.,,,83877,lātabba+tta,,1,100,7,pm,cm
58437,latādussa,.n:base.,.nt.,,,83880,latā+dussa,,1,100,9,pm,cm
58438,latājāla,.n:base.,.nt.,,,83882,latā+jāla,,1,100,8,pm,cm
58439,latākamma,.n:base.,.nt.,,,83885,latā+kamma,,1,100,9,pm,cm
58440,latāpaduma,.n:base.,.nt.,,,83887,latā+padama,,1,100,10,pm,cm
58441,latāpuppha,.n:base.,.nt.,,,83888,latā+puppha,,1,100,10,pm,cm
58442,laṭṭhimadhu,.n:base.,.nt.,,,83905,laṭṭhi+madhu,,1,100,11,pm,cm
58443,laṭṭhimadhuka,.n:base.,.nt.$.f.,,,83906,laṭṭhi+madhukā,,1,100,13,pm,cm
58444,laṭṭhimadhukavana,.n:base.,.nt.,,,83907,laṭṭhimadhuka+vana,,1,100,17,pm,cm
58445,laṭṭhivana,.n:base.,.nt.,,,83910,laṭṭhi+vana,,1,100,10,pm,cm
58446,laṭṭhivanuyyāna,.n:base.,.nt.,,,83911,laṭṭhivana+uyyāna,,1,100,15,pm,cm
58447,laṭukikajātaka,.n:base.,.nt.,,,83914,laṭukikā+jātaka,,1,100,14,pm,cm
58448,laṭukikopamasutta,.n:base.,.nt.,,,83916,laṭukikopama+sutta,,1,100,17,pm,cm
58449,lavana,.n:base.,.nt.,,,83924,lavana+tta,,1,100,6,pm,cm
58450,lavaṇatta,.n:base.,.nt.,,,83927,lavaṇa+tta,,1,100,9,pm,cm
58451,lavaṅga,.n:base.,.nt.,,,83929,lava(lunanta)+aṅga+a,,1,100,7,pm,cm
58452,lāvañña,.n:base.,.nt.,,,83930,lavaṇa+ṇya,,1,100,7,pm,cm
58453,lāvaṇya,.n:base.,.nt.,,,83931,lavaṇa+ṇya,,1,100,7,pm,cm
58454,lavitta,.n:base.,.nt.,,,83941,lū+atta,,1,100,7,pm,cm
58455,layana,.n:base.,.nt.,,,83946,laya+yu,,1,100,6,pm,cm
58456,lāyana,.n:base.,.nt.,,,83947,lāya+yu,,1,100,6,pm,cm
58457,lāyanagga,.n:base.,.nt.,,,83948,lāyana+agga,,1,100,9,pm,cm
58458,layāpādanakicca,.n:base.,.nt.,,,83951,laya+āpādana+kicca,,1,100,15,pm,cm
58459,lāyitaṭṭhāna,.n:base.,.nt.,,,83960,lāyita+ṭhāna,,1,100,12,pm,cm
58460,leḍḍukhaṇḍa,.n:base.,.nt.,,,83965,leḍḍu+ṇḍe,,1,100,11,pm,cm
58461,leḍḍukikopamasutta,.n:base.,.nt.,,,83967,leḍḍukikā+upamā=leḍḍukikopama+suttha,,1,100,18,pm,cm
58462,leḍḍupātabbhantara,.n:base.,.nt.,,,83971,leḍḍupāta+abbhantara,,1,100,18,pm,cm
58463,leḍḍupātadvaya,.n:base.,.nt.,,,83972,leḍḍupāta+dvaya,,1,100,14,pm,cm
58464,leḍḍupātadvayabbhantara,.n:base.,.nt.,,,83973,leḍḍupātadvaya+abbhantara,,1,100,23,pm,cm
58465,leḍḍuṭṭhāna,.n:base.,.nt.,,,83979,leḍḍu+ṭhāna,,1,100,11,pm,cm
58466,lekhācittatālapaṇṇa,.n:base.,.nt.,,,83991,lekhācitta+tāla+paṇṇa,,1,100,19,pm,cm
58467,lekhāgahana,.n:base.,.nt.,,,83994,lekhā+gahana$gahaṇa¿,,1,100,11,pm,cm
58468,lekhāmajjha,.n:base.,.nt.,,,83999,lekhā+majjha,,1,100,11,pm,cm
58469,lekhāmatta,.n:base.,.nt.,,,84001,lekhā+matta,,1,100,10,pm,cm
58470,lekhana,.n:base.,.nt.,,,84002,likha+yu,,1,100,7,pm,cm
58471,lekhasāsana,.n:base.,.nt.,,,84016,lekha+sāsana,,1,100,11,pm,cm
58472,lekhāsāsana,.n:base.,.nt.,,,84017,lekhā+sāsana,,1,100,11,pm,cm
58473,lekhāsippa,.n:base.,.nt.,,,84018,lekhā+sippa,,1,100,10,pm,cm
58474,lekhasutta,.n:base.,.nt.,,,84019,lekha+sutta,,1,100,10,pm,cm
58475,leṇacchadana,.n:base.,.nt.,,,84027,leṇa+chadana,,1,100,12,pm,cm
58476,leṇadāna,.n:base.,.nt.,,,84029,leṇa+dāna,,1,100,8,pm,cm
58477,leṇadvāra,.n:base.,.nt.,,,84030,leṇa+dvāra,,1,100,9,pm,cm
58478,leṇakaraṇa,.n:base.,.nt.,,,84037,leṇa+karaṇa,,1,100,10,pm,cm
58479,leṇakiccakaraṇa,.n:base.,.nt.,,,84038,leṇa+kicca+karaṇa,,1,100,15,pm,cm
58480,leṇapada,.n:base.,.nt.,,,84041,leṇa+pada,,1,100,8,pm,cm
58481,leṇapiṭṭha,.n:base.,.nt.,,,84042,leṇa+piṭṭha,,1,100,10,pm,cm
58482,leṇaṭṭhāna,.n:base.,.nt.,,,84047,leṇa+ṭhāna,,1,100,10,pm,cm
58483,leṇḍa,.n:base.,.nt.,,,84050,laḍi+ka,,1,100,5,pm,cm
58484,leṇḍavissajjana,.n:base.,.nt.$.f.,,,84051,leṇḍa+vissajjana,,1,100,15,pm,cm
58485,lepacitta,.n:base.,.nt.,,,84054,lepa+citta,,1,100,9,pm,cm
58486,lepacittavatthu,.n:base.,.nt.,,,84056,lepacitta+vatthu,,1,100,15,pm,cm
58487,lepadāna,.n:base.,.nt.,,,84057,lepa+dāna,,1,100,8,pm,cm
58488,lepaghaṭana,.n:base.,.nt.$.f.,,,84059,lepa+ghaṭana,,1,100,11,pm,cm
58489,lepakamma,.n:base.,.nt.,,,84060,lepa+kamma,,1,100,9,pm,cm
58490,lepakicca,.n:base.,.nt.,,,84061,lepa+kicca,,1,100,9,pm,cm
58491,lepamukha,.n:base.,.nt.,,,84064,lepa+mukha,,1,100,9,pm,cm
58492,lepapariyosāna,.n:base.,.nt.,,,84066,lepa+pariyosāna,,1,100,14,pm,cm
58493,leparakkhaṇa,.n:base.,.nt.,,,84075,lepa+rakkhaṇa,,1,100,12,pm,cm
58494,lesabhāvatta,.n:base.,.nt.,,,84082,lesa+bhāva+tta,,1,100,12,pm,cm
58495,lesaggahaṇa,.n:base.,.nt.,,,84083,lesa+gahaṇa,,1,100,11,pm,cm
58496,lesakappiya,.n:base.,.nt.,,,84085,lesa+kappiya,,1,100,11,pm,cm
58497,lesakāraṇa,.n:base.,.nt.,,,84086,lesa+kāraṇa,,1,100,10,pm,cm
58498,lesantara,.n:base.,.nt.,,,84088,lesa+antara,,1,100,9,pm,cm
58499,lesaoḍḍana,.n:base.,.nt.,,,84089,lesa+oḍḍana,,1,100,10,pm,cm
58500,lesapidahana,.n:base.,.nt.,,,84091,lesa+pidahana,,1,100,12,pm,cm
58501,lesokāsanirundhana,.n:base.,.nt.,,,84095,lesokāsa+nirundhana,,1,100,18,pm,cm
58502,lesokāsanisedhana,.n:base.,.nt.,,,84096,lesokāsa+nisedhana,,1,100,17,pm,cm
58503,lesokāsanivāraṇa,.n:base.,.nt.,,,84097,lesokāsa+nivāraṇa,,1,100,16,pm,cm
58504,lesokāsapidahana,.n:base.,.nt.,,,84098,lesokāsa+pidahana,,1,100,16,pm,cm
58505,licchavikumārakasutta,.n:base.,.nt.,,,84108,licchavikumāraka+sutta,,1,100,21,pm,cm
58506,licchavirājakula,.n:base.,.nt.,,,84115,licchavirāja+kula,,1,100,16,pm,cm
58507,licchavisata,.n:base.,.nt.,,,84120,licchavī+sata,,1,100,12,pm,cm
58508,licchavivatthu,.n:base.,.nt.,,,84123,licchavī+vatthu,,1,100,14,pm,cm
58509,licchavīvatthu,.n:base.,.nt.,,,84124,licchavī+vatthu,,1,100,14,pm,cm
58510,likhana,.n:base.,.nt.$.f.,,,84131,likha+yu,,1,100,7,pm,cm
58511,likhasippa,.n:base.,.nt.,,,84142,likha+a+likha+sippa,,1,100,10,pm,cm
58512,likhitapaṇṇa,.n:base.,.nt.,,,84159,likhita+paṇṇa,,1,100,12,pm,cm
58513,likhitaṭṭhāna,.n:base.,.nt.,,,84164,likhita+ṭhāna,,1,100,13,pm,cm
58514,līlāaravinda,.n:base.,.nt.,,,84177,līla+aravinda,,1,100,12,pm,cm
58515,līḷākaraṇa,.n:base.,.nt.,,,84178,liḷā+karaṇa,,1,100,10,pm,cm
58516,līlāravinda,.n:base.,.nt.,,,84180,līlā+aravinda,,1,100,11,pm,cm
58517,limpana,.n:base.,.nt.,,,84186,lipa+yu,,1,100,7,pm,cm
58518,limpitadhañña,.n:base.,.nt.,,,84204,limpita+dhañña,,1,100,13,pm,cm
58519,līnapada,.n:base.,.nt.,,,84222,līna+pada,,1,100,8,pm,cm
58520,līnatthadīpana,.n:base.,.nt.,,,84231,līnattha+dīpana,,1,100,14,pm,cm
58521,liṅga,.n:base.,.nt.,,,84244,liṅga+a,,1,100,5,pm,cm
58522,liṅga,.n:base.,.nt.,,,84245,liṅga+parivattana,,1,100,5,pm,cm
58523,liṅga,.n:base.,.nt.,,,84246,liṅga+dīpana,,1,100,5,pm,cm
58524,liṅgaantaradhāna,.n:base.,.nt.,,,84247,liṅga+antaradhāna,,1,100,16,pm,cm
58525,liṅgabhedamatta,.n:base.,.nt.,,,84250,liṅgabheda+matta,,1,100,15,pm,cm
58526,liṅgabrahmacariya,.n:base.,.nt.,,,84251,liṅga+brahmacariya,,1,100,17,pm,cm
58527,liṅgadhāraṇa,.n:base.,.nt.,,,84253,liṅga+dhāraṇa,,1,100,12,pm,cm
58528,liṅgaggahaṇa,.n:base.,.nt.,,,84255,liṅga+gahaṇa,,1,100,12,pm,cm
58529,liṅgaggahaṇamatta,.n:base.,.nt.,,,84257,liṅgaggahaṇa+matta,,1,100,17,pm,cm
58530,liṅgamatta,.n:base.,.nt.,,,84259,liṅga+matta,,1,100,10,pm,cm
58531,liṅgana,.n:base.,.nt.,,,84260,liṅga+yu,,1,100,7,pm,cm
58532,liṅganānatta,.n:base.,.nt.,,,84261,liṅga+nānā+tta,,1,100,12,pm,cm
58533,liṅganāsana,.n:base.,.nt.$.f.,,,84262,liṅga+nāsana,,1,100,11,pm,cm
58534,liṅganāsanakicca,.n:base.,.nt.,,,84263,liṅganāsana+kicca,,1,100,16,pm,cm
58535,liṅgantara,.n:base.,.nt.,,,84266,liṅga+antara,,1,100,10,pm,cm
58536,liṅgantaradhāna,.n:base.,.nt.,,,84267,liṅga+antaradhāna,,1,100,15,pm,cm
58537,liṅgaparivattana,.n:base.,.nt.,,,84274,liṅga+parivattana,,1,100,16,pm,cm
58538,liṅgaparivattanavatthu,.n:base.,.nt.,,,84276,liṅgaparivattana+vatthu,,1,100,22,pm,cm
58539,liṅgasabbanāma,.n:base.,.nt.,,,84283,liṅga+sabbanāma,,1,100,14,pm,cm
58540,liṅgasampaṭicchana,.n:base.,.nt.,,,84287,liṅga+sampaṭicchana,,1,100,18,pm,cm
58541,liṅgasaṇṭhāna,.n:base.,.nt.,,,84291,liṅga+saṇṭhāna,,1,100,13,pm,cm
58542,lipiñāṇa,.n:base.,.nt.,,,84313,lipi+ñāṇa,,1,100,8,pm,cm
58543,littajātaka,.n:base.,.nt.,,,84320,littha+jātaka,,1,100,11,pm,cm
58544,līyanaṭṭhāna,.n:base.,.nt.,,,84324,līyana+ṭhāna,,1,100,12,pm,cm
58545,lobhacitta,.n:base.,.nt.,,,84333,lobha+citta,,1,100,10,pm,cm
58546,lobhādhiṭṭhāna,.n:base.,.nt.,,,84339,lobha+adhiṭṭhāna,,1,100,14,pm,cm
58547,lobhadukkha,.n:base.,.nt.,,,84340,lobha+dukkha,,1,100,11,pm,cm
58548,lobhaggahaṇa,.n:base.,.nt.,,,84342,lobha+gahaṇa,,1,100,12,pm,cm
58549,lobhajakamma,.n:base.,.nt.,,,84347,lobhaja+kamma,,1,100,12,pm,cm
58550,lobhakāraṇa,.n:base.,.nt.,,,84352,lobha+kāraṇa,,1,100,11,pm,cm
58551,lobhākusalamūla,.n:base.,.nt.,,,84358,lobha+akusalamūla,,1,100,15,pm,cm
58552,lobhamūlacitta,.n:base.,.nt.,,,84360,lobhamūla+citta,,1,100,14,pm,cm
58553,lobhaneyyabhaṇḍa,.n:base.,.nt.,,,84364,lobhaneyya+bhaṇḍa,,1,100,16,pm,cm
58554,lobhanissaraṇa,.n:base.,.nt.,,,84370,lobha+nissaraṇa,,1,100,14,pm,cm
58555,lobhanīyabhaṇḍa,.n:base.,.nt.,,,84372,lobhanīya+bhaṇḍa,,1,100,15,pm,cm
58556,lobhanīyacīvara,.n:base.,.nt.,,,84373,lobhanīya+cīvara,,1,100,15,pm,cm
58557,lobhapāpa,.n:base.,.nt.,,,84381,lobha+pāpa,,1,100,9,pm,cm
58558,lobhappahāna,.n:base.,.nt.,,,84386,lobha+pahāna,,1,100,12,pm,cm
58559,lobhasalla,.n:base.,.nt.,,,84393,lobha+salla,,1,100,10,pm,cm
58560,lobhasutta,.n:base.,.nt.,,,84398,lobha+sutta,,1,100,10,pm,cm
58561,lobhavacana,.n:base.,.nt.,,,84400,lobha+vacana,,1,100,11,pm,cm
58562,lobhavamana,.n:base.,.nt.,,,84401,lobha+vamana,,1,100,11,pm,cm
58563,lobhavāsana,.n:base.,.nt.$.f.,,,84402,lobha+vāsana,,1,100,11,pm,cm
58564,lobhuppattikāraṇa,.n:base.,.nt.,,,84411,lobhuppatti+kāraṇa,,1,100,17,pm,cm
58565,locana,.n:base.,.nt.,,,84415,luñca+yu,,1,100,6,pm,cm
58566,locana,.n:base.,.nt.,,,84416,loca+yu,,1,100,6,pm,cm
58567,lohabhājana,.n:base.,.nt.,,,84425,loha+bhājana,,1,100,11,pm,cm
58568,lohabhāṇaka,.n:base.,.nt.,,,84427,loha+kata+bhāṇaka,,1,100,11,pm,cm
58569,lohabhaṇḍa,.n:base.,.nt.,,,84428,loha+bhaṇḍa,,1,100,10,pm,cm
58570,lohabīja,.n:base.,.nt.,,,84430,loha+bīja,,1,100,8,pm,cm
58571,lohacakkalika,.n:base.,.nt.,,,84431,loha+cakkalika,,1,100,13,pm,cm
58572,lohachadana,.n:base.,.nt.,,,84433,loha+chadana,,1,100,11,pm,cm
58573,lohageha,.n:base.,.nt.,,,84440,loha+geha,,1,100,8,pm,cm
58574,lohajāla,.n:base.,.nt.,,,84442,loha+jāla,,1,100,8,pm,cm
58575,lohakumbhījātaka,.n:base.,.nt.,,,84455,lohakumbhī+jātaka,,1,100,16,pm,cm
58576,lohakumbhīmukha,.n:base.,.nt.,,,84456,lohakumbhi+mukha,,1,100,15,pm,cm
58577,lohakumbhimukhavaṭṭisīsa,.n:base.,.nt.,,,84458,lohakumbhimukhavaṭṭi+sīsa,,1,100,24,pm,cm
58578,lohakumbhīpakkhepana,.n:base.,.nt.,,,84461,lohakumbhī+pakkhepana,,1,100,20,pm,cm
58579,lohakūṭavassa,.n:base.,.nt.,,,84465,lohakūṭa+vassa,,1,100,13,pm,cm
58580,lohamala,.n:base.,.nt.,,,84468,loha+mala,,1,100,8,pm,cm
58581,lohamaṇḍala,.n:base.,.nt.,,,84469,loha+maṇḍala,,1,100,11,pm,cm
58582,lohamaṇḍalaka,.n:base.,.nt.,,,84470,lohamaṇḍala+ka,,1,100,13,pm,cm
58583,lohamayasattha,.n:base.,.nt.,,,84475,lohamaya+sattha,,1,100,14,pm,cm
58584,lohamayaupakaraṇa,.n:base.,.nt.,,,84476,lohamaya+upakaraṇa,,1,100,17,pm,cm
58585,lohapāsādadvāra,.n:base.,.nt.,,,84483,lohapāsāda+dvāra,,1,100,15,pm,cm
58586,lohapāsādaṭṭhāna,.n:base.,.nt.,,,84488,lohapāsāda+ṭhāna,,1,100,16,pm,cm
58587,loharūpa,.n:base.,.nt.,,,84498,loha+rūpa,,1,100,8,pm,cm
58588,lohasippa,.n:base.,.nt.,,,84503,loha+sippa+ṇa,,1,100,9,pm,cm
58589,lohatāḷa,.n:base.,.nt.,,,84505,loha+tāḷa,,1,100,8,pm,cm
58590,lohathālaka,.n:base.,.nt.,,,84506,loha+thālaka,,1,100,11,pm,cm
58591,lohatuṇḍa,.n:base.,.nt.,,,84509,loha+tuṇḍa,,1,100,9,pm,cm
58592,lohatuṇḍaka,.n:base.,.nt.,,,84511,lohatuṇḍa+ka,,1,100,11,pm,cm
58593,lohaudaka,.n:base.,.nt.,,,84513,loha+udaka,,1,100,9,pm,cm
58594,lohiccakula,.n:base.,.nt.,,,84521,lohicca+kula,,1,100,11,pm,cm
58595,lohiccasutta,.n:base.,.nt.,,,84522,lohicca+sutta,,1,100,12,pm,cm
58596,lohitacandana,.n:base.,.nt.,,,84528,lohita+candana,,1,100,13,pm,cm
58597,lohitacandanavilepana,.n:base.,.nt.,,,84536,lohitacandana+vilepana,,1,100,21,pm,cm
58598,lohitahoma,.n:base.,.nt.,,,84545,lohita+homa,,1,100,10,pm,cm
58599,lohitaka,.n:base.,.nt.,,,84547,lohita+kira+kvi,,1,100,8,pm,cm
58600,lohitakakammaṭṭhāna,.n:base.,.nt.,,,84551,lohītaka+kammaṭṭhāna,,1,100,19,pm,cm
58601,lohitakanimitta,.n:base.,.nt.,,,84558,lohitaka+nimitta,,1,100,15,pm,cm
58602,lohitakarūpanimmāna,.n:base.,.nt.,,,84562,lohitaka+rūpa+nimmāna,,1,100,19,pm,cm
58603,lohitakkhasahassa,.n:base.,.nt.,,,84576,lohitakkha+sahassa,,1,100,17,pm,cm
58604,lohitamaddana,.n:base.,.nt.,,,84582,lohita+maddana,,1,100,13,pm,cm
58605,lohitamala,.n:base.,.nt.,,,84586,lohita+mala,,1,100,10,pm,cm
58606,lohitanimitta,.n:base.,.nt.,,,84596,lohita+nimitta,,1,100,13,pm,cm
58607,lohitapaggharaṇa,.n:base.,.nt.,,,84604,lohita+paggharaṇa,,1,100,16,pm,cm
58608,lohitapakkhandikāvirecana,.n:base.,.nt.,,,84609,lohitapakkhandikā+virecana,,1,100,25,pm,cm
58609,lohitaparikamma,.n:base.,.nt.,,,84614,lohita+parikamma,,1,100,15,pm,cm
58610,lohitapitta,.n:base.,.nt.,,,84618,lohita+pitta,,1,100,11,pm,cm
58611,lohitappahāna,.n:base.,.nt.,,,84619,lohita+pahāna,,1,100,13,pm,cm
58612,lohitaṭṭhāna,.n:base.,.nt.,,,84636,lohita+ṭhāna,,1,100,12,pm,cm
58613,lohitavatthu,.n:base.,.nt.,,,84645,lohita+vatthu,,1,100,12,pm,cm
58614,lohitayuttaṭṭhāna,.n:base.,.nt.,,,84648,lohita+yutta+ṭhāna,,1,100,17,pm,cm
58615,lohituppādakamma,.n:base.,.nt.,,,84654,lohituppāda+kamma,,1,100,16,pm,cm
58616,lohituppādana,.n:base.,.nt.,,,84656,lohita+uppādana,,1,100,13,pm,cm
58617,lokacāritta,.n:base.,.nt.,,,84666,loka+cāritta,,1,100,11,pm,cm
58618,lokāciṇṇa,.n:base.,.nt.,,,84669,loka+āciṇṇa,,1,100,9,pm,cm
58619,lokacintāsutta,.n:base.,.nt.,,,84671,lokacintā+sutta,,1,100,14,pm,cm
58620,lokacitta,.n:base.,.nt.,,,84673,loka+citta,,1,100,9,pm,cm
58621,lokadhammaggahaṇa,.n:base.,.nt.,,,84678,lokadhamma+gahaṇa,,1,100,17,pm,cm
58622,lokadhammapaṭisevana,.n:base.,.nt.,,,84681,lokadhamma+paṭisevana,,1,100,20,pm,cm
58623,lokadhammasevana,.n:base.,.nt.,,,84684,lokadhamma+sevana,,1,100,16,pm,cm
58624,lokadhammatānussaraṇa,.n:base.,.nt.,,,84687,lokadhammatā+anussaraṇa,,1,100,21,pm,cm
58625,lokadhātusahassa,.n:base.,.nt.,,,84692,lokadhātu+sahassa,,1,100,16,pm,cm
58626,lokadhātusākalya,.n:base.,.nt.,,,84693,lokadhātu+sākalya,,1,100,16,pm,cm
58627,lokadhātusatasahassa,.n:base.,.nt.,,,84695,lokadhātu+satasahassa,,1,100,20,pm,cm
58628,lokadhātvantara,.n:base.,.nt.,,,84696,lokadhātu+antara,,1,100,15,pm,cm
58629,lokagarudīpana,.n:base.,.nt.,,,84705,lokagaru+dīpana,,1,100,14,pm,cm
58630,lokahita,.n:base.,.nt.,,,84712,loka+hita,,1,100,8,pm,cm
58631,lokahita,.n:base.,.nt.,,,84713,lokahita+karaṇa,,1,100,8,pm,cm
58632,lokahitakaraṇa,.n:base.,.nt.,,,84716,lokahīta+karaṇa,,1,100,14,pm,cm
58633,lokahitānucintana,.n:base.,.nt.,,,84717,lokahita+anucintana,,1,100,17,pm,cm
58634,lokajeṭṭhakakamma,.n:base.,.nt.,,,84726,lokajeṭṭhaka+kamma,,1,100,17,pm,cm
58635,lokamala,.n:base.,.nt.,,,84734,loka+mala,,1,100,8,pm,cm
58636,lokamariyādaparipālana,.n:base.,.nt.,,,84737,lokamariyādā+paripālana,,1,100,22,pm,cm
58637,lokāmisa,.n:base.,.nt.,,,84738,loka+āmisa,,1,100,8,pm,cm
58638,lokāmisasaṃyojana,.n:base.,.nt.,,,84743,lokāmisa+saṃyojana,,1,100,17,pm,cm
58639,lokāmisaṭṭhāna,.n:base.,.nt.,,,84744,lokāmisa+ṭhāna,,1,100,14,pm,cm
58640,lokāmisūpādāna,.n:base.,.nt.,,,84745,lokāmisa+upādāna,,1,100,14,pm,cm
58641,lokanissaraṇa,.n:base.,.nt.,,,84762,loka+nissaraṇa,,1,100,13,pm,cm
58642,lokanittharaṇa,.n:base.,.nt.,,,84767,loka+nittharaṇa,,1,100,14,pm,cm
58643,lokaniyyāna,.n:base.,.nt.,,,84771,loka+niyyāna,,1,100,11,pm,cm
58644,lokantagamanasutta,.n:base.,.nt.,,,84773,lokantha+gamana+sutta,,1,100,18,pm,cm
58645,lokānuvattana,.n:base.,.nt.,,,84793,loka+anuvattana,,1,100,13,pm,cm
58646,lokapāladuka,.n:base.,.nt.,,,84804,lokapāla+duka,,1,100,12,pm,cm
58647,lokapañhāsutta,.n:base.,.nt.,,,84810,loka+pañhā+sutta,,1,100,14,pm,cm
58648,lokappamāṇa,.n:base.,.nt.,,,84828,loka+pamāṇa,,1,100,11,pm,cm
58649,lokapūjana,.n:base.,.nt.,,,84834,loka+pūjana,,1,100,10,pm,cm
58650,lokasabhāvakkhāna,.n:base.,.nt.,,,84839,lokasabhāva+akkhāna,,1,100,17,pm,cm
58651,lokasaddaggahaṇa,.n:base.,.nt.,,,84842,lokasadda+gahaṇa,,1,100,16,pm,cm
58652,lokasammatasenāsana,.n:base.,.nt.,,,84860,lokasammata+senāsana,,1,100,19,pm,cm
58653,lokasamudayasutta,.n:base.,.nt.,,,84866,lokasamudaya+sutta,,1,100,17,pm,cm
58654,lokasutta,.n:base.,.nt.,,,84894,loka+sutta,,1,100,9,pm,cm
58655,lokattaya,.n:base.,.nt.,,,84901,loka+taya,,1,100,9,pm,cm
58656,lokattayābhibyāpana,.n:base.,.nt.,,,84902,lokattaya+abhibyāpana,,1,100,19,pm,cm
58657,lokatthakiriya,.n:base.,.nt.$.f.,,,84912,lokattha+kiriya,,1,100,14,pm,cm
58658,lokatthanipphādana,.n:base.,.nt.,,,84914,lokattha+nipphādana,,1,100,18,pm,cm
58659,lokatthānusāsana,.n:base.,.nt.,,,84915,loka+attha+anusāsana,,1,100,16,pm,cm
58660,lokavacana,.n:base.,.nt.,,,84916,loka+vacana,,1,100,10,pm,cm
58661,lokavajja,.n:base.,.nt.$.f.,,,84923,loka+vajja,,1,100,9,pm,cm
58662,lokavajjaduka,.n:base.,.nt.,,,84925,lokavajja+duka,,1,100,13,pm,cm
58663,lokavajjasikkhāpada,.n:base.,.nt.,,,84927,lokavajja+sikkhāpada,,1,100,19,pm,cm
58664,lokavajjavacana,.n:base.,.nt.,,,84928,lokavajja+vacana,,1,100,15,pm,cm
58665,lokavañcana,.n:base.,.nt.,,,84929,loka+vañcana,,1,100,11,pm,cm
58666,lokavaṭṭa,.n:base.,.nt.,,,84930,loka+vaṭṭa,,1,100,9,pm,cm
58667,lokavicaraṇa,.n:base.,.nt.,,,84934,loka+vicaraṇa,,1,100,12,pm,cm
58668,lokavicitta,.n:base.,.nt.,,,84937,loka+vicitta,,1,100,11,pm,cm
58669,lokavivaraṇa,.n:base.,.nt.,,,84946,loka+vivaraṇa,,1,100,12,pm,cm
58670,lokavivaraṇapāṭihāriya,.n:base.,.nt.,,,84947,lokavivaraṇa+pāṭihāriya,,1,100,22,pm,cm
58671,lokavivaraṇayamakapāṭihāriya,.n:base.,.nt.,,,84948,lokavivaraṇa+yamaka+pāṭihāriya,,1,100,28,pm,cm
58672,lokavohāravacanamatta,.n:base.,.nt.,,,84954,lokavohāra+vacana+matta,,1,100,21,pm,cm
58673,lokavolokana,.n:base.,.nt.,,,84957,loka+volokana,,1,100,12,pm,cm
58674,lokāyata,.n:base.,.nt.,,,84958,loka+āyata-(=na+yata+a,,1,100,8,pm,cm
58675,lokāyataka,.n:base.,.nt.,,,84959,lokāyata+ka,,1,100,10,pm,cm
58676,lokāyatasippa,.n:base.,.nt.,,,84961,lokāyata+sippa,,1,100,13,pm,cm
58677,lokāyatikasutta,.n:base.,.nt.,,,84967,lokāyatika$+sutta,,1,100,15,pm,cm
58678,lokita,.n:base.,.nt.,,,84975,loka+ta,,1,100,6,pm,cm
58679,lokiyaadhicitta,.n:base.,.nt.,,,84979,lokiya+adhicitta,,1,100,15,pm,cm
58680,lokiyaaṭṭhasamāpatticitta,.n:base.,.nt.,,,84981,lokiya+aṭṭhasamāpatti+citta,,1,100,25,pm,cm
58681,lokiyacakkhu,.n:base.,.nt.,,,84986,lokiya+cakkhu,,1,100,12,pm,cm
58682,lokiyacāritta,.n:base.,.nt.,,,84987,lokiya+cāritta,,1,100,13,pm,cm
58683,lokiyacatutthajjhāna,.n:base.,.nt.,,,84988,lokiya+catutthajjhāna,,1,100,20,pm,cm
58684,lokiyacitta,.n:base.,.nt.,,,84990,lokiya+citta,,1,100,11,pm,cm
58685,lokiyadāyajja,.n:base.,.nt.,,,84996,lokiya+dāyajja,,1,100,13,pm,cm
58686,lokiyadhammasandassana,.n:base.,.nt.,,,85004,lokiyadhamma+sandassana,,1,100,22,pm,cm
58687,lokiyadhana,.n:base.,.nt.,,,85006,lokiya+dhana,,1,100,11,pm,cm
58688,lokiyaggahaṇa,.n:base.,.nt.,,,85007,lokiya+gahaṇa,,1,100,13,pm,cm
58689,lokiyaindriya,.n:base.,.nt.,,,85011,lokiya+indriya,,1,100,13,pm,cm
58690,lokiyajjhāna,.n:base.,.nt.,,,85016,lokiya+cyāna,,1,100,12,pm,cm
58691,lokiyajjhānacitta,.n:base.,.nt.,,,85018,lokiyajjhāna+citta,,1,100,17,pm,cm
58692,lokiyajjhānasukha,.n:base.,.nt.,,,85024,lokiyajjhāna+sukha,,1,100,17,pm,cm
58693,lokiyakamma,.n:base.,.nt.,,,85025,lokiya+kamma,,1,100,11,pm,cm
58694,lokiyakicca,.n:base.,.nt.,,,85028,lokiya+kicca,,1,100,11,pm,cm
58695,lokiyakusala,.n:base.,.nt.,,,85032,lokiya+kusala,,1,100,12,pm,cm
58696,lokiyakusalābyākata,.n:base.,.nt.,,,85033,lokiyakusala+abyākata,,1,100,19,pm,cm
58697,lokiyakusalacitta,.n:base.,.nt.,,,85034,lokiyakusala+citta,,1,100,17,pm,cm
58698,lokiyakusalākusala,.n:base.,.nt.,,,85037,lokiyakusala+akusala,,1,100,18,pm,cm
58699,lokiyakuṭumba,.n:base.,.nt.,,,85041,lokiya+kuṭumba,,1,100,13,pm,cm
58700,lokiyañāṇa,.n:base.,.nt.,,,85051,lokiya+ñāṇa,,1,100,10,pm,cm
58701,lokiyapada,.n:base.,.nt.,,,85058,lokiya+pada,,1,100,10,pm,cm
58702,lokiyapañcasīla,.n:base.,.nt.,,,85060,lokiya+pañcasīla,,1,100,15,pm,cm
58703,lokiyapaṭipadānuttariya,.n:base.,.nt.,,,85065,lokiyapaṭipadā+anuttariya,,1,100,23,pm,cm
58704,lokiyapaṭipadānuttariya,.n:base.,.nt.,,,85066,lokīyapaṭipadā+anuttariya,,1,100,23,pm,cm
58705,lokiyapaṭisammodana,.n:base.,.nt.,,,85067,lokiya+paṭisammodana,,1,100,19,pm,cm
58706,lokiyaphala,.n:base.,.nt.,,,85069,lokiya+phala,,1,100,11,pm,cm
58707,lokiyaratana,.n:base.,.nt.,,,85073,lokiya+ratana,,1,100,12,pm,cm
58708,lokiyasaccañāṇa,.n:base.,.nt.,,,85075,lokiya+sacca+ñāṇa,,1,100,15,pm,cm
58709,lokiyasaddhindriya,.n:base.,.nt.,,,85077,lokiya+saddhindriya,,1,100,18,pm,cm
58710,lokiyasammappadhāna,.n:base.,.nt.,,,85088,lokiya+sammappadhāna,,1,100,19,pm,cm
58711,lokiyasaraṇagamana,.n:base.,.nt.,,,85095,lokiya+saraṇagamana,,1,100,18,pm,cm
58712,lokiyasīla,.n:base.,.nt.,,,85097,lokiya+sīla,,1,100,10,pm,cm
58713,lokiyasota,.n:base.,.nt.,,,85100,lokiya+sota,,1,100,10,pm,cm
58714,lokiyasukha,.n:base.,.nt.,,,85102,lokiya+sukha,,1,100,11,pm,cm
58715,lokiyasutta,.n:base.,.nt.,,,85104,lokiya+sutta,,1,100,11,pm,cm
58716,lokiyatta,.n:base.,.nt.,,,85109,lokiya+tta,,1,100,9,pm,cm
58717,lokiyaṭṭhāna,.n:base.,.nt.,,,85110,lokiya+ṭhāna,,1,100,12,pm,cm
58718,lokiyavipākacitta,.n:base.,.nt.,,,85121,lokiyavipāka+citta,,1,100,17,pm,cm
58719,lokiyavīriya,.n:base.,.nt.,,,85124,lokiya+sampayutta+vīriya,,1,100,12,pm,cm
58720,lokiyavisesana,.n:base.,.nt.,,,85125,lokiya+visesana,,1,100,14,pm,cm
58721,lokkha,.n:base.,.nt.,,,85128,lukha+ṇa,,1,100,6,pm,cm
58722,lokkhasammataggahaṇa,.n:base.,.nt.,,,85131,lokkhasammata+gahaṇa,,1,100,20,pm,cm
58723,lokkhasammatālakkhaṇa,.n:base.,.nt.,,,85132,lokkha-sammatā+lakkhaṇa,,1,100,21,pm,cm
58724,lokuttarabala,.n:base.,.nt.,,,85146,lokuttara+bala,,1,100,13,pm,cm
58725,lokuttaracakkhu,.n:base.,.nt.,,,85153,lokuttara+cakkhu,,1,100,15,pm,cm
58726,lokuttaracitta,.n:base.,.nt.,,,85155,lokuttara+citta,,1,100,14,pm,cm
58727,lokuttaradāyajja,.n:base.,.nt.,,,85157,lokuttara+dāyajja,,1,100,16,pm,cm
58728,lokuttaradhammakhīra,.n:base.,.nt.,,,85165,lokuttaradhamma+khīra,,1,100,20,pm,cm
58729,lokuttaradhammasampāpana,.n:base.,.nt.,,,85177,lokuttaradhamma+sampāpana,,1,100,24,pm,cm
58730,lokuttaradhana,.n:base.,.nt.,,,85183,lokuttara+dhana,,1,100,14,pm,cm
58731,lokuttarahita,.n:base.,.nt.,,,85186,lokuttara+hita,,1,100,13,pm,cm
58732,lokuttarajjhāna,.n:base.,.nt.,,,85187,lokuttara+cyāna,,1,100,15,pm,cm
58733,lokuttarakamma,.n:base.,.nt.,,,85188,lokuttara+kamma,,1,100,14,pm,cm
58734,lokuttarakicca,.n:base.,.nt.,,,85191,lokuttara+kicca,,1,100,14,pm,cm
58735,lokuttarakiriyacitta,.n:base.,.nt.,,,85192,lokuttara+kiriya+citta,,1,100,20,pm,cm
58736,lokuttarakiriyaviññāṇa,.n:base.,.nt.,,,85193,lokuttarakiriya+viññāṇa,,1,100,22,pm,cm
58737,lokuttarakusala,.n:base.,.nt.,,,85196,lokuttara+kusala,,1,100,15,pm,cm
58738,lokuttarakusalacitta,.n:base.,.nt.,,,85198,lokuttarakusala+citta,,1,100,20,pm,cm
58739,lokuttarakuṭumba,.n:base.,.nt.,,,85202,lokuttara+kuṭumba,,1,100,16,pm,cm
58740,lokuttaramaggadassana,.n:base.,.nt.,,,85206,lokuttaramagga+dassana,,1,100,21,pm,cm
58741,lokuttaramaggakkhaṇa,.n:base.,.nt.,,,85207,lokuttaramagga+khaṇa,,1,100,20,pm,cm
58742,lokuttaramaggañāṇa,.n:base.,.nt.,,,85208,lokuttaramagga+ñāṇa,,1,100,18,pm,cm
58743,lokuttarañāṇa,.n:base.,.nt.,,,85215,lokuttara+ñāṇa,,1,100,13,pm,cm
58744,lokuttaranibbāna,.n:base.,.nt.,,,85219,lokuttara+nibbāna,,1,100,16,pm,cm
58745,lokuttarapada,.n:base.,.nt.,,,85223,lokuttara+pada,,1,100,13,pm,cm
58746,lokuttarapādakajjhāna,.n:base.,.nt.,,,85225,lokuttara+pādakajjhāna,,1,100,21,pm,cm
58747,lokuttarapadaṭṭhāna,.n:base.,.nt.,,,85226,lokuttara+padaṭṭhāna,,1,100,19,pm,cm
58748,lokuttarāpanayana,.n:base.,.nt.,,,85227,lokuttara+apanayana,,1,100,17,pm,cm
58749,lokuttarapaṭhamajjhāna,.n:base.,.nt.,,,85232,lokuttara+paṭhamajjhāna,,1,100,22,pm,cm
58750,lokuttarapaṭisammodana,.n:base.,.nt.,,,85235,lokuttara+paṭisammodana,,1,100,22,pm,cm
58751,lokuttaraphala,.n:base.,.nt.,,,85237,lokuttara+phala,,1,100,14,pm,cm
58752,lokuttarapuñña,.n:base.,.nt.,,,85245,lokuttarapuñña+lokuttarapuññaphala,,1,100,14,pm,cm
58753,lokuttarasamādhisukha,.n:base.,.nt.,,,85252,lokuttarasamādhi+sukha,,1,100,21,pm,cm
58754,lokuttarasamāpattisamāpajjana,.n:base.,.nt.,,,85255,lokuttarasamāpatti+samāpajjana,,1,100,29,pm,cm
58755,lokuttarasaraṇagamana,.n:base.,.nt.,,,85262,lokuttara+saraṇagamana,,1,100,21,pm,cm
58756,lokuttarasatipaṭṭhāna,.n:base.,.nt.,,,85263,lokuttara+satipaṭṭhāna,,1,100,21,pm,cm
58757,lokuttarasīla,.n:base.,.nt.,,,85265,lokuttara+sīla,,1,100,13,pm,cm
58758,lokuttarasukha,.n:base.,.nt.,,,85266,lokuttara+sukha,,1,100,14,pm,cm
58759,lokuttarasutta,.n:base.,.nt.,,,85269,lokuttara+sutta,,1,100,14,pm,cm
58760,lokuttaraṭṭhāna,.n:base.,.nt.,,,85272,lokuttara+ṭhāna,,1,100,15,pm,cm
58761,lokuttaravipassanācitta,.n:base.,.nt.,,,85279,lokuttaravipassanā+citta,,1,100,23,pm,cm
58762,lokuttaraviriya,.n:base.,.nt.,,,85280,lokuttara+vīriya,,1,100,15,pm,cm
58763,lokuttarindriya,.n:base.,.nt.,,,85282,lokuttara+indriya,,1,100,15,pm,cm
58764,lolajātaka,.n:base.,.nt.,,,85292,lola+jātaka,,1,100,10,pm,cm
58765,lolakāraṇa,.n:base.,.nt.,,,85297,lola+kāraṇa,,1,100,10,pm,cm
58766,lolavatthu,.n:base.,.nt.,,,85310,lola+vatthu,,1,100,10,pm,cm
58767,loliya,.n:base.,.nt.,,,85314,lola+ṇya,,1,100,6,pm,cm
58768,loluppa,.n:base.,.nt.,,,85318,lolupa+ṇya,,1,100,7,pm,cm
58769,loluppacārappahāna,.n:base.,.nt.,,,85321,loluppacāra+pahāna,,1,100,18,pm,cm
58770,loluppavivajjana,.n:base.,.nt.,,,85333,loluppa+vivajjana,,1,100,16,pm,cm
58771,loluppāyitatta,.n:base.,.nt.,,,85336,loluppāyita+tta,,1,100,14,pm,cm
58772,lolya,.n:base.,.nt.,,,85337,lola+ṇya,,1,100,5,pm,cm
58773,lolyakāraṇa,.n:base.,.nt.,,,85338,lolya+kāraṇa,,1,100,11,pm,cm
58774,loma,.n:base.,.nt.,,,85340,loma+ṇa,,1,100,4,pm,cm
58775,lomacalana,.n:base.,.nt.,,,85341,loma+calana,,1,100,10,pm,cm
58776,lomaggahaṇa,.n:base.,.nt.,,,85343,loma+gahaṇa,,1,100,11,pm,cm
58777,lomaghaṭṭana,.n:base.,.nt.$.f.,,,85344,loma+ghaṭṭana,,1,100,12,pm,cm
58778,lomahaṃsajātaka,.n:base.,.nt.,,,85351,lomahaṃsa+jātaka,,1,100,15,pm,cm
58779,lomahaṃsasamuṭṭhāna,.n:base.,.nt.,,,85360,lomahaṃsa+samuṭṭhāna,,1,100,19,pm,cm
58780,lomaharaṇa,.n:base.,.nt.,,,85363,loma+haraṇa,,1,100,10,pm,cm
58781,lomakūpasahassa,.n:base.,.nt.,,,85370,lomakūpa+sahassa,,1,100,15,pm,cm
58782,lomamayasutta,.n:base.,.nt.,,,85371,loma+maya+sutta,,1,100,13,pm,cm
58783,lomamūla,.n:base.,.nt.,,,85372,loma+mūla,,1,100,8,pm,cm
58784,lomana,.n:base.,.nt.,,,85373,loma+maya,,1,100,6,pm,cm
58785,lomantara,.n:base.,.nt.,,,85374,loma+antara,,1,100,9,pm,cm
58786,lomaphusana,.n:base.,.nt.,,,85378,loma+phusana,,1,100,11,pm,cm
58787,lomarājiṭṭhapana,.n:base.,.nt.,,,85381,lomarāji+ṭhapana,,1,100,16,pm,cm
58788,lomasakaṅgiyabhaddekarattasutta,.n:base.,.nt.,,,85387,lomasakaṅgiya+bhaddekarattasutta,,1,100,31,pm,cm
58789,lomasakassapajātaka,.n:base.,.nt.,,,85391,lomasakassapa+jātaka,,1,100,19,pm,cm
58790,lomasaṃharaṇa,.n:base.,.nt.,,,85392,loma+saṃharaṇa,,1,100,13,pm,cm
58791,lomasutta,.n:base.,.nt.,,,85398,loma+sutta,,1,100,9,pm,cm
58792,loṇa,.n:base.,.nt.,,,85403,lū+yu,,1,100,4,pm,cm
58793,loṇa,.n:base.,.nt.,,,85405,loṇa+kapallasutta,,1,100,4,pm,cm
58794,loṇabhatta,.n:base.,.nt.,,,85406,loṇa(2)+bhatta,,1,100,10,pm,cm
58795,loṇabīla,.n:base.,.nt.,,,85407,loṇa+bīlabiḍa-sakkata,,1,100,8,pm,cm
58796,loṇacuṇṇa,.n:base.,.nt.,,,85409,loṇa+cuṇṇa,,1,100,9,pm,cm
58797,loṇacuṇṇamattasannidhikāraṇa,.n:base.,.nt.,,,85410,loṇacuṇa+matta+sannidhi+kāraṇa,,1,100,28,pm,cm
58798,loṇadhūpana,.n:base.,.nt.,,,85411,loṇa+dhūpana,,1,100,11,pm,cm
58799,loṇakapalla,.n:base.,.nt.,,,85416,loṇa+kapalla,,1,100,11,pm,cm
58800,loṇakapallasutta,.n:base.,.nt.,,,85417,loṇakapalla+sutta,,1,100,16,pm,cm
58801,loṇakicca,.n:base.,.nt.,,,85425,loṇa+kicca,,1,100,9,pm,cm
58802,loṇamatta,.n:base.,.nt.,,,85428,loṇa+matta,,1,100,9,pm,cm
58803,loṇambila,.n:base.,.nt.,,,85430,loṇa+ambila,,1,100,9,pm,cm
58804,loṇambilasutta,.n:base.,.nt.,,,85433,loṇambila+sutta,,1,100,14,pm,cm
58805,loṇamissabhojana,.n:base.,.nt.,,,85435,loṇamissa+bhojana,,1,100,16,pm,cm
58806,loṇapaṭala,.n:base.,.nt.,,,85437,loṇa+paṭala,,1,100,10,pm,cm
58807,loṇasovīraka,.n:base.,.nt.,,,85445,loṇa+sovīraka,,1,100,12,pm,cm
58808,loṇasovīrakavatthu,.n:base.,.nt.,,,85446,loṇasovīraka+vatthu,,1,100,18,pm,cm
58809,loṇasupuṭaka,.n:base.,.nt.,,,85447,loṇa+supuṭaka,,1,100,12,pm,cm
58810,loṇatoya,.n:base.,.nt.,,,85449,loṇa+toya,,1,100,8,pm,cm
58811,loṇodaka,.n:base.,.nt.,,,85459,loṇa+udaka,,1,100,8,pm,cm
58812,loṇudaka,.n:base.,.nt.,,,85460,loṇa+udaka,,1,100,8,pm,cm
58813,loṇūdaka,.n:base.,.nt.,,,85461,loṇa+udaka,,1,100,8,pm,cm
58814,loṇūdakapāna,.n:base.,.nt.,,,85462,loṇūdaka+pāna,,1,100,12,pm,cm
58815,losakajātaka,.n:base.,.nt.,,,85469,losaka+jātaka,,1,100,12,pm,cm
58816,lubbhanamatta,.n:base.,.nt.,,,85480,lubbhana+matta,,1,100,13,pm,cm
58817,lubbhitatta,.n:base.,.nt.,,,85487,lubbhita+tta,,1,100,11,pm,cm
58818,luccana,.n:base.,.nt.,,,85489,luca+ya+yu,,1,100,7,pm,cm
58819,luddācārakamma,.n:base.,.nt.,,,85498,luddācāra+kamma,,1,100,14,pm,cm
58820,luddakanivāsanaṭṭhāna,.n:base.,.nt.,,,85502,luddaka+nivāsana+ṭhāna,,1,100,21,pm,cm
58821,lūkhabhatta,.n:base.,.nt.,,,85531,lūkha+bhatta,,1,100,11,pm,cm
58822,lūkhabhojana,.n:base.,.nt.,,,85533,lūkha+bhojana,,1,100,12,pm,cm
58823,lūkhacīvaradhāraṇa,.n:base.,.nt.,,,85539,lūkhacīvara+dhāraṇa,,1,100,18,pm,cm
58824,lūkhajīvita,.n:base.,.nt.,,,85550,lūkha+jīvita,,1,100,11,pm,cm
58825,lūkhapuggalaparivajjana,.n:base.,.nt.$.f.,,,85561,lūkhapuggala+parivajjana,,1,100,23,pm,cm
58826,lūkhaṭṭhāna,.n:base.,.nt.,,,85575,lūkha+ṭhāna,,1,100,11,pm,cm
58827,luḷitacitta,.n:base.,.nt.,,,85580,luḷita+citta,,1,100,11,pm,cm
58828,luḷitodaka,.n:base.,.nt.,,,85581,luḷita+udaka,,1,100,10,pm,cm
58829,lūma,.n:base.,.nt.,,,85582,lū+ma,,1,100,4,pm,cm
58830,lumbinikānana,.n:base.,.nt.,,,85588,lumbinī+kānana,,1,100,13,pm,cm
58831,lumbinisālavanuyyāna,.n:base.,.nt.,,,85589,lumbinī+sāla+vana+uyyāna,,1,100,20,pm,cm
58832,lumbinivana,.n:base.,.nt.,,,85590,lumbinī+vana,,1,100,11,pm,cm
58833,lumbinīvana,.n:base.,.nt.,,,85591,lumbinī+vana,,1,100,11,pm,cm
58834,lunana,.n:base.,.nt.$.f.,,,85598,lū+nā+yu,,1,100,6,pm,cm
58835,luñcana,.n:base.,.nt.,,,85609,luñca+yu,,1,100,7,pm,cm
58836,luṅga,.n:base.,.nt.,,,85619,liṅga=luṅga,,1,100,5,pm,cm
58837,luppana,.n:base.,.nt.,,,85639,lupa+ya+yu,,1,100,7,pm,cm
58838,lūtasutta,.n:base.,.nt.,,,85646,lūtā+sutta,,1,100,9,pm,cm
