ref_index.csv,ref1.db,dict
dict_info.csv,ref.db,info
ref1.csv,ref.db,dict
ref2.csv,ref.db,dict
ref3.csv,ref.db,dict
ref4.csv,ref.db,dict
ref5.csv,ref.db,dict
ref6.csv,ref.db,dict
ref7.csv,ref.db,dict
ref8.csv,ref.db,dict
ref9.csv,ref.db,dict
ref10.csv,ref.db,dict
ref11-1.csv,ref.db,dict
ref11-2.csv,ref.db,dict
ref11-3.csv,ref.db,dict
ref11-4.csv,ref.db,dict
ref11-5.csv,ref.db,dict
ref12.csv,ref.db,dict
ref13.csv,ref.db,dict
ref14.csv,ref.db,dict
ref15.csv,ref.db,dict
ref16.csv,ref.db,dict
ref17.csv,ref.db,dict
ref19.csv,ref.db,dict
ref18.csv,ref.db,dict
ref20.csv,ref.db,dict
ref21.csv,ref.db,dict
ref22.csv,ref.db,dict
ref23.csv,ref.db,dict
ref24.csv,ref.db,dict
ref26.csv,ref.db,dict
ref27.csv,ref.db,dict
ref29.csv,ref.db,dict
ref32.csv,ref.db,dict
ref33.csv,ref.db,dict
ref34.csv,ref.db,dict
ref35.csv,ref.db,dict