535001,en,34,declensions,declensions,declensions,<b>brief in declensions</b><br>In Pāḷi Language，nouns can be change into eight different cases as below：<br>[[nom]]inative&nbsp;case，for more details can see [[form of nom.]]<br>[[inst]]rumental&nbsp;case，for more details can see [[form of inst.]]<br>[[acc]]usative&nbsp;case，for more details can see [[form of acc.]]<br>[[dat]]ive&nbsp;case，for more details can see [[form of dat.]]<br>[[abl]]ative&nbsp;case，for more details can see [[form of abl.]]<br>[[gen]]itive&nbsp;case，for more details can see [[form of gen.]]<br>[[loc]]ative&nbsp;case，for more details can see [[form of loc.]]<br>[[voc]]ative&nbsp;case，for more details can see [[form of voc.]],,1
535002,en,34,-a,-ā,-ā,[[-ā]]：[[Declensions]] of [[Noun]]<br>[[f.]]&nbsp;&nbsp;[[pl.]]&nbsp;&nbsp;[[acc.]]<br>[[f.]]&nbsp;&nbsp;[[pl.]]&nbsp;&nbsp;[[nom.]]<br>[[f.]]&nbsp;&nbsp;[[pl.]]&nbsp;&nbsp;[[voc.]]<br>[[m.]]&nbsp;&nbsp;[[pl.]]&nbsp;&nbsp;[[acc.]]<br>[[m.]]&nbsp;&nbsp;[[pl.]]&nbsp;&nbsp;[[nom.]]<br>[[m.]]&nbsp;&nbsp;[[pl.]]&nbsp;&nbsp;[[voc.]]<br>[[nt.]]&nbsp;&nbsp;[[pl.]]&nbsp;&nbsp;[[acc.]]<br>[[nt.]]&nbsp;&nbsp;[[pl.]]&nbsp;&nbsp;[[nom.]]<br>[[nt.]]&nbsp;&nbsp;[[pl.]]&nbsp;&nbsp;[[voc.]],,1
535003,en,34,-a,-a,-a,[[-a]]：[[Declensions]] of [[Noun]]<br>[[m.]]&nbsp;&nbsp;[[sg.]]&nbsp;&nbsp;[[voc.]]<br>[[nt.]]&nbsp;&nbsp;[[sg.]]&nbsp;&nbsp;[[acc.]]<br>[[nt.]]&nbsp;&nbsp;[[sg.]]&nbsp;&nbsp;[[nom.]]<br>[[nt.]]&nbsp;&nbsp;[[sg.]]&nbsp;&nbsp;[[voc.]],,1
535004,en,34,-a,-ā,-ā,[[-ā]]：[[Declensions]] of [[Noun]]<br>[[f.]]&nbsp;&nbsp;[[sg.]]&nbsp;&nbsp;[[nom.]]<br>[[f.]]&nbsp;&nbsp;[[sg.]]&nbsp;&nbsp;[[voc.]]<br>[[m.]]&nbsp;&nbsp;[[sg.]]&nbsp;&nbsp;[[abl.]]<br>[[m.]]&nbsp;&nbsp;[[sg.]]&nbsp;&nbsp;[[nom.]]<br>[[m.]]&nbsp;&nbsp;[[sg.]]&nbsp;&nbsp;[[voc.]]<br>[[nt.]]&nbsp;&nbsp;[[sg.]]&nbsp;&nbsp;[[abl.]]<br>[[nt.]]&nbsp;&nbsp;[[sg.]]&nbsp;&nbsp;[[nom.]]<br>[[nt.]]&nbsp;&nbsp;[[sg.]]&nbsp;&nbsp;[[voc.]],,1
535005,en,34,-a,-a,-a,[[-a]]：[[Conjugations]] of [[Verb]]<br>[[1p.]]&nbsp;&nbsp;[[sg.]]&nbsp;&nbsp;[[aor.]]<br>[[3p.]]&nbsp;&nbsp;[[sg.]]&nbsp;&nbsp;[[aor.]],,1
535006,en,34,-a,-ā,-ā,[[-ā]]：[[Conjugations]] of [[Verb]]<br>[[1p.]]&nbsp;&nbsp;[[sg.]]&nbsp;&nbsp;[[aor.]]<br>[[2p.]]&nbsp;&nbsp;[[sg.]]&nbsp;&nbsp;[[aor.]]<br>[[3p.]]&nbsp;&nbsp;[[sg.]]&nbsp;&nbsp;[[aor.]],,1
535007,en,34,-abhi,-ābhi,-ābhi,[[-ābhi]]：[[Declensions]] of [[Noun]]<br>[[f.]]&nbsp;&nbsp;[[pl.]]&nbsp;&nbsp;[[abl.]]<br>[[f.]]&nbsp;&nbsp;[[pl.]]&nbsp;&nbsp;[[inst.]],,1
535008,en,34,-abhi,-ābhī,-ābhī,[[-ābhī]]：[[Declensions]] of [[Noun]]<br>[[f.]]&nbsp;&nbsp;[[pl.]]&nbsp;&nbsp;[[abl.]]<br>[[f.]]&nbsp;&nbsp;[[pl.]]&nbsp;&nbsp;[[inst.]],,1
535009,en,34,-ahi,-āhi,-āhi,[[-āhi]]：[[Declensions]] of [[Noun]]<br>[[f.]]&nbsp;&nbsp;[[pl.]]&nbsp;&nbsp;[[abl.]]<br>[[f.]]&nbsp;&nbsp;[[pl.]]&nbsp;&nbsp;[[inst.]]<br>[[nt.]]&nbsp;&nbsp;[[pl.]]&nbsp;&nbsp;[[abl.]]<br>[[nt.]]&nbsp;&nbsp;[[pl.]]&nbsp;&nbsp;[[inst.]],,1
535010,en,34,-ahi,-āhī,-āhī,[[-āhī]]：[[Declensions]] of [[Noun]]<br>[[f.]]&nbsp;&nbsp;[[pl.]]&nbsp;&nbsp;[[abl.]]<br>[[f.]]&nbsp;&nbsp;[[pl.]]&nbsp;&nbsp;[[inst.]]<br>[[nt.]]&nbsp;&nbsp;[[pl.]]&nbsp;&nbsp;[[abl.]]<br>[[nt.]]&nbsp;&nbsp;[[pl.]]&nbsp;&nbsp;[[inst.]],,1
535011,en,34,-am,-aṃ,-aṃ,[[-aṃ]]：[[Declensions]] of [[Noun]]<br>[[f.]]&nbsp;&nbsp;[[sg.]]&nbsp;&nbsp;[[acc.]]<br>[[m.]]&nbsp;&nbsp;[[sg.]]&nbsp;&nbsp;[[acc.]]<br>[[m.]]&nbsp;&nbsp;[[sg.]]&nbsp;&nbsp;[[nom.]]<br>[[m.]]&nbsp;&nbsp;[[sg.]]&nbsp;&nbsp;[[voc.]]<br>[[nt.]]&nbsp;&nbsp;[[sg.]]&nbsp;&nbsp;[[acc.]]<br>[[nt.]]&nbsp;&nbsp;[[sg.]]&nbsp;&nbsp;[[nom.]]<br>[[nt.]]&nbsp;&nbsp;[[sg.]]&nbsp;&nbsp;[[voc.]],,1
535012,en,34,-am,-aṃ,-aṃ,[[-aṃ]]：[[Conjugations]] of [[Verb]]<br>[[1p.]]&nbsp;&nbsp;[[sg.]]&nbsp;&nbsp;[[aor.]],,1
535013,en,34,-amase,-āmase,-āmase,[[-āmase]]：[[Conjugations]] of [[Verb]]<br>[[1p.]]&nbsp;&nbsp;[[pl.]]&nbsp;&nbsp;[[imp.]],,1
535014,en,34,-amha,-amhā,-amhā,[[-amhā]]：[[Declensions]] of [[Noun]]<br>[[f.]]&nbsp;&nbsp;[[sg.]]&nbsp;&nbsp;[[abl.]]<br>[[m.]]&nbsp;&nbsp;[[sg.]]&nbsp;&nbsp;[[abl.]]<br>[[nt.]]&nbsp;&nbsp;[[sg.]]&nbsp;&nbsp;[[abl.]],,1
535015,en,34,-amhi,-amhi,-amhi,[[-amhi]]：[[Declensions]] of [[Noun]]<br>[[f.]]&nbsp;&nbsp;[[sg.]]&nbsp;&nbsp;[[loc.]]<br>[[m.]]&nbsp;&nbsp;[[sg.]]&nbsp;&nbsp;[[loc.]]<br>[[nt.]]&nbsp;&nbsp;[[sg.]]&nbsp;&nbsp;[[loc.]],,1
535016,en,34,-amhi,-amhī,-amhī,[[-amhī]]：[[Declensions]] of [[Noun]]<br>[[f.]]&nbsp;&nbsp;[[sg.]]&nbsp;&nbsp;[[loc.]]<br>[[m.]]&nbsp;&nbsp;[[sg.]]&nbsp;&nbsp;[[loc.]]<br>[[nt.]]&nbsp;&nbsp;[[sg.]]&nbsp;&nbsp;[[loc.]],,1
535017,en,34,-ana,-anā,-anā,[[-anā]]：[[Declensions]] of [[Noun]]<br>[[m.]]&nbsp;&nbsp;[[sg.]]&nbsp;&nbsp;[[abl.]]<br>[[m.]]&nbsp;&nbsp;[[sg.]]&nbsp;&nbsp;[[inst.]]<br>[[nt.]]&nbsp;&nbsp;[[sg.]]&nbsp;&nbsp;[[inst.]],,1
535018,en,34,-anam,-ānaṃ,-ānaṃ,[[-ānaṃ]]：[[Declensions]] of [[Noun]]<br>[[f.]]&nbsp;&nbsp;[[pl.]]&nbsp;&nbsp;[[dat.]]<br>[[f.]]&nbsp;&nbsp;[[pl.]]&nbsp;&nbsp;[[gen.]]<br>[[m.]]&nbsp;&nbsp;[[pl.]]&nbsp;&nbsp;[[dat.]]<br>[[m.]]&nbsp;&nbsp;[[pl.]]&nbsp;&nbsp;[[gen.]]<br>[[nt.]]&nbsp;&nbsp;[[pl.]]&nbsp;&nbsp;[[dat.]]<br>[[nt.]]&nbsp;&nbsp;[[pl.]]&nbsp;&nbsp;[[gen.]],,1
535019,en,34,-anam,-anaṃ,-anaṃ,[[-anaṃ]]：[[Declensions]] of [[Noun]]<br>[[m.]]&nbsp;&nbsp;[[sg.]]&nbsp;&nbsp;[[acc.]],,1
535020,en,34,-anam,-ānaṃ,-ānaṃ,[[-ānaṃ]]：[[Declensions]] of [[Noun]]<br>[[f.]]&nbsp;&nbsp;[[sg.]]&nbsp;&nbsp;[[acc.]]<br>[[m.]]&nbsp;&nbsp;[[sg.]]&nbsp;&nbsp;[[acc.]]<br>[[nt.]]&nbsp;&nbsp;[[sg.]]&nbsp;&nbsp;[[acc.]],,1
535021,en,34,-ane,-ane,-ane,[[-ane]]：[[Declensions]] of [[Noun]]<br>[[m.]]&nbsp;&nbsp;[[sg.]]&nbsp;&nbsp;[[loc.]],,1
535022,en,34,-anebhi,-anebhi,-anebhi,[[-anebhi]]：[[Declensions]] of [[Noun]]<br>[[m.]]&nbsp;&nbsp;[[pl.]]&nbsp;&nbsp;[[abl.]]<br>[[m.]]&nbsp;&nbsp;[[pl.]]&nbsp;&nbsp;[[inst.]],,1
535023,en,34,-anebhi,-anebhī,-anebhī,[[-anebhī]]：[[Declensions]] of [[Noun]]<br>[[m.]]&nbsp;&nbsp;[[pl.]]&nbsp;&nbsp;[[abl.]]<br>[[m.]]&nbsp;&nbsp;[[pl.]]&nbsp;&nbsp;[[inst.]],,1
535024,en,34,-anehi,-anehi,-anehi,[[-anehi]]：[[Declensions]] of [[Noun]]<br>[[m.]]&nbsp;&nbsp;[[pl.]]&nbsp;&nbsp;[[abl.]]<br>[[m.]]&nbsp;&nbsp;[[pl.]]&nbsp;&nbsp;[[inst.]],,1
535025,en,34,-anehi,-anehī,-anehī,[[-anehī]]：[[Declensions]] of [[Noun]]<br>[[m.]]&nbsp;&nbsp;[[pl.]]&nbsp;&nbsp;[[abl.]]<br>[[m.]]&nbsp;&nbsp;[[pl.]]&nbsp;&nbsp;[[inst.]],,1
535026,en,34,-anesu,-anesu,-anesu,[[-anesu]]：[[Declensions]] of [[Noun]]<br>[[m.]]&nbsp;&nbsp;[[pl.]]&nbsp;&nbsp;[[loc.]],,1
535027,en,34,-anesu,-anesū,-anesū,[[-anesū]]：[[Declensions]] of [[Noun]]<br>[[m.]]&nbsp;&nbsp;[[pl.]]&nbsp;&nbsp;[[loc.]],,1
535028,en,34,-ani,-āni,-āni,[[-āni]]：[[Declensions]] of [[Noun]]<br>[[m.]]&nbsp;&nbsp;[[pl.]]&nbsp;&nbsp;[[acc.]]<br>[[m.]]&nbsp;&nbsp;[[pl.]]&nbsp;&nbsp;[[nom.]]<br>[[m.]]&nbsp;&nbsp;[[pl.]]&nbsp;&nbsp;[[voc.]]<br>[[nt.]]&nbsp;&nbsp;[[pl.]]&nbsp;&nbsp;[[acc.]]<br>[[nt.]]&nbsp;&nbsp;[[pl.]]&nbsp;&nbsp;[[nom.]]<br>[[nt.]]&nbsp;&nbsp;[[pl.]]&nbsp;&nbsp;[[voc.]],,1
535029,en,34,-ani,-ānī,-ānī,[[-ānī]]：[[Declensions]] of [[Noun]]<br>[[m.]]&nbsp;&nbsp;[[pl.]]&nbsp;&nbsp;[[acc.]]<br>[[m.]]&nbsp;&nbsp;[[pl.]]&nbsp;&nbsp;[[nom.]]<br>[[m.]]&nbsp;&nbsp;[[pl.]]&nbsp;&nbsp;[[voc.]]<br>[[nt.]]&nbsp;&nbsp;[[pl.]]&nbsp;&nbsp;[[acc.]]<br>[[nt.]]&nbsp;&nbsp;[[pl.]]&nbsp;&nbsp;[[nom.]]<br>[[nt.]]&nbsp;&nbsp;[[pl.]]&nbsp;&nbsp;[[voc.]],,1
535030,en,34,-ani,-ani,-ani,[[-ani]]：[[Declensions]] of [[Noun]]<br>[[m.]]&nbsp;&nbsp;[[sg.]]&nbsp;&nbsp;[[loc.]]<br>[[nt.]]&nbsp;&nbsp;[[sg.]]&nbsp;&nbsp;[[loc.]],,1
535031,en,34,-ani,-anī,-anī,[[-anī]]：[[Declensions]] of [[Noun]]<br>[[m.]]&nbsp;&nbsp;[[sg.]]&nbsp;&nbsp;[[loc.]]<br>[[nt.]]&nbsp;&nbsp;[[sg.]]&nbsp;&nbsp;[[loc.]],,1
535032,en,34,-ano,-āno,-āno,[[-āno]]：[[Declensions]] of [[Noun]]<br>[[f.]]&nbsp;&nbsp;[[pl.]]&nbsp;&nbsp;[[acc.]]<br>[[f.]]&nbsp;&nbsp;[[pl.]]&nbsp;&nbsp;[[nom.]]<br>[[f.]]&nbsp;&nbsp;[[pl.]]&nbsp;&nbsp;[[voc.]]<br>[[m.]]&nbsp;&nbsp;[[pl.]]&nbsp;&nbsp;[[acc.]]<br>[[m.]]&nbsp;&nbsp;[[pl.]]&nbsp;&nbsp;[[nom.]]<br>[[m.]]&nbsp;&nbsp;[[pl.]]&nbsp;&nbsp;[[voc.]]<br>[[nt.]]&nbsp;&nbsp;[[pl.]]&nbsp;&nbsp;[[acc.]]<br>[[nt.]]&nbsp;&nbsp;[[pl.]]&nbsp;&nbsp;[[nom.]]<br>[[nt.]]&nbsp;&nbsp;[[pl.]]&nbsp;&nbsp;[[voc.]],,1
535033,en,34,-ano,-ano,-ano,[[-ano]]：[[Declensions]] of [[Noun]]<br>[[m.]]&nbsp;&nbsp;[[sg.]]&nbsp;&nbsp;[[dat.]]<br>[[m.]]&nbsp;&nbsp;[[sg.]]&nbsp;&nbsp;[[gen.]],,1
535034,en,34,-arã,-arã,-arã,[[-arã]]：[[Declensions]] of [[Noun]]<br>[[m.]]&nbsp;&nbsp;[[sg.]]&nbsp;&nbsp;[[abl.]]<br>[[m.]]&nbsp;&nbsp;[[sg.]]&nbsp;&nbsp;[[inst.]],,1
535035,en,34,-ãrã,-ãrã,-ãrã,[[-ãrã]]：[[Declensions]] of [[Noun]]<br>[[m.]]&nbsp;&nbsp;[[sg.]]&nbsp;&nbsp;[[abl.]]<br>[[m.]]&nbsp;&nbsp;[[sg.]]&nbsp;&nbsp;[[inst.]],,1
535036,en,34,-aram,-araṃ,-araṃ,[[-araṃ]]：[[Declensions]] of [[Noun]]<br>[[m.]]&nbsp;&nbsp;[[sg.]]&nbsp;&nbsp;[[acc.]],,1
535037,en,34,-ãram,-ãraṃ,-ãraṃ,[[-ãraṃ]]：[[Declensions]] of [[Noun]]<br>[[m.]]&nbsp;&nbsp;[[sg.]]&nbsp;&nbsp;[[acc.]],,1
535038,en,34,-aranam,-ārānaṃ,-ārānaṃ,[[-ārānaṃ]]：[[Declensions]] of [[Noun]]<br>[[m.]]&nbsp;&nbsp;[[pl.]]&nbsp;&nbsp;[[dat.]]<br>[[m.]]&nbsp;&nbsp;[[pl.]]&nbsp;&nbsp;[[gen.]],,1
535039,en,34,-are,-āre,-āre,[[-āre]]：[[Declensions]] of [[Noun]]<br>[[m.]]&nbsp;&nbsp;[[pl.]]&nbsp;&nbsp;[[acc.]],,1
535040,en,34,-arebhi,-ārebhi,-ārebhi,[[-ārebhi]]：[[Declensions]] of [[Noun]]<br>[[m.]]&nbsp;&nbsp;[[pl.]]&nbsp;&nbsp;[[abl.]]<br>[[m.]]&nbsp;&nbsp;[[pl.]]&nbsp;&nbsp;[[inst.]],,1
535041,en,34,-arebhi,-ārebhī,-ārebhī,[[-ārebhī]]：[[Declensions]] of [[Noun]]<br>[[m.]]&nbsp;&nbsp;[[pl.]]&nbsp;&nbsp;[[abl.]]<br>[[m.]]&nbsp;&nbsp;[[pl.]]&nbsp;&nbsp;[[inst.]],,1
535042,en,34,-arehi,-ārehi,-ārehi,[[-ārehi]]：[[Declensions]] of [[Noun]]<br>[[m.]]&nbsp;&nbsp;[[pl.]]&nbsp;&nbsp;[[abl.]]<br>[[m.]]&nbsp;&nbsp;[[pl.]]&nbsp;&nbsp;[[inst.]],,1
535043,en,34,-arehi,-ārehī,-ārehī,[[-ārehī]]：[[Declensions]] of [[Noun]]<br>[[m.]]&nbsp;&nbsp;[[pl.]]&nbsp;&nbsp;[[abl.]]<br>[[m.]]&nbsp;&nbsp;[[pl.]]&nbsp;&nbsp;[[inst.]],,1
535044,en,34,-aresu,-āresu,-āresu,[[-āresu]]：[[Declensions]] of [[Noun]]<br>[[m.]]&nbsp;&nbsp;[[pl.]]&nbsp;&nbsp;[[loc.]],,1
535045,en,34,-aresu,-āresū,-āresū,[[-āresū]]：[[Declensions]] of [[Noun]]<br>[[m.]]&nbsp;&nbsp;[[pl.]]&nbsp;&nbsp;[[loc.]],,1
535046,en,34,-ari,-ari,-ari,[[-ari]]：[[Declensions]] of [[Noun]]<br>[[m.]]&nbsp;&nbsp;[[sg.]]&nbsp;&nbsp;[[loc.]],,1
535047,en,34,-ari,-arī,-arī,[[-arī]]：[[Declensions]] of [[Noun]]<br>[[m.]]&nbsp;&nbsp;[[sg.]]&nbsp;&nbsp;[[loc.]],,1
535048,en,34,-aro,-āro,-āro,[[-āro]]：[[Declensions]] of [[Noun]]<br>[[m.]]&nbsp;&nbsp;[[pl.]]&nbsp;&nbsp;[[acc.]]<br>[[m.]]&nbsp;&nbsp;[[pl.]]&nbsp;&nbsp;[[nom.]]<br>[[m.]]&nbsp;&nbsp;[[pl.]]&nbsp;&nbsp;[[voc.]],,1
535049,en,34,-asa,-asā,-asā,[[-asā]]：[[Declensions]] of [[Noun]]<br>[[m.]]&nbsp;&nbsp;[[sg.]]&nbsp;&nbsp;[[abl.]]<br>[[m.]]&nbsp;&nbsp;[[sg.]]&nbsp;&nbsp;[[inst.]]<br>[[nt.]]&nbsp;&nbsp;[[sg.]]&nbsp;&nbsp;[[abl.]]<br>[[nt.]]&nbsp;&nbsp;[[sg.]]&nbsp;&nbsp;[[inst.]],,1
535050,en,34,-ase,-āse,-āse,[[-āse]]：[[Declensions]] of [[Noun]]<br>[[m.]]&nbsp;&nbsp;[[pl.]]&nbsp;&nbsp;[[nom.]],,1
535051,en,34,-asi,-asi,-asi,[[-asi]]：[[Declensions]] of [[Noun]]<br>[[m.]]&nbsp;&nbsp;[[sg.]]&nbsp;&nbsp;[[loc.]]<br>[[nt.]]&nbsp;&nbsp;[[sg.]]&nbsp;&nbsp;[[loc.]],,1
535052,en,34,-asi,-asī,-asī,[[-asī]]：[[Declensions]] of [[Noun]]<br>[[m.]]&nbsp;&nbsp;[[sg.]]&nbsp;&nbsp;[[loc.]]<br>[[nt.]]&nbsp;&nbsp;[[sg.]]&nbsp;&nbsp;[[loc.]],,1
535053,en,34,-asma,-asmā,-asmā,[[-asmā]]：[[Declensions]] of [[Noun]]<br>[[f.]]&nbsp;&nbsp;[[sg.]]&nbsp;&nbsp;[[abl.]]<br>[[m.]]&nbsp;&nbsp;[[sg.]]&nbsp;&nbsp;[[abl.]]<br>[[nt.]]&nbsp;&nbsp;[[sg.]]&nbsp;&nbsp;[[abl.]],,1
535054,en,34,-asmim,-asmiṃ,-asmiṃ,[[-asmiṃ]]：[[Declensions]] of [[Noun]]<br>[[f.]]&nbsp;&nbsp;[[sg.]]&nbsp;&nbsp;[[loc.]]<br>[[m.]]&nbsp;&nbsp;[[sg.]]&nbsp;&nbsp;[[loc.]]<br>[[nt.]]&nbsp;&nbsp;[[sg.]]&nbsp;&nbsp;[[loc.]],,1
535055,en,34,-aso,-aso,-aso,[[-aso]]：[[Declensions]] of [[Noun]]<br>[[m.]]&nbsp;&nbsp;[[sg.]]&nbsp;&nbsp;[[dat.]]<br>[[m.]]&nbsp;&nbsp;[[sg.]]&nbsp;&nbsp;[[gen.]]<br>[[nt.]]&nbsp;&nbsp;[[sg.]]&nbsp;&nbsp;[[dat.]]<br>[[nt.]]&nbsp;&nbsp;[[sg.]]&nbsp;&nbsp;[[gen.]],,1
535056,en,34,-assa,-assa,-assa,[[-assa]]：[[Declensions]] of [[Noun]]<br>[[f.]]&nbsp;&nbsp;[[sg.]]&nbsp;&nbsp;[[dat.]]<br>[[f.]]&nbsp;&nbsp;[[sg.]]&nbsp;&nbsp;[[gen.]]<br>[[m.]]&nbsp;&nbsp;[[sg.]]&nbsp;&nbsp;[[dat.]]<br>[[m.]]&nbsp;&nbsp;[[sg.]]&nbsp;&nbsp;[[gen.]]<br>[[nt.]]&nbsp;&nbsp;[[sg.]]&nbsp;&nbsp;[[dat.]]<br>[[nt.]]&nbsp;&nbsp;[[sg.]]&nbsp;&nbsp;[[gen.]],,1
535057,en,34,-assa,-assā,-assā,[[-assā]]：[[Declensions]] of [[Noun]]<br>[[f.]]&nbsp;&nbsp;[[sg.]]&nbsp;&nbsp;[[dat.]]<br>[[f.]]&nbsp;&nbsp;[[sg.]]&nbsp;&nbsp;[[gen.]]<br>[[m.]]&nbsp;&nbsp;[[sg.]]&nbsp;&nbsp;[[dat.]]<br>[[m.]]&nbsp;&nbsp;[[sg.]]&nbsp;&nbsp;[[gen.]]<br>[[nt.]]&nbsp;&nbsp;[[sg.]]&nbsp;&nbsp;[[dat.]]<br>[[nt.]]&nbsp;&nbsp;[[sg.]]&nbsp;&nbsp;[[gen.]],,1
535058,en,34,-asu,-āsu,-āsu,[[-āsu]]：[[Declensions]] of [[Noun]]<br>[[f.]]&nbsp;&nbsp;[[pl.]]&nbsp;&nbsp;[[loc.]]<br>[[nt.]]&nbsp;&nbsp;[[pl.]]&nbsp;&nbsp;[[loc.]],,1
535059,en,34,-asu,-āsū,-āsū,[[-āsū]]：[[Declensions]] of [[Noun]]<br>[[f.]]&nbsp;&nbsp;[[pl.]]&nbsp;&nbsp;[[loc.]]<br>[[nt.]]&nbsp;&nbsp;[[pl.]]&nbsp;&nbsp;[[loc.]],,1
535060,en,34,-ato,-ato,-ato,[[-ato]]：[[Declensions]] of [[Noun]]<br>[[f.]]&nbsp;&nbsp;[[sg.]]&nbsp;&nbsp;[[abl.]]<br>[[m.]]&nbsp;&nbsp;[[sg.]]&nbsp;&nbsp;[[abl.]]<br>[[nt.]]&nbsp;&nbsp;[[sg.]]&nbsp;&nbsp;[[abl.]],,1
535061,en,34,-atthum,-atthuṃ,-atthuṃ,[[-atthuṃ]]：[[Conjugations]] of [[Verb]]<br>[[3p.]]&nbsp;&nbsp;[[pl.]]&nbsp;&nbsp;[[aor.]],,1
535062,en,34,-ave,-ave,-ave,[[-ave]]：[[Declensions]] of [[Noun]]<br>[[m.]]&nbsp;&nbsp;[[pl.]]&nbsp;&nbsp;[[voc.]],,1
535063,en,34,-avo,-avo,-avo,[[-avo]]：[[Declensions]] of [[Noun]]<br>[[m.]]&nbsp;&nbsp;[[pl.]]&nbsp;&nbsp;[[acc.]]<br>[[m.]]&nbsp;&nbsp;[[pl.]]&nbsp;&nbsp;[[nom.]]<br>[[m.]]&nbsp;&nbsp;[[pl.]]&nbsp;&nbsp;[[voc.]],,1
535064,en,34,-aya,-ayā,-ayā,[[-ayā]]：[[Declensions]] of [[Noun]]<br>[[f.]]&nbsp;&nbsp;[[sg.]]&nbsp;&nbsp;[[abl.]]<br>[[f.]]&nbsp;&nbsp;[[sg.]]&nbsp;&nbsp;[[dat.]]<br>[[f.]]&nbsp;&nbsp;[[sg.]]&nbsp;&nbsp;[[gen.]]<br>[[f.]]&nbsp;&nbsp;[[sg.]]&nbsp;&nbsp;[[inst.]]<br>[[f.]]&nbsp;&nbsp;[[sg.]]&nbsp;&nbsp;[[loc.]],,1
535065,en,34,-aya,-āya,-āya,[[-āya]]：[[Declensions]] of [[Noun]]<br>[[f.]]&nbsp;&nbsp;[[sg.]]&nbsp;&nbsp;[[abl.]]<br>[[f.]]&nbsp;&nbsp;[[sg.]]&nbsp;&nbsp;[[dat.]]<br>[[f.]]&nbsp;&nbsp;[[sg.]]&nbsp;&nbsp;[[gen.]]<br>[[f.]]&nbsp;&nbsp;[[sg.]]&nbsp;&nbsp;[[inst.]]<br>[[f.]]&nbsp;&nbsp;[[sg.]]&nbsp;&nbsp;[[loc.]]<br>[[m.]]&nbsp;&nbsp;[[sg.]]&nbsp;&nbsp;[[dat.]]<br>[[nt.]]&nbsp;&nbsp;[[sg.]]&nbsp;&nbsp;[[dat.]],,1
535066,en,34,-ayam,-ayaṃ,-ayaṃ,[[-ayaṃ]]：[[Declensions]] of [[Noun]]<br>[[f.]]&nbsp;&nbsp;[[sg.]]&nbsp;&nbsp;[[loc.]],,1
535067,en,34,-ayam,-āyaṃ,-āyaṃ,[[-āyaṃ]]：[[Declensions]] of [[Noun]]<br>[[f.]]&nbsp;&nbsp;[[sg.]]&nbsp;&nbsp;[[loc.]],,1
535068,en,34,-ayo,-ayo,-ayo,[[-ayo]]：[[Declensions]] of [[Noun]]<br>[[m.]]&nbsp;&nbsp;[[pl.]]&nbsp;&nbsp;[[acc.]]<br>[[m.]]&nbsp;&nbsp;[[pl.]]&nbsp;&nbsp;[[nom.]]<br>[[m.]]&nbsp;&nbsp;[[pl.]]&nbsp;&nbsp;[[voc.]],,1
535069,en,34,-ayo,-āyo,-āyo,[[-āyo]]：[[Declensions]] of [[Noun]]<br>[[f.]]&nbsp;&nbsp;[[pl.]]&nbsp;&nbsp;[[acc.]]<br>[[f.]]&nbsp;&nbsp;[[pl.]]&nbsp;&nbsp;[[nom.]]<br>[[f.]]&nbsp;&nbsp;[[pl.]]&nbsp;&nbsp;[[voc.]],,1
535070,en,34,-ayo,-āyo,-āyo,[[-āyo]]：[[Declensions]] of [[Noun]]<br>[[m.]]&nbsp;&nbsp;[[sg.]]&nbsp;&nbsp;[[voc.]],,1
535071,en,34,-e,-e,-e,[[-e]]：[[Declensions]] of [[Noun]]<br>[[m.]]&nbsp;&nbsp;[[pl.]]&nbsp;&nbsp;[[acc.]]<br>[[nt.]]&nbsp;&nbsp;[[pl.]]&nbsp;&nbsp;[[acc.]],,1
535072,en,34,-e,-e,-e,[[-e]]：[[Declensions]] of [[Noun]]<br>[[f.]]&nbsp;&nbsp;[[sg.]]&nbsp;&nbsp;[[voc.]]<br>[[m.]]&nbsp;&nbsp;[[sg.]]&nbsp;&nbsp;[[loc.]]<br>[[nt.]]&nbsp;&nbsp;[[sg.]]&nbsp;&nbsp;[[loc.]],,1
535073,en,34,-e,-e,-e,[[-e]]：[[Conjugations]] of [[Verb]]<br>[[1p.]]&nbsp;&nbsp;[[sg.]]&nbsp;&nbsp;[[imp.]]<br>[[1p.]]&nbsp;&nbsp;[[sg.]]&nbsp;&nbsp;[[pres.]],,1
535074,en,34,-ebhi,-ebhi,-ebhi,[[-ebhi]]：[[Declensions]] of [[Noun]]<br>[[m.]]&nbsp;&nbsp;[[pl.]]&nbsp;&nbsp;[[abl.]]<br>[[m.]]&nbsp;&nbsp;[[pl.]]&nbsp;&nbsp;[[inst.]]<br>[[nt.]]&nbsp;&nbsp;[[pl.]]&nbsp;&nbsp;[[abl.]]<br>[[nt.]]&nbsp;&nbsp;[[pl.]]&nbsp;&nbsp;[[inst.]],,1
535075,en,34,-ebhi,-ebhī,-ebhī,[[-ebhī]]：[[Declensions]] of [[Noun]]<br>[[m.]]&nbsp;&nbsp;[[pl.]]&nbsp;&nbsp;[[abl.]]<br>[[m.]]&nbsp;&nbsp;[[pl.]]&nbsp;&nbsp;[[inst.]]<br>[[nt.]]&nbsp;&nbsp;[[pl.]]&nbsp;&nbsp;[[abl.]]<br>[[nt.]]&nbsp;&nbsp;[[pl.]]&nbsp;&nbsp;[[inst.]],,1
535076,en,34,-ehi,-ehi,-ehi,[[-ehi]]：[[Declensions]] of [[Noun]]<br>[[f.]]&nbsp;&nbsp;[[pl.]]&nbsp;&nbsp;[[abl.]]<br>[[f.]]&nbsp;&nbsp;[[pl.]]&nbsp;&nbsp;[[inst.]]<br>[[m.]]&nbsp;&nbsp;[[pl.]]&nbsp;&nbsp;[[abl.]]<br>[[m.]]&nbsp;&nbsp;[[pl.]]&nbsp;&nbsp;[[inst.]]<br>[[nt.]]&nbsp;&nbsp;[[pl.]]&nbsp;&nbsp;[[abl.]]<br>[[nt.]]&nbsp;&nbsp;[[pl.]]&nbsp;&nbsp;[[inst.]],,1
535077,en,34,-ehi,-ehī,-ehī,[[-ehī]]：[[Declensions]] of [[Noun]]<br>[[f.]]&nbsp;&nbsp;[[pl.]]&nbsp;&nbsp;[[abl.]]<br>[[f.]]&nbsp;&nbsp;[[pl.]]&nbsp;&nbsp;[[inst.]]<br>[[m.]]&nbsp;&nbsp;[[pl.]]&nbsp;&nbsp;[[abl.]]<br>[[m.]]&nbsp;&nbsp;[[pl.]]&nbsp;&nbsp;[[inst.]]<br>[[nt.]]&nbsp;&nbsp;[[pl.]]&nbsp;&nbsp;[[abl.]]<br>[[nt.]]&nbsp;&nbsp;[[pl.]]&nbsp;&nbsp;[[inst.]],,1
535078,en,34,-ena,-ena,-ena,[[-ena]]：[[Declensions]] of [[Noun]]<br>[[f.]]&nbsp;&nbsp;[[sg.]]&nbsp;&nbsp;[[inst.]]<br>[[m.]]&nbsp;&nbsp;[[sg.]]&nbsp;&nbsp;[[inst.]]<br>[[nt.]]&nbsp;&nbsp;[[sg.]]&nbsp;&nbsp;[[inst.]],,1
535079,en,34,-ena,-enā,-enā,[[-enā]]：[[Declensions]] of [[Noun]]<br>[[f.]]&nbsp;&nbsp;[[sg.]]&nbsp;&nbsp;[[inst.]]<br>[[m.]]&nbsp;&nbsp;[[sg.]]&nbsp;&nbsp;[[inst.]]<br>[[nt.]]&nbsp;&nbsp;[[sg.]]&nbsp;&nbsp;[[inst.]],,1
535080,en,34,-eram,-eraṃ,-eraṃ,[[-eraṃ]]：[[Conjugations]] of [[Verb]]<br>[[3p.]]&nbsp;&nbsp;[[pl.]]&nbsp;&nbsp;[[opt.]],,1
535081,en,34,-esu,-esu,-esu,[[-esu]]：[[Declensions]] of [[Noun]]<br>[[f.]]&nbsp;&nbsp;[[pl.]]&nbsp;&nbsp;[[loc.]]<br>[[m.]]&nbsp;&nbsp;[[pl.]]&nbsp;&nbsp;[[loc.]]<br>[[nt.]]&nbsp;&nbsp;[[pl.]]&nbsp;&nbsp;[[loc.]],,1
535082,en,34,-esu,-esū,-esū,[[-esū]]：[[Declensions]] of [[Noun]]<br>[[f.]]&nbsp;&nbsp;[[pl.]]&nbsp;&nbsp;[[loc.]]<br>[[m.]]&nbsp;&nbsp;[[pl.]]&nbsp;&nbsp;[[loc.]]<br>[[nt.]]&nbsp;&nbsp;[[pl.]]&nbsp;&nbsp;[[loc.]],,1
535083,en,34,-etha,-etha,-etha,[[-etha]]：[[Conjugations]] of [[Verb]]<br>[[3p.]]&nbsp;&nbsp;[[sg.]]&nbsp;&nbsp;[[opt.]],,1
535084,en,34,-etho,-etho,-etho,[[-etho]]：[[Conjugations]] of [[Verb]]<br>[[2p.]]&nbsp;&nbsp;[[sg.]]&nbsp;&nbsp;[[opt.]],,1
535085,en,34,-eyya,-eyya,-eyya,[[-eyya]]：[[Conjugations]] of [[Verb]]<br>[[3p.]]&nbsp;&nbsp;[[sg.]]&nbsp;&nbsp;[[opt.]],,1
535086,en,34,-eyyam,-eyyaṃ,-eyyaṃ,[[-eyyaṃ]]：[[Conjugations]] of [[Verb]]<br>[[1p.]]&nbsp;&nbsp;[[sg.]]&nbsp;&nbsp;[[opt.]],,1
535087,en,34,-eyyama,-eyyāma,-eyyāma,[[-eyyāma]]：[[Conjugations]] of [[Verb]]<br>[[1p.]]&nbsp;&nbsp;[[pl.]]&nbsp;&nbsp;[[opt.]],,1
535088,en,34,-eyyamhe,-eyyāmhe,-eyyāmhe,[[-eyyāmhe]]：[[Conjugations]] of [[Verb]]<br>[[1p.]]&nbsp;&nbsp;[[pl.]]&nbsp;&nbsp;[[opt.]],,1
535089,en,34,-eyyami,-eyyāmi,-eyyāmi,[[-eyyāmi]]：[[Conjugations]] of [[Verb]]<br>[[1p.]]&nbsp;&nbsp;[[sg.]]&nbsp;&nbsp;[[opt.]],,1
535090,en,34,-eyyasi,-eyyāsi,-eyyāsi,[[-eyyāsi]]：[[Conjugations]] of [[Verb]]<br>[[2p.]]&nbsp;&nbsp;[[sg.]]&nbsp;&nbsp;[[opt.]],,1
535091,en,34,-eyyatha,-eyyātha,-eyyātha,[[-eyyātha]]：[[Conjugations]] of [[Verb]]<br>[[2p.]]&nbsp;&nbsp;[[pl.]]&nbsp;&nbsp;[[opt.]],,1
535092,en,34,-eyyavho,-eyyavho,-eyyavho,[[-eyyavho]]：[[Conjugations]] of [[Verb]]<br>[[2p.]]&nbsp;&nbsp;[[pl.]]&nbsp;&nbsp;[[opt.]],,1
535093,en,34,-eyyum,-eyyuṃ,-eyyuṃ,[[-eyyuṃ]]：[[Conjugations]] of [[Verb]]<br>[[3p.]]&nbsp;&nbsp;[[pl.]]&nbsp;&nbsp;[[opt.]],,1
535094,en,34,-hi,-hi,-hi,[[-hi]]：[[Conjugations]] of [[Verb]]<br>[[2p.]]&nbsp;&nbsp;[[sg.]]&nbsp;&nbsp;[[imp.]],,1
535095,en,34,-i,-ī,-ī,[[-ī]]：[[Declensions]] of [[Noun]]<br>[[f.]]&nbsp;&nbsp;[[pl.]]&nbsp;&nbsp;[[acc.]]<br>[[f.]]&nbsp;&nbsp;[[pl.]]&nbsp;&nbsp;[[nom.]]<br>[[f.]]&nbsp;&nbsp;[[pl.]]&nbsp;&nbsp;[[voc.]]<br>[[m.]]&nbsp;&nbsp;[[pl.]]&nbsp;&nbsp;[[acc.]]<br>[[m.]]&nbsp;&nbsp;[[pl.]]&nbsp;&nbsp;[[nom.]]<br>[[m.]]&nbsp;&nbsp;[[pl.]]&nbsp;&nbsp;[[voc.]]<br>[[nt.]]&nbsp;&nbsp;[[pl.]]&nbsp;&nbsp;[[acc.]]<br>[[nt.]]&nbsp;&nbsp;[[pl.]]&nbsp;&nbsp;[[nom.]]<br>[[nt.]]&nbsp;&nbsp;[[pl.]]&nbsp;&nbsp;[[voc.]],,1
535096,en,34,-i,-i,-i,[[-i]]：[[Declensions]] of [[Noun]]<br>[[f.]]&nbsp;&nbsp;[[sg.]]&nbsp;&nbsp;[[nom.]]<br>[[f.]]&nbsp;&nbsp;[[sg.]]&nbsp;&nbsp;[[voc.]]<br>[[m.]]&nbsp;&nbsp;[[sg.]]&nbsp;&nbsp;[[nom.]]<br>[[m.]]&nbsp;&nbsp;[[sg.]]&nbsp;&nbsp;[[voc.]]<br>[[nt.]]&nbsp;&nbsp;[[sg.]]&nbsp;&nbsp;[[nom.]]<br>[[nt.]]&nbsp;&nbsp;[[sg.]]&nbsp;&nbsp;[[voc.]],,1
535097,en,34,-i,-ī,-ī,[[-ī]]：[[Declensions]] of [[Noun]]<br>[[f.]]&nbsp;&nbsp;[[sg.]]&nbsp;&nbsp;[[nom.]]<br>[[f.]]&nbsp;&nbsp;[[sg.]]&nbsp;&nbsp;[[voc.]]<br>[[m.]]&nbsp;&nbsp;[[sg.]]&nbsp;&nbsp;[[nom.]]<br>[[m.]]&nbsp;&nbsp;[[sg.]]&nbsp;&nbsp;[[voc.]],,1
535098,en,34,-i,-i,-i,[[-i]]：[[Conjugations]] of [[Verb]]<br>[[2p.]]&nbsp;&nbsp;[[sg.]]&nbsp;&nbsp;[[aor.]]<br>[[3p.]]&nbsp;&nbsp;[[sg.]]&nbsp;&nbsp;[[aor.]],,1
535099,en,34,-i,-ī,-ī,[[-ī]]：[[Conjugations]] of [[Verb]]<br>[[3p.]]&nbsp;&nbsp;[[sg.]]&nbsp;&nbsp;[[aor.]],,1
535100,en,34,-ibhi,-ibhi,-ibhi,[[-ibhi]]：[[Declensions]] of [[Noun]]<br>[[nt.]]&nbsp;&nbsp;[[pl.]]&nbsp;&nbsp;[[abl.]]<br>[[nt.]]&nbsp;&nbsp;[[pl.]]&nbsp;&nbsp;[[inst.]],,1
535101,en,34,-ibhi,-ibhī,-ibhī,[[-ibhī]]：[[Declensions]] of [[Noun]]<br>[[nt.]]&nbsp;&nbsp;[[pl.]]&nbsp;&nbsp;[[abl.]]<br>[[nt.]]&nbsp;&nbsp;[[pl.]]&nbsp;&nbsp;[[inst.]],,1
535102,en,34,-ibhi,-ībhi,-ībhi,[[-ībhi]]：[[Declensions]] of [[Noun]]<br>[[f.]]&nbsp;&nbsp;[[pl.]]&nbsp;&nbsp;[[abl.]]<br>[[f.]]&nbsp;&nbsp;[[pl.]]&nbsp;&nbsp;[[inst.]]<br>[[m.]]&nbsp;&nbsp;[[pl.]]&nbsp;&nbsp;[[abl.]]<br>[[m.]]&nbsp;&nbsp;[[pl.]]&nbsp;&nbsp;[[inst.]]<br>[[nt.]]&nbsp;&nbsp;[[pl.]]&nbsp;&nbsp;[[abl.]]<br>[[nt.]]&nbsp;&nbsp;[[pl.]]&nbsp;&nbsp;[[inst.]],,1
535103,en,34,-ibhi,-ībhī,-ībhī,[[-ībhī]]：[[Declensions]] of [[Noun]]<br>[[f.]]&nbsp;&nbsp;[[pl.]]&nbsp;&nbsp;[[abl.]]<br>[[f.]]&nbsp;&nbsp;[[pl.]]&nbsp;&nbsp;[[inst.]]<br>[[m.]]&nbsp;&nbsp;[[pl.]]&nbsp;&nbsp;[[abl.]]<br>[[m.]]&nbsp;&nbsp;[[pl.]]&nbsp;&nbsp;[[inst.]]<br>[[nt.]]&nbsp;&nbsp;[[pl.]]&nbsp;&nbsp;[[abl.]]<br>[[nt.]]&nbsp;&nbsp;[[pl.]]&nbsp;&nbsp;[[inst.]],,1
535104,en,34,-ihi,-ihi,-ihi,[[-ihi]]：[[Declensions]] of [[Noun]]<br>[[nt.]]&nbsp;&nbsp;[[pl.]]&nbsp;&nbsp;[[abl.]]<br>[[nt.]]&nbsp;&nbsp;[[pl.]]&nbsp;&nbsp;[[inst.]],,1
535105,en,34,-ihi,-ihī,-ihī,[[-ihī]]：[[Declensions]] of [[Noun]]<br>[[nt.]]&nbsp;&nbsp;[[pl.]]&nbsp;&nbsp;[[abl.]]<br>[[nt.]]&nbsp;&nbsp;[[pl.]]&nbsp;&nbsp;[[inst.]],,1
535106,en,34,-ihi,-īhi,-īhi,[[-īhi]]：[[Declensions]] of [[Noun]]<br>[[f.]]&nbsp;&nbsp;[[pl.]]&nbsp;&nbsp;[[abl.]]<br>[[f.]]&nbsp;&nbsp;[[pl.]]&nbsp;&nbsp;[[inst.]]<br>[[m.]]&nbsp;&nbsp;[[pl.]]&nbsp;&nbsp;[[abl.]]<br>[[m.]]&nbsp;&nbsp;[[pl.]]&nbsp;&nbsp;[[inst.]]<br>[[nt.]]&nbsp;&nbsp;[[pl.]]&nbsp;&nbsp;[[abl.]]<br>[[nt.]]&nbsp;&nbsp;[[pl.]]&nbsp;&nbsp;[[inst.]],,1
535107,en,34,-ihi,-īhī,-īhī,[[-īhī]]：[[Declensions]] of [[Noun]]<br>[[f.]]&nbsp;&nbsp;[[pl.]]&nbsp;&nbsp;[[abl.]]<br>[[f.]]&nbsp;&nbsp;[[pl.]]&nbsp;&nbsp;[[inst.]]<br>[[m.]]&nbsp;&nbsp;[[pl.]]&nbsp;&nbsp;[[abl.]]<br>[[m.]]&nbsp;&nbsp;[[pl.]]&nbsp;&nbsp;[[inst.]]<br>[[nt.]]&nbsp;&nbsp;[[pl.]]&nbsp;&nbsp;[[abl.]]<br>[[nt.]]&nbsp;&nbsp;[[pl.]]&nbsp;&nbsp;[[inst.]],,1
535108,en,34,-im,-iṃ,-iṃ,[[-iṃ]]：[[Declensions]] of [[Noun]]<br>[[f.]]&nbsp;&nbsp;[[sg.]]&nbsp;&nbsp;[[acc.]]<br>[[m.]]&nbsp;&nbsp;[[sg.]]&nbsp;&nbsp;[[acc.]]<br>[[nt.]]&nbsp;&nbsp;[[sg.]]&nbsp;&nbsp;[[acc.]],,1
535109,en,34,-im,-iṃ,-iṃ,[[-iṃ]]：[[Conjugations]] of [[Verb]]<br>[[1p.]]&nbsp;&nbsp;[[sg.]]&nbsp;&nbsp;[[aor.]],,1
535110,en,34,-imha,-imhā,-imhā,[[-imhā]]：[[Declensions]] of [[Noun]]<br>[[m.]]&nbsp;&nbsp;[[sg.]]&nbsp;&nbsp;[[abl.]]<br>[[nt.]]&nbsp;&nbsp;[[sg.]]&nbsp;&nbsp;[[abl.]],,1
535111,en,34,-imha,-imha,-imha,[[-imha]]：[[Conjugations]] of [[Verb]]<br>[[1p.]]&nbsp;&nbsp;[[pl.]]&nbsp;&nbsp;[[aor.]],,1
535112,en,34,-imha,-imhā,-imhā,[[-imhā]]：[[Conjugations]] of [[Verb]]<br>[[1p.]]&nbsp;&nbsp;[[pl.]]&nbsp;&nbsp;[[aor.]],,1
535113,en,34,-imhe,-imhe,-imhe,[[-imhe]]：[[Conjugations]] of [[Verb]]<br>[[1p.]]&nbsp;&nbsp;[[pl.]]&nbsp;&nbsp;[[aor.]],,1
535114,en,34,-imhi,-imhi,-imhi,[[-imhi]]：[[Declensions]] of [[Noun]]<br>[[m.]]&nbsp;&nbsp;[[sg.]]&nbsp;&nbsp;[[loc.]]<br>[[nt.]]&nbsp;&nbsp;[[sg.]]&nbsp;&nbsp;[[loc.]],,1
535115,en,34,-imhi,-imhī,-imhī,[[-imhī]]：[[Declensions]] of [[Noun]]<br>[[m.]]&nbsp;&nbsp;[[sg.]]&nbsp;&nbsp;[[loc.]]<br>[[nt.]]&nbsp;&nbsp;[[sg.]]&nbsp;&nbsp;[[loc.]],,1
535116,en,34,-imsu,-iṃsu,-iṃsu,[[-iṃsu]]：[[Conjugations]] of [[Verb]]<br>[[3p.]]&nbsp;&nbsp;[[pl.]]&nbsp;&nbsp;[[aor.]],,1
535117,en,34,-ina,-inā,-inā,[[-inā]]：[[Declensions]] of [[Noun]]<br>[[f.]]&nbsp;&nbsp;[[sg.]]&nbsp;&nbsp;[[inst.]]<br>[[m.]]&nbsp;&nbsp;[[sg.]]&nbsp;&nbsp;[[abl.]]<br>[[m.]]&nbsp;&nbsp;[[sg.]]&nbsp;&nbsp;[[inst.]]<br>[[nt.]]&nbsp;&nbsp;[[sg.]]&nbsp;&nbsp;[[abl.]]<br>[[nt.]]&nbsp;&nbsp;[[sg.]]&nbsp;&nbsp;[[inst.]],,1
535118,en,34,-inam,-inaṃ,-inaṃ,[[-inaṃ]]：[[Declensions]] of [[Noun]]<br>[[f.]]&nbsp;&nbsp;[[pl.]]&nbsp;&nbsp;[[dat.]]<br>[[f.]]&nbsp;&nbsp;[[pl.]]&nbsp;&nbsp;[[gen.]]<br>[[m.]]&nbsp;&nbsp;[[pl.]]&nbsp;&nbsp;[[dat.]]<br>[[m.]]&nbsp;&nbsp;[[pl.]]&nbsp;&nbsp;[[gen.]]<br>[[nt.]]&nbsp;&nbsp;[[pl.]]&nbsp;&nbsp;[[dat.]]<br>[[nt.]]&nbsp;&nbsp;[[pl.]]&nbsp;&nbsp;[[gen.]],,1
535119,en,34,-inam,-īnaṃ,-īnaṃ,[[-īnaṃ]]：[[Declensions]] of [[Noun]]<br>[[f.]]&nbsp;&nbsp;[[pl.]]&nbsp;&nbsp;[[dat.]]<br>[[f.]]&nbsp;&nbsp;[[pl.]]&nbsp;&nbsp;[[gen.]]<br>[[m.]]&nbsp;&nbsp;[[pl.]]&nbsp;&nbsp;[[dat.]]<br>[[m.]]&nbsp;&nbsp;[[pl.]]&nbsp;&nbsp;[[gen.]]<br>[[nt.]]&nbsp;&nbsp;[[pl.]]&nbsp;&nbsp;[[dat.]]<br>[[nt.]]&nbsp;&nbsp;[[pl.]]&nbsp;&nbsp;[[gen.]],,1
535120,en,34,-inam,-inaṃ,-inaṃ,[[-inaṃ]]：[[Declensions]] of [[Noun]]<br>[[m.]]&nbsp;&nbsp;[[sg.]]&nbsp;&nbsp;[[acc.]],,1
535121,en,34,-ini,-īni,-īni,[[-īni]]：[[Declensions]] of [[Noun]]<br>[[nt.]]&nbsp;&nbsp;[[pl.]]&nbsp;&nbsp;[[acc.]]<br>[[nt.]]&nbsp;&nbsp;[[pl.]]&nbsp;&nbsp;[[nom.]]<br>[[nt.]]&nbsp;&nbsp;[[pl.]]&nbsp;&nbsp;[[voc.]],,1
535122,en,34,-ini,-īnī,-īnī,[[-īnī]]：[[Declensions]] of [[Noun]]<br>[[nt.]]&nbsp;&nbsp;[[pl.]]&nbsp;&nbsp;[[acc.]]<br>[[nt.]]&nbsp;&nbsp;[[pl.]]&nbsp;&nbsp;[[nom.]]<br>[[nt.]]&nbsp;&nbsp;[[pl.]]&nbsp;&nbsp;[[voc.]],,1
535123,en,34,-ini,-ini,-ini,[[-ini]]：[[Declensions]] of [[Noun]]<br>[[f.]]&nbsp;&nbsp;[[sg.]]&nbsp;&nbsp;[[loc.]]<br>[[m.]]&nbsp;&nbsp;[[sg.]]&nbsp;&nbsp;[[loc.]]<br>[[nt.]]&nbsp;&nbsp;[[sg.]]&nbsp;&nbsp;[[loc.]],,1
535124,en,34,-ini,-inī,-inī,[[-inī]]：[[Declensions]] of [[Noun]]<br>[[m.]]&nbsp;&nbsp;[[sg.]]&nbsp;&nbsp;[[voc.]],,1
535125,en,34,-ino,-ino,-ino,[[-ino]]：[[Declensions]] of [[Noun]]<br>[[m.]]&nbsp;&nbsp;[[pl.]]&nbsp;&nbsp;[[acc.]]<br>[[m.]]&nbsp;&nbsp;[[pl.]]&nbsp;&nbsp;[[nom.]]<br>[[m.]]&nbsp;&nbsp;[[pl.]]&nbsp;&nbsp;[[voc.]],,1
535126,en,34,-ino,-ino,-ino,[[-ino]]：[[Declensions]] of [[Noun]]<br>[[f.]]&nbsp;&nbsp;[[sg.]]&nbsp;&nbsp;[[dat.]]<br>[[f.]]&nbsp;&nbsp;[[sg.]]&nbsp;&nbsp;[[gen.]]<br>[[m.]]&nbsp;&nbsp;[[sg.]]&nbsp;&nbsp;[[dat.]]<br>[[m.]]&nbsp;&nbsp;[[sg.]]&nbsp;&nbsp;[[gen.]]<br>[[nt.]]&nbsp;&nbsp;[[sg.]]&nbsp;&nbsp;[[dat.]]<br>[[nt.]]&nbsp;&nbsp;[[sg.]]&nbsp;&nbsp;[[gen.]],,1
535127,en,34,-isma,-ismā,-ismā,[[-ismā]]：[[Declensions]] of [[Noun]]<br>[[m.]]&nbsp;&nbsp;[[sg.]]&nbsp;&nbsp;[[abl.]]<br>[[nt.]]&nbsp;&nbsp;[[sg.]]&nbsp;&nbsp;[[abl.]],,1
535128,en,34,-ismim,-ismiṃ,-ismiṃ,[[-ismiṃ]]：[[Declensions]] of [[Noun]]<br>[[m.]]&nbsp;&nbsp;[[sg.]]&nbsp;&nbsp;[[loc.]]<br>[[nt.]]&nbsp;&nbsp;[[sg.]]&nbsp;&nbsp;[[loc.]],,1
535129,en,34,-issa,-issa,-issa,[[-issa]]：[[Declensions]] of [[Noun]]<br>[[m.]]&nbsp;&nbsp;[[sg.]]&nbsp;&nbsp;[[dat.]]<br>[[m.]]&nbsp;&nbsp;[[sg.]]&nbsp;&nbsp;[[gen.]],,1
535130,en,34,-issa,-issā,-issā,[[-issā]]：[[Declensions]] of [[Noun]]<br>[[m.]]&nbsp;&nbsp;[[sg.]]&nbsp;&nbsp;[[dat.]]<br>[[m.]]&nbsp;&nbsp;[[sg.]]&nbsp;&nbsp;[[gen.]],,1
535131,en,34,-issam,-issaṃ,-issaṃ,[[-issaṃ]]：[[Conjugations]] of [[Verb]]<br>[[1p.]]&nbsp;&nbsp;[[sg.]]&nbsp;&nbsp;[[fut.]],,1
535132,en,34,-issama,-issāma,-issāma,[[-issāma]]：[[Conjugations]] of [[Verb]]<br>[[1p.]]&nbsp;&nbsp;[[pl.]]&nbsp;&nbsp;[[fut.]],,1
535133,en,34,-issamase,-issāmase,-issāmase,[[-issāmase]]：[[Conjugations]] of [[Verb]]<br>[[1p.]]&nbsp;&nbsp;[[pl.]]&nbsp;&nbsp;[[fut.]],,1
535134,en,34,-issamhe,-issāmhe,-issāmhe,[[-issāmhe]]：[[Conjugations]] of [[Verb]]<br>[[1p.]]&nbsp;&nbsp;[[pl.]]&nbsp;&nbsp;[[fut.]],,1
535135,en,34,-issami,-issāmi,-issāmi,[[-issāmi]]：[[Conjugations]] of [[Verb]]<br>[[1p.]]&nbsp;&nbsp;[[sg.]]&nbsp;&nbsp;[[fut.]],,1
535136,en,34,-issante,-issante,-issante,[[-issante]]：[[Conjugations]] of [[Verb]]<br>[[3p.]]&nbsp;&nbsp;[[pl.]]&nbsp;&nbsp;[[fut.]],,1
535137,en,34,-issanti,-issanti,-issanti,[[-issanti]]：[[Conjugations]] of [[Verb]]<br>[[3p.]]&nbsp;&nbsp;[[pl.]]&nbsp;&nbsp;[[fut.]],,1
535138,en,34,-issare,-issare,-issare,[[-issare]]：[[Conjugations]] of [[Verb]]<br>[[3p.]]&nbsp;&nbsp;[[pl.]]&nbsp;&nbsp;[[fut.]],,1
535139,en,34,-issase,-issase,-issase,[[-issase]]：[[Conjugations]] of [[Verb]]<br>[[2p.]]&nbsp;&nbsp;[[sg.]]&nbsp;&nbsp;[[fut.]],,1
535140,en,34,-issasi,-issasi,-issasi,[[-issasi]]：[[Conjugations]] of [[Verb]]<br>[[2p.]]&nbsp;&nbsp;[[sg.]]&nbsp;&nbsp;[[fut.]],,1
535141,en,34,-issate,-issate,-issate,[[-issate]]：[[Conjugations]] of [[Verb]]<br>[[3p.]]&nbsp;&nbsp;[[sg.]]&nbsp;&nbsp;[[fut.]],,1
535142,en,34,-issatha,-issatha,-issatha,[[-issatha]]：[[Conjugations]] of [[Verb]]<br>[[2p.]]&nbsp;&nbsp;[[pl.]]&nbsp;&nbsp;[[fut.]],,1
535143,en,34,-issati,-issati,-issati,[[-issati]]：[[Conjugations]] of [[Verb]]<br>[[3p.]]&nbsp;&nbsp;[[sg.]]&nbsp;&nbsp;[[fut.]],,1
535144,en,34,-issavhe,-issavhe,-issavhe,[[-issavhe]]：[[Conjugations]] of [[Verb]]<br>[[2p.]]&nbsp;&nbsp;[[pl.]]&nbsp;&nbsp;[[fut.]],,1
535145,en,34,-isu,-isu,-isu,[[-isu]]：[[Declensions]] of [[Noun]]<br>[[f.]]&nbsp;&nbsp;[[pl.]]&nbsp;&nbsp;[[loc.]]<br>[[nt.]]&nbsp;&nbsp;[[pl.]]&nbsp;&nbsp;[[loc.]],,1
535146,en,34,-isu,-isū,-isū,[[-isū]]：[[Declensions]] of [[Noun]]<br>[[f.]]&nbsp;&nbsp;[[pl.]]&nbsp;&nbsp;[[loc.]]<br>[[nt.]]&nbsp;&nbsp;[[pl.]]&nbsp;&nbsp;[[loc.]],,1
535147,en,34,-isu,-īsu,-īsu,[[-īsu]]：[[Declensions]] of [[Noun]]<br>[[f.]]&nbsp;&nbsp;[[pl.]]&nbsp;&nbsp;[[loc.]]<br>[[m.]]&nbsp;&nbsp;[[pl.]]&nbsp;&nbsp;[[loc.]]<br>[[nt.]]&nbsp;&nbsp;[[pl.]]&nbsp;&nbsp;[[loc.]],,1
535148,en,34,-isu,-īsū,-īsū,[[-īsū]]：[[Declensions]] of [[Noun]]<br>[[f.]]&nbsp;&nbsp;[[pl.]]&nbsp;&nbsp;[[loc.]]<br>[[m.]]&nbsp;&nbsp;[[pl.]]&nbsp;&nbsp;[[loc.]]<br>[[nt.]]&nbsp;&nbsp;[[pl.]]&nbsp;&nbsp;[[loc.]],,1
535149,en,34,-ito,-ito,-ito,[[-ito]]：[[Declensions]] of [[Noun]]<br>[[m.]]&nbsp;&nbsp;[[sg.]]&nbsp;&nbsp;[[abl.]],,1
535150,en,34,-iya,-iyā,-iyā,[[-iyā]]：[[Declensions]] of [[Noun]]<br>[[f.]]&nbsp;&nbsp;[[sg.]]&nbsp;&nbsp;[[abl.]]<br>[[f.]]&nbsp;&nbsp;[[sg.]]&nbsp;&nbsp;[[dat.]]<br>[[f.]]&nbsp;&nbsp;[[sg.]]&nbsp;&nbsp;[[gen.]]<br>[[f.]]&nbsp;&nbsp;[[sg.]]&nbsp;&nbsp;[[inst.]]<br>[[f.]]&nbsp;&nbsp;[[sg.]]&nbsp;&nbsp;[[loc.]],,1
535151,en,34,-iyam,-iyaṃ,-iyaṃ,[[-iyaṃ]]：[[Declensions]] of [[Noun]]<br>[[f.]]&nbsp;&nbsp;[[sg.]]&nbsp;&nbsp;[[acc.]]<br>[[f.]]&nbsp;&nbsp;[[sg.]]&nbsp;&nbsp;[[loc.]],,1
535152,en,34,-iyanam,-iyanaṃ,-iyanaṃ,[[-iyanaṃ]]：[[Declensions]] of [[Noun]]<br>[[f.]]&nbsp;&nbsp;[[pl.]]&nbsp;&nbsp;[[dat.]]<br>[[f.]]&nbsp;&nbsp;[[pl.]]&nbsp;&nbsp;[[gen.]],,1
535153,en,34,-iyanam,-īyanaṃ,-īyanaṃ,[[-īyanaṃ]]：[[Declensions]] of [[Noun]]<br>[[f.]]&nbsp;&nbsp;[[pl.]]&nbsp;&nbsp;[[dat.]]<br>[[f.]]&nbsp;&nbsp;[[pl.]]&nbsp;&nbsp;[[gen.]],,1
535154,en,34,-iyo,-iyo,-iyo,[[-iyo]]：[[Declensions]] of [[Noun]]<br>[[f.]]&nbsp;&nbsp;[[pl.]]&nbsp;&nbsp;[[acc.]]<br>[[f.]]&nbsp;&nbsp;[[pl.]]&nbsp;&nbsp;[[nom.]]<br>[[f.]]&nbsp;&nbsp;[[pl.]]&nbsp;&nbsp;[[voc.]],,1
535155,en,34,-iyo,-iyo,-iyo,[[-iyo]]：[[Declensions]] of [[Noun]]<br>[[m.]]&nbsp;&nbsp;[[sg.]]&nbsp;&nbsp;[[voc.]],,1
535156,en,34,-m,-ṃ,-ṃ,[[-ṃ]]：[[Conjugations]] of [[Verb]]<br>[[3p.]]&nbsp;&nbsp;[[pl.]]&nbsp;&nbsp;[[aor.]],,1
535157,en,34,-m,-ṃ,-ṃ,[[-ṃ]]：[[Conjugations]] of [[Verb]]<br>[[1p.]]&nbsp;&nbsp;[[sg.]]&nbsp;&nbsp;[[aor.]],,1
535158,en,34,-ma,-ma,-ma,[[-ma]]：[[Conjugations]] of [[Verb]]<br>[[1p.]]&nbsp;&nbsp;[[pl.]]&nbsp;&nbsp;[[imp.]]<br>[[1p.]]&nbsp;&nbsp;[[pl.]]&nbsp;&nbsp;[[pres.]],,1
535159,en,34,-mahe,-mahe,-mahe,[[-mahe]]：[[Conjugations]] of [[Verb]]<br>[[1p.]]&nbsp;&nbsp;[[pl.]]&nbsp;&nbsp;[[pres.]],,1
535160,en,34,-mase,-mase,-mase,[[-mase]]：[[Conjugations]] of [[Verb]]<br>[[1p.]]&nbsp;&nbsp;[[pl.]]&nbsp;&nbsp;[[pres.]],,1
535161,en,34,-mha,-mha,-mha,[[-mha]]：[[Conjugations]] of [[Verb]]<br>[[1p.]]&nbsp;&nbsp;[[pl.]]&nbsp;&nbsp;[[pres.]],,1
535162,en,34,-mhase,-mhase,-mhase,[[-mhase]]：[[Conjugations]] of [[Verb]]<br>[[1p.]]&nbsp;&nbsp;[[pl.]]&nbsp;&nbsp;[[pres.]],,1
535163,en,34,-mhe,-mhe,-mhe,[[-mhe]]：[[Conjugations]] of [[Verb]]<br>[[1p.]]&nbsp;&nbsp;[[pl.]]&nbsp;&nbsp;[[pres.]],,1
535164,en,34,-mi,-mi,-mi,[[-mi]]：[[Conjugations]] of [[Verb]]<br>[[1p.]]&nbsp;&nbsp;[[sg.]]&nbsp;&nbsp;[[imp.]]<br>[[1p.]]&nbsp;&nbsp;[[sg.]]&nbsp;&nbsp;[[pres.]],,1
535165,en,34,-no,-no,-no,[[-no]]：[[Declensions]] of [[Noun]]<br>[[nt.]]&nbsp;&nbsp;[[sg.]]&nbsp;&nbsp;[[dat.]],,1
535166,en,34,-ntam,-ntaṃ,-ntaṃ,[[-ntaṃ]]：[[Conjugations]] of [[Verb]]<br>[[3p.]]&nbsp;&nbsp;[[pl.]]&nbsp;&nbsp;[[imp.]],,1
535167,en,34,-nte,-nte,-nte,[[-nte]]：[[Conjugations]] of [[Verb]]<br>[[3p.]]&nbsp;&nbsp;[[pl.]]&nbsp;&nbsp;[[pres.]],,1
535168,en,34,-nti,-nti,-nti,[[-nti]]：[[Conjugations]] of [[Verb]]<br>[[3p.]]&nbsp;&nbsp;[[pl.]]&nbsp;&nbsp;[[pres.]],,1
535169,en,34,-ntu,-ntu,-ntu,[[-ntu]]：[[Conjugations]] of [[Verb]]<br>[[3p.]]&nbsp;&nbsp;[[pl.]]&nbsp;&nbsp;[[imp.]],,1
535170,en,34,-o,-o,-o,[[-o]]：[[Declensions]] of [[Noun]]<br>[[m.]]&nbsp;&nbsp;[[sg.]]&nbsp;&nbsp;[[acc.]]<br>[[m.]]&nbsp;&nbsp;[[sg.]]&nbsp;&nbsp;[[nom.]]<br>[[m.]]&nbsp;&nbsp;[[sg.]]&nbsp;&nbsp;[[voc.]]<br>[[nt.]]&nbsp;&nbsp;[[sg.]]&nbsp;&nbsp;[[acc.]]<br>[[nt.]]&nbsp;&nbsp;[[sg.]]&nbsp;&nbsp;[[nom.]]<br>[[nt.]]&nbsp;&nbsp;[[sg.]]&nbsp;&nbsp;[[voc.]],,1
535171,en,34,-o,-o,-o,[[-o]]：[[Conjugations]] of [[Verb]]<br>[[2p.]]&nbsp;&nbsp;[[sg.]]&nbsp;&nbsp;[[aor.]],,1
535172,en,34,-re,-re,-re,[[-re]]：[[Conjugations]] of [[Verb]]<br>[[3p.]]&nbsp;&nbsp;[[pl.]]&nbsp;&nbsp;[[pres.]],,1
535173,en,34,-sa,-sa,-sa,[[-sa]]：[[Conjugations]] of [[Verb]]<br>[[1p.]]&nbsp;&nbsp;[[sg.]]&nbsp;&nbsp;[[aor.]]<br>[[3p.]]&nbsp;&nbsp;[[sg.]]&nbsp;&nbsp;[[aor.]],,1
535174,en,34,-sa,-sā,-sā,[[-sā]]：[[Conjugations]] of [[Verb]]<br>[[1p.]]&nbsp;&nbsp;[[sg.]]&nbsp;&nbsp;[[aor.]]<br>[[2p.]]&nbsp;&nbsp;[[sg.]]&nbsp;&nbsp;[[aor.]]<br>[[3p.]]&nbsp;&nbsp;[[sg.]]&nbsp;&nbsp;[[aor.]]<br>[[3p.]]&nbsp;&nbsp;[[sg.]]&nbsp;&nbsp;[[cond.]],,1
535175,en,34,-sam,-saṃ,-saṃ,[[-saṃ]]：[[Conjugations]] of [[Verb]]<br>[[1p.]]&nbsp;&nbsp;[[sg.]]&nbsp;&nbsp;[[aor.]],,1
535176,en,34,-satthum,-satthuṃ,-satthuṃ,[[-satthuṃ]]：[[Conjugations]] of [[Verb]]<br>[[3p.]]&nbsp;&nbsp;[[pl.]]&nbsp;&nbsp;[[aor.]],,1
535177,en,34,-se,-se,-se,[[-se]]：[[Conjugations]] of [[Verb]]<br>[[2p.]]&nbsp;&nbsp;[[sg.]]&nbsp;&nbsp;[[aor.]]<br>[[2p.]]&nbsp;&nbsp;[[sg.]]&nbsp;&nbsp;[[cond.]]<br>[[2p.]]&nbsp;&nbsp;[[sg.]]&nbsp;&nbsp;[[pres.]],,1
535178,en,34,-si,-si,-si,[[-si]]：[[Conjugations]] of [[Verb]]<br>[[2p.]]&nbsp;&nbsp;[[sg.]]&nbsp;&nbsp;[[aor.]]<br>[[2p.]]&nbsp;&nbsp;[[sg.]]&nbsp;&nbsp;[[pres.]]<br>[[3p.]]&nbsp;&nbsp;[[sg.]]&nbsp;&nbsp;[[aor.]],,1
535179,en,34,-si,-sī,-sī,[[-sī]]：[[Conjugations]] of [[Verb]]<br>[[3p.]]&nbsp;&nbsp;[[sg.]]&nbsp;&nbsp;[[aor.]],,1
535180,en,34,-sim,-siṃ,-siṃ,[[-siṃ]]：[[Conjugations]] of [[Verb]]<br>[[1p.]]&nbsp;&nbsp;[[sg.]]&nbsp;&nbsp;[[aor.]],,1
535181,en,34,-simha,-simha,-simha,[[-simha]]：[[Conjugations]] of [[Verb]]<br>[[1p.]]&nbsp;&nbsp;[[pl.]]&nbsp;&nbsp;[[aor.]],,1
535182,en,34,-simha,-simhā,-simhā,[[-simhā]]：[[Conjugations]] of [[Verb]]<br>[[1p.]]&nbsp;&nbsp;[[pl.]]&nbsp;&nbsp;[[aor.]],,1
535183,en,34,-simhe,-simhe,-simhe,[[-simhe]]：[[Conjugations]] of [[Verb]]<br>[[1p.]]&nbsp;&nbsp;[[pl.]]&nbsp;&nbsp;[[aor.]],,1
535184,en,34,-simsu,-siṃsu,-siṃsu,[[-siṃsu]]：[[Conjugations]] of [[Verb]]<br>[[3p.]]&nbsp;&nbsp;[[pl.]]&nbsp;&nbsp;[[aor.]],,1
535185,en,34,-sm,-sṃ,-sṃ,[[-sṃ]]：[[Conjugations]] of [[Verb]]<br>[[3p.]]&nbsp;&nbsp;[[pl.]]&nbsp;&nbsp;[[aor.]],,1
535186,en,34,-sm,-sṃ,-sṃ,[[-sṃ]]：[[Conjugations]] of [[Verb]]<br>[[1p.]]&nbsp;&nbsp;[[sg.]]&nbsp;&nbsp;[[aor.]],,1
535187,en,34,-so,-so,-so,[[-so]]：[[Conjugations]] of [[Verb]]<br>[[2p.]]&nbsp;&nbsp;[[sg.]]&nbsp;&nbsp;[[aor.]],,1
535188,en,34,-ssa,-ssa,-ssa,[[-ssa]]：[[Conjugations]] of [[Verb]]<br>[[1p.]]&nbsp;&nbsp;[[sg.]]&nbsp;&nbsp;[[cond.]]<br>[[2p.]]&nbsp;&nbsp;[[sg.]]&nbsp;&nbsp;[[cond.]]<br>[[3p.]]&nbsp;&nbsp;[[sg.]]&nbsp;&nbsp;[[cond.]],,1
535189,en,34,-ssam,-ssaṃ,-ssaṃ,[[-ssaṃ]]：[[Conjugations]] of [[Verb]]<br>[[1p.]]&nbsp;&nbsp;[[sg.]]&nbsp;&nbsp;[[cond.]]<br>[[1p.]]&nbsp;&nbsp;[[sg.]]&nbsp;&nbsp;[[fut.]],,1
535190,en,34,-ssama,-ssāma,-ssāma,[[-ssāma]]：[[Conjugations]] of [[Verb]]<br>[[1p.]]&nbsp;&nbsp;[[pl.]]&nbsp;&nbsp;[[fut.]],,1
535191,en,34,-ssamase,-ssāmase,-ssāmase,[[-ssāmase]]：[[Conjugations]] of [[Verb]]<br>[[1p.]]&nbsp;&nbsp;[[pl.]]&nbsp;&nbsp;[[fut.]],,1
535192,en,34,-ssamha,-ssamhā,-ssamhā,[[-ssamhā]]：[[Conjugations]] of [[Verb]]<br>[[1p.]]&nbsp;&nbsp;[[pl.]]&nbsp;&nbsp;[[cond.]],,1
535193,en,34,-ssamhase,-ssāmhase,-ssāmhase,[[-ssāmhase]]：[[Conjugations]] of [[Verb]]<br>[[1p.]]&nbsp;&nbsp;[[pl.]]&nbsp;&nbsp;[[cond.]],,1
535194,en,34,-ssamhe,-ssāmhe,-ssāmhe,[[-ssāmhe]]：[[Conjugations]] of [[Verb]]<br>[[1p.]]&nbsp;&nbsp;[[pl.]]&nbsp;&nbsp;[[fut.]],,1
535195,en,34,-ssami,-ssāmi,-ssāmi,[[-ssāmi]]：[[Conjugations]] of [[Verb]]<br>[[1p.]]&nbsp;&nbsp;[[sg.]]&nbsp;&nbsp;[[fut.]],,1
535196,en,34,-ssamsu,-ssaṃsu,-ssaṃsu,[[-ssaṃsu]]：[[Conjugations]] of [[Verb]]<br>[[3p.]]&nbsp;&nbsp;[[pl.]]&nbsp;&nbsp;[[cond.]],,1
535197,en,34,-ssante,-ssante,-ssante,[[-ssante]]：[[Conjugations]] of [[Verb]]<br>[[3p.]]&nbsp;&nbsp;[[pl.]]&nbsp;&nbsp;[[fut.]],,1
535198,en,34,-ssanti,-ssanti,-ssanti,[[-ssanti]]：[[Conjugations]] of [[Verb]]<br>[[3p.]]&nbsp;&nbsp;[[pl.]]&nbsp;&nbsp;[[fut.]],,1
535199,en,34,-ssare,-ssare,-ssare,[[-ssare]]：[[Conjugations]] of [[Verb]]<br>[[3p.]]&nbsp;&nbsp;[[pl.]]&nbsp;&nbsp;[[fut.]],,1
535200,en,34,-ssase,-ssase,-ssase,[[-ssase]]：[[Conjugations]] of [[Verb]]<br>[[2p.]]&nbsp;&nbsp;[[sg.]]&nbsp;&nbsp;[[cond.]]<br>[[2p.]]&nbsp;&nbsp;[[sg.]]&nbsp;&nbsp;[[fut.]],,1
535201,en,34,-ssasi,-ssasi,-ssasi,[[-ssasi]]：[[Conjugations]] of [[Verb]]<br>[[2p.]]&nbsp;&nbsp;[[sg.]]&nbsp;&nbsp;[[cond.]]<br>[[2p.]]&nbsp;&nbsp;[[sg.]]&nbsp;&nbsp;[[fut.]],,1
535202,en,34,-ssate,-ssate,-ssate,[[-ssate]]：[[Conjugations]] of [[Verb]]<br>[[3p.]]&nbsp;&nbsp;[[sg.]]&nbsp;&nbsp;[[fut.]],,1
535203,en,34,-ssatha,-ssatha,-ssatha,[[-ssatha]]：[[Conjugations]] of [[Verb]]<br>[[2p.]]&nbsp;&nbsp;[[pl.]]&nbsp;&nbsp;[[cond.]]<br>[[2p.]]&nbsp;&nbsp;[[pl.]]&nbsp;&nbsp;[[fut.]],,1
535204,en,34,-ssatha,-ssatha,-ssatha,[[-ssatha]]：[[Conjugations]] of [[Verb]]<br>[[3p.]]&nbsp;&nbsp;[[sg.]]&nbsp;&nbsp;[[cond.]],,1
535205,en,34,-ssati,-ssati,-ssati,[[-ssati]]：[[Conjugations]] of [[Verb]]<br>[[3p.]]&nbsp;&nbsp;[[sg.]]&nbsp;&nbsp;[[cond.]]<br>[[3p.]]&nbsp;&nbsp;[[sg.]]&nbsp;&nbsp;[[fut.]],,1
535206,en,34,-ssavhe,-ssavhe,-ssavhe,[[-ssavhe]]：[[Conjugations]] of [[Verb]]<br>[[2p.]]&nbsp;&nbsp;[[pl.]]&nbsp;&nbsp;[[cond.]]<br>[[2p.]]&nbsp;&nbsp;[[pl.]]&nbsp;&nbsp;[[fut.]],,1
535207,en,34,-sse,-sse,-sse,[[-sse]]：[[Conjugations]] of [[Verb]]<br>[[2p.]]&nbsp;&nbsp;[[sg.]]&nbsp;&nbsp;[[aor.]],,1
535208,en,34,-ssimsu,-ssiṃsu,-ssiṃsu,[[-ssiṃsu]]：[[Conjugations]] of [[Verb]]<br>[[3p.]]&nbsp;&nbsp;[[pl.]]&nbsp;&nbsp;[[cond.]],,1
535209,en,34,-ssu,-ssu,-ssu,[[-ssu]]：[[Conjugations]] of [[Verb]]<br>[[2p.]]&nbsp;&nbsp;[[sg.]]&nbsp;&nbsp;[[imp.]],,1
535210,en,34,-sttha,-sttha,-sttha,[[-sttha]]：[[Conjugations]] of [[Verb]]<br>[[2p.]]&nbsp;&nbsp;[[pl.]]&nbsp;&nbsp;[[aor.]],,1
535211,en,34,-stthum,-stthuṃ,-stthuṃ,[[-stthuṃ]]：[[Conjugations]] of [[Verb]]<br>[[3p.]]&nbsp;&nbsp;[[pl.]]&nbsp;&nbsp;[[aor.]],,1
535212,en,34,-sumu,-suṃū,-suṃū,[[-suṃū]]：[[Conjugations]] of [[Verb]]<br>[[3p.]]&nbsp;&nbsp;[[pl.]]&nbsp;&nbsp;[[aor.]],,1
535213,en,34,-svham,-svhaṃ,-svhaṃ,[[-svhaṃ]]：[[Conjugations]] of [[Verb]]<br>[[2p.]]&nbsp;&nbsp;[[pl.]]&nbsp;&nbsp;[[aor.]],,1
535214,en,34,-ta,-ta,-ta,[[-ta]]：[[Conjugations]] of [[Verb]]<br>[[2p.]]&nbsp;&nbsp;[[pl.]]&nbsp;&nbsp;[[imp.]],,1
535215,en,34,-tam,-taṃ,-taṃ,[[-taṃ]]：[[Conjugations]] of [[Verb]]<br>[[3p.]]&nbsp;&nbsp;[[sg.]]&nbsp;&nbsp;[[imp.]],,1
535216,en,34,-te,-te,-te,[[-te]]：[[Conjugations]] of [[Verb]]<br>[[3p.]]&nbsp;&nbsp;[[sg.]]&nbsp;&nbsp;[[pres.]],,1
535217,en,34,-tha,-tha,-tha,[[-tha]]：[[Conjugations]] of [[Verb]]<br>[[2p.]]&nbsp;&nbsp;[[pl.]]&nbsp;&nbsp;[[pres.]],,1
535218,en,34,-ti,-ti,-ti,[[-ti]]：[[Conjugations]] of [[Verb]]<br>[[3p.]]&nbsp;&nbsp;[[sg.]]&nbsp;&nbsp;[[pres.]],,1
535219,en,34,-ttha,-ttha,-ttha,[[-ttha]]：[[Conjugations]] of [[Verb]]<br>[[2p.]]&nbsp;&nbsp;[[pl.]]&nbsp;&nbsp;[[aor.]],,1
535220,en,34,-tthum,-tthuṃ,-tthuṃ,[[-tthuṃ]]：[[Conjugations]] of [[Verb]]<br>[[3p.]]&nbsp;&nbsp;[[pl.]]&nbsp;&nbsp;[[aor.]],,1
535221,en,34,-tu,-tu,-tu,[[-tu]]：[[Conjugations]] of [[Verb]]<br>[[3p.]]&nbsp;&nbsp;[[sg.]]&nbsp;&nbsp;[[imp.]],,1
535222,en,34,-u,-ū,-ū,[[-ū]]：[[Declensions]] of [[Noun]]<br>[[f.]]&nbsp;&nbsp;[[pl.]]&nbsp;&nbsp;[[acc.]]<br>[[f.]]&nbsp;&nbsp;[[pl.]]&nbsp;&nbsp;[[nom.]]<br>[[f.]]&nbsp;&nbsp;[[pl.]]&nbsp;&nbsp;[[voc.]]<br>[[m.]]&nbsp;&nbsp;[[pl.]]&nbsp;&nbsp;[[acc.]]<br>[[m.]]&nbsp;&nbsp;[[pl.]]&nbsp;&nbsp;[[nom.]]<br>[[m.]]&nbsp;&nbsp;[[pl.]]&nbsp;&nbsp;[[voc.]]<br>[[nt.]]&nbsp;&nbsp;[[pl.]]&nbsp;&nbsp;[[acc.]]<br>[[nt.]]&nbsp;&nbsp;[[pl.]]&nbsp;&nbsp;[[nom.]]<br>[[nt.]]&nbsp;&nbsp;[[pl.]]&nbsp;&nbsp;[[voc.]],,1
535223,en,34,-u,-u,-u,[[-u]]：[[Declensions]] of [[Noun]]<br>[[f.]]&nbsp;&nbsp;[[sg.]]&nbsp;&nbsp;[[nom.]]<br>[[f.]]&nbsp;&nbsp;[[sg.]]&nbsp;&nbsp;[[voc.]]<br>[[m.]]&nbsp;&nbsp;[[sg.]]&nbsp;&nbsp;[[acc.]]<br>[[m.]]&nbsp;&nbsp;[[sg.]]&nbsp;&nbsp;[[dat.]]<br>[[m.]]&nbsp;&nbsp;[[sg.]]&nbsp;&nbsp;[[gen.]]<br>[[m.]]&nbsp;&nbsp;[[sg.]]&nbsp;&nbsp;[[nom.]]<br>[[m.]]&nbsp;&nbsp;[[sg.]]&nbsp;&nbsp;[[voc.]]<br>[[nt.]]&nbsp;&nbsp;[[sg.]]&nbsp;&nbsp;[[nom.]]<br>[[nt.]]&nbsp;&nbsp;[[sg.]]&nbsp;&nbsp;[[voc.]],,1
535224,en,34,-u,-ū,-ū,[[-ū]]：[[Declensions]] of [[Noun]]<br>[[f.]]&nbsp;&nbsp;[[sg.]]&nbsp;&nbsp;[[nom.]]<br>[[f.]]&nbsp;&nbsp;[[sg.]]&nbsp;&nbsp;[[voc.]]<br>[[m.]]&nbsp;&nbsp;[[sg.]]&nbsp;&nbsp;[[nom.]]<br>[[m.]]&nbsp;&nbsp;[[sg.]]&nbsp;&nbsp;[[voc.]],,1
535225,en,34,-ubhi,-ubhi,-ubhi,[[-ubhi]]：[[Declensions]] of [[Noun]]<br>[[m.]]&nbsp;&nbsp;[[pl.]]&nbsp;&nbsp;[[inst.]],,1
535226,en,34,-ubhi,-ubhī,-ubhī,[[-ubhī]]：[[Declensions]] of [[Noun]]<br>[[m.]]&nbsp;&nbsp;[[pl.]]&nbsp;&nbsp;[[inst.]],,1
535227,en,34,-ubhi,-ūbhi,-ūbhi,[[-ūbhi]]：[[Declensions]] of [[Noun]]<br>[[f.]]&nbsp;&nbsp;[[pl.]]&nbsp;&nbsp;[[abl.]]<br>[[f.]]&nbsp;&nbsp;[[pl.]]&nbsp;&nbsp;[[inst.]]<br>[[m.]]&nbsp;&nbsp;[[pl.]]&nbsp;&nbsp;[[abl.]]<br>[[m.]]&nbsp;&nbsp;[[pl.]]&nbsp;&nbsp;[[inst.]]<br>[[nt.]]&nbsp;&nbsp;[[pl.]]&nbsp;&nbsp;[[abl.]]<br>[[nt.]]&nbsp;&nbsp;[[pl.]]&nbsp;&nbsp;[[inst.]],,1
535228,en,34,-ubhi,-ūbhī,-ūbhī,[[-ūbhī]]：[[Declensions]] of [[Noun]]<br>[[f.]]&nbsp;&nbsp;[[pl.]]&nbsp;&nbsp;[[abl.]]<br>[[f.]]&nbsp;&nbsp;[[pl.]]&nbsp;&nbsp;[[inst.]]<br>[[m.]]&nbsp;&nbsp;[[pl.]]&nbsp;&nbsp;[[abl.]]<br>[[m.]]&nbsp;&nbsp;[[pl.]]&nbsp;&nbsp;[[inst.]]<br>[[nt.]]&nbsp;&nbsp;[[pl.]]&nbsp;&nbsp;[[abl.]]<br>[[nt.]]&nbsp;&nbsp;[[pl.]]&nbsp;&nbsp;[[inst.]],,1
535229,en,34,-uhi,-uhi,-uhi,[[-uhi]]：[[Declensions]] of [[Noun]]<br>[[m.]]&nbsp;&nbsp;[[pl.]]&nbsp;&nbsp;[[inst.]],,1
535230,en,34,-uhi,-uhī,-uhī,[[-uhī]]：[[Declensions]] of [[Noun]]<br>[[m.]]&nbsp;&nbsp;[[pl.]]&nbsp;&nbsp;[[inst.]],,1
535231,en,34,-uhi,-ūhi,-ūhi,[[-ūhi]]：[[Declensions]] of [[Noun]]<br>[[f.]]&nbsp;&nbsp;[[pl.]]&nbsp;&nbsp;[[abl.]]<br>[[f.]]&nbsp;&nbsp;[[pl.]]&nbsp;&nbsp;[[inst.]]<br>[[m.]]&nbsp;&nbsp;[[pl.]]&nbsp;&nbsp;[[abl.]]<br>[[m.]]&nbsp;&nbsp;[[pl.]]&nbsp;&nbsp;[[inst.]]<br>[[nt.]]&nbsp;&nbsp;[[pl.]]&nbsp;&nbsp;[[abl.]]<br>[[nt.]]&nbsp;&nbsp;[[pl.]]&nbsp;&nbsp;[[inst.]],,1
535232,en,34,-uhi,-ūhī,-ūhī,[[-ūhī]]：[[Declensions]] of [[Noun]]<br>[[f.]]&nbsp;&nbsp;[[pl.]]&nbsp;&nbsp;[[abl.]]<br>[[f.]]&nbsp;&nbsp;[[pl.]]&nbsp;&nbsp;[[inst.]]<br>[[m.]]&nbsp;&nbsp;[[pl.]]&nbsp;&nbsp;[[abl.]]<br>[[m.]]&nbsp;&nbsp;[[pl.]]&nbsp;&nbsp;[[inst.]]<br>[[nt.]]&nbsp;&nbsp;[[pl.]]&nbsp;&nbsp;[[abl.]]<br>[[nt.]]&nbsp;&nbsp;[[pl.]]&nbsp;&nbsp;[[inst.]],,1
535233,en,34,-um,-uṃ,-uṃ,[[-uṃ]]：[[Declensions]] of [[Noun]]<br>[[f.]]&nbsp;&nbsp;[[sg.]]&nbsp;&nbsp;[[acc.]]<br>[[m.]]&nbsp;&nbsp;[[sg.]]&nbsp;&nbsp;[[acc.]]<br>[[m.]]&nbsp;&nbsp;[[sg.]]&nbsp;&nbsp;[[nom.]]<br>[[m.]]&nbsp;&nbsp;[[sg.]]&nbsp;&nbsp;[[voc.]]<br>[[nt.]]&nbsp;&nbsp;[[sg.]]&nbsp;&nbsp;[[acc.]],,1
535234,en,34,-umha,-umhā,-umhā,[[-umhā]]：[[Declensions]] of [[Noun]]<br>[[m.]]&nbsp;&nbsp;[[sg.]]&nbsp;&nbsp;[[abl.]]<br>[[nt.]]&nbsp;&nbsp;[[sg.]]&nbsp;&nbsp;[[abl.]],,1
535235,en,34,-umhi,-umhi,-umhi,[[-umhi]]：[[Declensions]] of [[Noun]]<br>[[m.]]&nbsp;&nbsp;[[sg.]]&nbsp;&nbsp;[[loc.]]<br>[[nt.]]&nbsp;&nbsp;[[sg.]]&nbsp;&nbsp;[[loc.]],,1
535236,en,34,-umhi,-umhī,-umhī,[[-umhī]]：[[Declensions]] of [[Noun]]<br>[[m.]]&nbsp;&nbsp;[[sg.]]&nbsp;&nbsp;[[loc.]]<br>[[nt.]]&nbsp;&nbsp;[[sg.]]&nbsp;&nbsp;[[loc.]],,1
535237,en,34,-umu,-uṃū,-uṃū,[[-uṃū]]：[[Conjugations]] of [[Verb]]<br>[[3p.]]&nbsp;&nbsp;[[pl.]]&nbsp;&nbsp;[[aor.]],,1
535238,en,34,-una,-unā,-unā,[[-unā]]：[[Declensions]] of [[Noun]]<br>[[m.]]&nbsp;&nbsp;[[sg.]]&nbsp;&nbsp;[[abl.]]<br>[[m.]]&nbsp;&nbsp;[[sg.]]&nbsp;&nbsp;[[inst.]]<br>[[nt.]]&nbsp;&nbsp;[[sg.]]&nbsp;&nbsp;[[abl.]]<br>[[nt.]]&nbsp;&nbsp;[[sg.]]&nbsp;&nbsp;[[inst.]],,1
535239,en,34,-unam,-ūnaṃ,-ūnaṃ,[[-ūnaṃ]]：[[Declensions]] of [[Noun]]<br>[[f.]]&nbsp;&nbsp;[[pl.]]&nbsp;&nbsp;[[dat.]]<br>[[f.]]&nbsp;&nbsp;[[pl.]]&nbsp;&nbsp;[[gen.]]<br>[[m.]]&nbsp;&nbsp;[[pl.]]&nbsp;&nbsp;[[dat.]]<br>[[m.]]&nbsp;&nbsp;[[pl.]]&nbsp;&nbsp;[[gen.]]<br>[[nt.]]&nbsp;&nbsp;[[pl.]]&nbsp;&nbsp;[[dat.]]<br>[[nt.]]&nbsp;&nbsp;[[pl.]]&nbsp;&nbsp;[[gen.]],,1
535240,en,34,-uni,-ūni,-ūni,[[-ūni]]：[[Declensions]] of [[Noun]]<br>[[m.]]&nbsp;&nbsp;[[pl.]]&nbsp;&nbsp;[[acc.]]<br>[[m.]]&nbsp;&nbsp;[[pl.]]&nbsp;&nbsp;[[nom.]]<br>[[m.]]&nbsp;&nbsp;[[pl.]]&nbsp;&nbsp;[[voc.]]<br>[[nt.]]&nbsp;&nbsp;[[pl.]]&nbsp;&nbsp;[[acc.]]<br>[[nt.]]&nbsp;&nbsp;[[pl.]]&nbsp;&nbsp;[[nom.]]<br>[[nt.]]&nbsp;&nbsp;[[pl.]]&nbsp;&nbsp;[[voc.]],,1
535241,en,34,-uni,-ūnī,-ūnī,[[-ūnī]]：[[Declensions]] of [[Noun]]<br>[[m.]]&nbsp;&nbsp;[[pl.]]&nbsp;&nbsp;[[acc.]]<br>[[m.]]&nbsp;&nbsp;[[pl.]]&nbsp;&nbsp;[[nom.]]<br>[[m.]]&nbsp;&nbsp;[[pl.]]&nbsp;&nbsp;[[voc.]]<br>[[nt.]]&nbsp;&nbsp;[[pl.]]&nbsp;&nbsp;[[acc.]]<br>[[nt.]]&nbsp;&nbsp;[[pl.]]&nbsp;&nbsp;[[nom.]]<br>[[nt.]]&nbsp;&nbsp;[[pl.]]&nbsp;&nbsp;[[voc.]],,1
535242,en,34,-uni,-uni,-uni,[[-uni]]：[[Declensions]] of [[Noun]]<br>[[m.]]&nbsp;&nbsp;[[sg.]]&nbsp;&nbsp;[[loc.]],,1
535243,en,34,-uni,-unī,-unī,[[-unī]]：[[Declensions]] of [[Noun]]<br>[[m.]]&nbsp;&nbsp;[[sg.]]&nbsp;&nbsp;[[loc.]],,1
535244,en,34,-uno,-uno,-uno,[[-uno]]：[[Declensions]] of [[Noun]]<br>[[m.]]&nbsp;&nbsp;[[sg.]]&nbsp;&nbsp;[[dat.]]<br>[[m.]]&nbsp;&nbsp;[[sg.]]&nbsp;&nbsp;[[gen.]]<br>[[nt.]]&nbsp;&nbsp;[[sg.]]&nbsp;&nbsp;[[dat.]]<br>[[nt.]]&nbsp;&nbsp;[[sg.]]&nbsp;&nbsp;[[gen.]],,1
535245,en,34,-usa,-usā,-usā,[[-usā]]：[[Declensions]] of [[Noun]]<br>[[m.]]&nbsp;&nbsp;[[sg.]]&nbsp;&nbsp;[[abl.]]<br>[[m.]]&nbsp;&nbsp;[[sg.]]&nbsp;&nbsp;[[inst.]],,1
535246,en,34,-usam,-ūsaṃ,-ūsaṃ,[[-ūsaṃ]]：[[Declensions]] of [[Noun]]<br>[[m.]]&nbsp;&nbsp;[[pl.]]&nbsp;&nbsp;[[dat.]]<br>[[m.]]&nbsp;&nbsp;[[pl.]]&nbsp;&nbsp;[[gen.]],,1
535247,en,34,-usi,-usi,-usi,[[-usi]]：[[Declensions]] of [[Noun]]<br>[[m.]]&nbsp;&nbsp;[[sg.]]&nbsp;&nbsp;[[loc.]],,1
535248,en,34,-usi,-usī,-usī,[[-usī]]：[[Declensions]] of [[Noun]]<br>[[m.]]&nbsp;&nbsp;[[sg.]]&nbsp;&nbsp;[[loc.]],,1
535249,en,34,-usma,-usmā,-usmā,[[-usmā]]：[[Declensions]] of [[Noun]]<br>[[m.]]&nbsp;&nbsp;[[sg.]]&nbsp;&nbsp;[[abl.]]<br>[[nt.]]&nbsp;&nbsp;[[sg.]]&nbsp;&nbsp;[[abl.]],,1
535250,en,34,-usmim,-usmiṃ,-usmiṃ,[[-usmiṃ]]：[[Declensions]] of [[Noun]]<br>[[m.]]&nbsp;&nbsp;[[sg.]]&nbsp;&nbsp;[[loc.]]<br>[[nt.]]&nbsp;&nbsp;[[sg.]]&nbsp;&nbsp;[[loc.]],,1
535251,en,34,-ussa,-ussa,-ussa,[[-ussa]]：[[Declensions]] of [[Noun]]<br>[[m.]]&nbsp;&nbsp;[[sg.]]&nbsp;&nbsp;[[dat.]]<br>[[m.]]&nbsp;&nbsp;[[sg.]]&nbsp;&nbsp;[[gen.]]<br>[[nt.]]&nbsp;&nbsp;[[sg.]]&nbsp;&nbsp;[[dat.]]<br>[[nt.]]&nbsp;&nbsp;[[sg.]]&nbsp;&nbsp;[[gen.]],,1
535252,en,34,-ussa,-ussā,-ussā,[[-ussā]]：[[Declensions]] of [[Noun]]<br>[[m.]]&nbsp;&nbsp;[[sg.]]&nbsp;&nbsp;[[dat.]]<br>[[m.]]&nbsp;&nbsp;[[sg.]]&nbsp;&nbsp;[[gen.]]<br>[[nt.]]&nbsp;&nbsp;[[sg.]]&nbsp;&nbsp;[[dat.]]<br>[[nt.]]&nbsp;&nbsp;[[sg.]]&nbsp;&nbsp;[[gen.]],,1
535253,en,34,-usu,-usu,-usu,[[-usu]]：[[Declensions]] of [[Noun]]<br>[[m.]]&nbsp;&nbsp;[[pl.]]&nbsp;&nbsp;[[loc.]],,1
535254,en,34,-usu,-usū,-usū,[[-usū]]：[[Declensions]] of [[Noun]]<br>[[m.]]&nbsp;&nbsp;[[pl.]]&nbsp;&nbsp;[[loc.]],,1
535255,en,34,-usu,-ūsu,-ūsu,[[-ūsu]]：[[Declensions]] of [[Noun]]<br>[[f.]]&nbsp;&nbsp;[[pl.]]&nbsp;&nbsp;[[loc.]]<br>[[m.]]&nbsp;&nbsp;[[pl.]]&nbsp;&nbsp;[[loc.]]<br>[[nt.]]&nbsp;&nbsp;[[pl.]]&nbsp;&nbsp;[[loc.]],,1
535256,en,34,-usu,-ūsū,-ūsū,[[-ūsū]]：[[Declensions]] of [[Noun]]<br>[[f.]]&nbsp;&nbsp;[[pl.]]&nbsp;&nbsp;[[loc.]]<br>[[m.]]&nbsp;&nbsp;[[pl.]]&nbsp;&nbsp;[[loc.]]<br>[[nt.]]&nbsp;&nbsp;[[pl.]]&nbsp;&nbsp;[[loc.]],,1
535257,en,34,-uto,-uto,-uto,[[-uto]]：[[Declensions]] of [[Noun]]<br>[[f.]]&nbsp;&nbsp;[[sg.]]&nbsp;&nbsp;[[abl.]],,1
535258,en,34,-uvo,-ūvo,-ūvo,[[-ūvo]]：[[Declensions]] of [[Noun]]<br>[[f.]]&nbsp;&nbsp;[[pl.]]&nbsp;&nbsp;[[nom.]],,1
535259,en,34,-uya,-uyā,-uyā,[[-uyā]]：[[Declensions]] of [[Noun]]<br>[[f.]]&nbsp;&nbsp;[[sg.]]&nbsp;&nbsp;[[abl.]]<br>[[f.]]&nbsp;&nbsp;[[sg.]]&nbsp;&nbsp;[[dat.]]<br>[[f.]]&nbsp;&nbsp;[[sg.]]&nbsp;&nbsp;[[gen.]]<br>[[f.]]&nbsp;&nbsp;[[sg.]]&nbsp;&nbsp;[[inst.]]<br>[[f.]]&nbsp;&nbsp;[[sg.]]&nbsp;&nbsp;[[loc.]],,1
535260,en,34,-uyam,-uyaṃ,-uyaṃ,[[-uyaṃ]]：[[Declensions]] of [[Noun]]<br>[[f.]]&nbsp;&nbsp;[[sg.]]&nbsp;&nbsp;[[loc.]],,1
535261,en,34,-uyo,-uyo,-uyo,[[-uyo]]：[[Declensions]] of [[Noun]]<br>[[f.]]&nbsp;&nbsp;[[pl.]]&nbsp;&nbsp;[[acc.]]<br>[[f.]]&nbsp;&nbsp;[[pl.]]&nbsp;&nbsp;[[nom.]]<br>[[f.]]&nbsp;&nbsp;[[pl.]]&nbsp;&nbsp;[[voc.]],,1
535262,en,34,-vham,-vhaṃ,-vhaṃ,[[-vhaṃ]]：[[Conjugations]] of [[Verb]]<br>[[2p.]]&nbsp;&nbsp;[[pl.]]&nbsp;&nbsp;[[aor.]],,1
535263,en,34,-vhe,-vhe,-vhe,[[-vhe]]：[[Conjugations]] of [[Verb]]<br>[[2p.]]&nbsp;&nbsp;[[pl.]]&nbsp;&nbsp;[[pres.]],,1
535264,en,34,-vho,-vho,-vho,[[-vho]]：[[Conjugations]] of [[Verb]]<br>[[2p.]]&nbsp;&nbsp;[[pl.]]&nbsp;&nbsp;[[imp.]],,1
535265,en,34,-ya,-yā,-yā,[[-yā]]：[[Declensions]] of [[Noun]]<br>[[f.]]&nbsp;&nbsp;[[sg.]]&nbsp;&nbsp;[[loc.]],,1
535266,en,34,-yam,-yaṃ,-yaṃ,[[-yaṃ]]：[[Declensions]] of [[Noun]]<br>[[f.]]&nbsp;&nbsp;[[sg.]]&nbsp;&nbsp;[[loc.]],,1
535267,en,34,-yo,-yo,-yo,[[-yo]]：[[Declensions]] of [[Noun]]<br>[[f.]]&nbsp;&nbsp;[[pl.]]&nbsp;&nbsp;[[acc.]]<br>[[f.]]&nbsp;&nbsp;[[pl.]]&nbsp;&nbsp;[[voc.]],,1
535268,en,34,~a,~a,~a,[[-a]]&nbsp;&nbsp;&nbsp;[[-ā]]&nbsp;&nbsp;&nbsp;[[-aṃ]]&nbsp;&nbsp;&nbsp;[[-amhā]]&nbsp;&nbsp;&nbsp;[[-amhi]]&nbsp;&nbsp;&nbsp;[[-amhī]]&nbsp;&nbsp;&nbsp;[[-ān]]&nbsp;&nbsp;&nbsp;[[-ānaṃ]]&nbsp;&nbsp;&nbsp;[[-āni]]&nbsp;&nbsp;&nbsp;[[-ānī]]&nbsp;&nbsp;&nbsp;[[-asā]]&nbsp;&nbsp;&nbsp;[[-āse]]&nbsp;&nbsp;&nbsp;[[-asi]]&nbsp;&nbsp;&nbsp;[[-asī]]&nbsp;&nbsp;&nbsp;[[-asmā]]&nbsp;&nbsp;&nbsp;[[-asmiṃ]]&nbsp;&nbsp;&nbsp;[[-assa]]&nbsp;&nbsp;&nbsp;[[-assā]]&nbsp;&nbsp;&nbsp;[[-ato]]&nbsp;&nbsp;&nbsp;[[-āya]]&nbsp;&nbsp;&nbsp;[[-e]]&nbsp;&nbsp;&nbsp;[[-ebhi]]&nbsp;&nbsp;&nbsp;[[-ebhī]]&nbsp;&nbsp;&nbsp;[[-ehi]]&nbsp;&nbsp;&nbsp;[[-ehī]]&nbsp;&nbsp;&nbsp;[[-ena]]&nbsp;&nbsp;&nbsp;[[-enā]]&nbsp;&nbsp;&nbsp;[[-esu]]&nbsp;&nbsp;&nbsp;[[-esū]]&nbsp;&nbsp;&nbsp;[[-o]],,1
535269,en,34,~a,~ā,~ā,[[-a]]&nbsp;&nbsp;&nbsp;[[-ā]]&nbsp;&nbsp;&nbsp;[[-ābhi]]&nbsp;&nbsp;&nbsp;[[-ābhī]]&nbsp;&nbsp;&nbsp;[[-āhi]]&nbsp;&nbsp;&nbsp;[[-āhī]]&nbsp;&nbsp;&nbsp;[[-aṃ]]&nbsp;&nbsp;&nbsp;[[-ānaṃ]]&nbsp;&nbsp;&nbsp;[[-āsu]]&nbsp;&nbsp;&nbsp;[[-āsū]]&nbsp;&nbsp;&nbsp;[[-ato]]&nbsp;&nbsp;&nbsp;[[-āto]]&nbsp;&nbsp;&nbsp;[[-āya]]&nbsp;&nbsp;&nbsp;[[-āyaṃ]]&nbsp;&nbsp;&nbsp;[[-āyo]]&nbsp;&nbsp;&nbsp;[[-e]]&nbsp;&nbsp;&nbsp;[[-iyo]],,1
535270,en,34,~an,~an,~an,[[-a]]&nbsp;&nbsp;&nbsp;[[-ā]]&nbsp;&nbsp;&nbsp;[[-aṃ]]&nbsp;&nbsp;&nbsp;[[-amhā]]&nbsp;&nbsp;&nbsp;[[-amhi]]&nbsp;&nbsp;&nbsp;[[-amhī]]&nbsp;&nbsp;&nbsp;[[-anā]]&nbsp;&nbsp;&nbsp;[[-anaṃ]]&nbsp;&nbsp;&nbsp;[[-ānaṃ]]&nbsp;&nbsp;&nbsp;[[-ane]]&nbsp;&nbsp;&nbsp;[[-anebhi]]&nbsp;&nbsp;&nbsp;[[-anebhī]]&nbsp;&nbsp;&nbsp;[[-anehi]]&nbsp;&nbsp;&nbsp;[[-anehī]]&nbsp;&nbsp;&nbsp;[[-anesu]]&nbsp;&nbsp;&nbsp;[[-anesū]]&nbsp;&nbsp;&nbsp;[[-ani]]&nbsp;&nbsp;&nbsp;[[-anī]]&nbsp;&nbsp;&nbsp;[[-āni]]&nbsp;&nbsp;&nbsp;[[-ānī]]&nbsp;&nbsp;&nbsp;[[-ano]]&nbsp;&nbsp;&nbsp;[[-āno]]&nbsp;&nbsp;&nbsp;[[-asmā]]&nbsp;&nbsp;&nbsp;[[-asmiṃ]]&nbsp;&nbsp;&nbsp;[[-assa]]&nbsp;&nbsp;&nbsp;[[-assā]]&nbsp;&nbsp;&nbsp;[[-ato]]&nbsp;&nbsp;&nbsp;[[-āya]]&nbsp;&nbsp;&nbsp;[[-e]]&nbsp;&nbsp;&nbsp;[[-ebhi]]&nbsp;&nbsp;&nbsp;[[-ebhī]]&nbsp;&nbsp;&nbsp;[[-ehi]]&nbsp;&nbsp;&nbsp;[[-ehī]]&nbsp;&nbsp;&nbsp;[[-ena]]&nbsp;&nbsp;&nbsp;[[-enā]]&nbsp;&nbsp;&nbsp;[[-esu]]&nbsp;&nbsp;&nbsp;[[-esū]]&nbsp;&nbsp;&nbsp;[[-no]]&nbsp;&nbsp;&nbsp;[[-ubhi]]&nbsp;&nbsp;&nbsp;[[-ubhī]]&nbsp;&nbsp;&nbsp;[[-ūbhi]]&nbsp;&nbsp;&nbsp;[[-ūbhī]]&nbsp;&nbsp;&nbsp;[[-uhi]]&nbsp;&nbsp;&nbsp;[[-uhī]]&nbsp;&nbsp;&nbsp;[[-ūhi]]&nbsp;&nbsp;&nbsp;[[-ūhī]]&nbsp;&nbsp;&nbsp;[[-unā]]&nbsp;&nbsp;&nbsp;[[-ūnaṃ]]&nbsp;&nbsp;&nbsp;[[-usu]]&nbsp;&nbsp;&nbsp;[[-usū]]&nbsp;&nbsp;&nbsp;[[-ūsu]]&nbsp;&nbsp;&nbsp;[[-ūsū]],,1
535271,en,34,~ar,~ar,~ar,[[-a]]&nbsp;&nbsp;&nbsp;[[-ā]]&nbsp;&nbsp;&nbsp;[[-āhi]]&nbsp;&nbsp;&nbsp;[[-āhī]]&nbsp;&nbsp;&nbsp;[[-aṃ]]&nbsp;&nbsp;&nbsp;[[-amhā]]&nbsp;&nbsp;&nbsp;[[-amhi]]&nbsp;&nbsp;&nbsp;[[-amhī]]&nbsp;&nbsp;&nbsp;[[-ānaṃ]]&nbsp;&nbsp;&nbsp;[[-āno]]&nbsp;&nbsp;&nbsp;[[-arã]]&nbsp;&nbsp;&nbsp;[[-ãrã]]&nbsp;&nbsp;&nbsp;[[-araṃ]]&nbsp;&nbsp;&nbsp;[[-ãraṃ]]&nbsp;&nbsp;&nbsp;[[-ārānaṃ]]&nbsp;&nbsp;&nbsp;[[-āre]]&nbsp;&nbsp;&nbsp;[[-ārebhi]]&nbsp;&nbsp;&nbsp;[[-ārebhī]]&nbsp;&nbsp;&nbsp;[[-ārehi]]&nbsp;&nbsp;&nbsp;[[-ārehī]]&nbsp;&nbsp;&nbsp;[[-āresu]]&nbsp;&nbsp;&nbsp;[[-āresū]]&nbsp;&nbsp;&nbsp;[[-ari]]&nbsp;&nbsp;&nbsp;[[-arī]]&nbsp;&nbsp;&nbsp;[[-āro]]&nbsp;&nbsp;&nbsp;[[-asmā]]&nbsp;&nbsp;&nbsp;[[-asmiṃ]]&nbsp;&nbsp;&nbsp;[[-assa]]&nbsp;&nbsp;&nbsp;[[-assā]]&nbsp;&nbsp;&nbsp;[[-āsu]]&nbsp;&nbsp;&nbsp;[[-āsū]]&nbsp;&nbsp;&nbsp;[[-āyo]]&nbsp;&nbsp;&nbsp;[[-ehi]]&nbsp;&nbsp;&nbsp;[[-ehī]]&nbsp;&nbsp;&nbsp;[[-ena]]&nbsp;&nbsp;&nbsp;[[-enā]]&nbsp;&nbsp;&nbsp;[[-esu]]&nbsp;&nbsp;&nbsp;[[-esū]]&nbsp;&nbsp;&nbsp;[[-inā]]&nbsp;&nbsp;&nbsp;[[-ini]]&nbsp;&nbsp;&nbsp;[[-ino]]&nbsp;&nbsp;&nbsp;[[-iyo]]&nbsp;&nbsp;&nbsp;[[-u]]&nbsp;&nbsp;&nbsp;[[-unā]]&nbsp;&nbsp;&nbsp;[[-ūnaṃ]]&nbsp;&nbsp;&nbsp;[[-uno]]&nbsp;&nbsp;&nbsp;[[-ussa]]&nbsp;&nbsp;&nbsp;[[-ussā]]&nbsp;&nbsp;&nbsp;[[-ūsu]]&nbsp;&nbsp;&nbsp;[[-ūsū]],,1
535272,en,34,~as,~as,~as,[[-a]]&nbsp;&nbsp;&nbsp;[[-ā]]&nbsp;&nbsp;&nbsp;[[-aṃ]]&nbsp;&nbsp;&nbsp;[[-amhā]]&nbsp;&nbsp;&nbsp;[[-amhi]]&nbsp;&nbsp;&nbsp;[[-amhī]]&nbsp;&nbsp;&nbsp;[[-ānaṃ]]&nbsp;&nbsp;&nbsp;[[-āni]]&nbsp;&nbsp;&nbsp;[[-ānī]]&nbsp;&nbsp;&nbsp;[[-asā]]&nbsp;&nbsp;&nbsp;[[-asi]]&nbsp;&nbsp;&nbsp;[[-asī]]&nbsp;&nbsp;&nbsp;[[-asmā]]&nbsp;&nbsp;&nbsp;[[-asmiṃ]]&nbsp;&nbsp;&nbsp;[[-aso]]&nbsp;&nbsp;&nbsp;[[-assa]]&nbsp;&nbsp;&nbsp;[[-assā]]&nbsp;&nbsp;&nbsp;[[-e]]&nbsp;&nbsp;&nbsp;[[-ebhi]]&nbsp;&nbsp;&nbsp;[[-ebhī]]&nbsp;&nbsp;&nbsp;[[-ehi]]&nbsp;&nbsp;&nbsp;[[-ehī]]&nbsp;&nbsp;&nbsp;[[-ena]]&nbsp;&nbsp;&nbsp;[[-enā]]&nbsp;&nbsp;&nbsp;[[-esu]]&nbsp;&nbsp;&nbsp;[[-esū]]&nbsp;&nbsp;&nbsp;[[-o]],,1
535273,en,34,~i,~i,~i,[[-assa]]&nbsp;&nbsp;&nbsp;[[-assā]]&nbsp;&nbsp;&nbsp;[[-āyaṃ]]&nbsp;&nbsp;&nbsp;[[-ayo]]&nbsp;&nbsp;&nbsp;[[-e]]&nbsp;&nbsp;&nbsp;[[-i]]&nbsp;&nbsp;&nbsp;[[-ī]]&nbsp;&nbsp;&nbsp;[[-ibhi]]&nbsp;&nbsp;&nbsp;[[-ibhī]]&nbsp;&nbsp;&nbsp;[[-ībhi]]&nbsp;&nbsp;&nbsp;[[-ībhī]]&nbsp;&nbsp;&nbsp;[[-ihi]]&nbsp;&nbsp;&nbsp;[[-ihī]]&nbsp;&nbsp;&nbsp;[[-īhi]]&nbsp;&nbsp;&nbsp;[[-īhī]]&nbsp;&nbsp;&nbsp;[[-iṃ]]&nbsp;&nbsp;&nbsp;[[-imhā]]&nbsp;&nbsp;&nbsp;[[-imhi]]&nbsp;&nbsp;&nbsp;[[-imhī]]&nbsp;&nbsp;&nbsp;[[-inā]]&nbsp;&nbsp;&nbsp;[[-inaṃ]]&nbsp;&nbsp;&nbsp;[[-īnaṃ]]&nbsp;&nbsp;&nbsp;[[-ini]]&nbsp;&nbsp;&nbsp;[[-īni]]&nbsp;&nbsp;&nbsp;[[-īnī]]&nbsp;&nbsp;&nbsp;[[-ino]]&nbsp;&nbsp;&nbsp;[[-ismā]]&nbsp;&nbsp;&nbsp;[[-ismiṃ]]&nbsp;&nbsp;&nbsp;[[-issa]]&nbsp;&nbsp;&nbsp;[[-issā]]&nbsp;&nbsp;&nbsp;[[-isu]]&nbsp;&nbsp;&nbsp;[[-isū]]&nbsp;&nbsp;&nbsp;[[-īsu]]&nbsp;&nbsp;&nbsp;[[-īsū]]&nbsp;&nbsp;&nbsp;[[-ito]]&nbsp;&nbsp;&nbsp;[[-iyā]]&nbsp;&nbsp;&nbsp;[[-iyaṃ]]&nbsp;&nbsp;&nbsp;[[-iyo]]&nbsp;&nbsp;&nbsp;[[-myā]]&nbsp;&nbsp;&nbsp;[[-o]]&nbsp;&nbsp;&nbsp;[[-u]]&nbsp;&nbsp;&nbsp;[[-yā]]&nbsp;&nbsp;&nbsp;[[-yaṃ]]&nbsp;&nbsp;&nbsp;[[-yo]],,1
535274,en,34,~i,~ī,~ī,[[-ayā]]&nbsp;&nbsp;&nbsp;[[-ayaṃ]]&nbsp;&nbsp;&nbsp;[[-āyo]]&nbsp;&nbsp;&nbsp;[[-i]]&nbsp;&nbsp;&nbsp;[[-ī]]&nbsp;&nbsp;&nbsp;[[-ībhi]]&nbsp;&nbsp;&nbsp;[[-ībhī]]&nbsp;&nbsp;&nbsp;[[-īhi]]&nbsp;&nbsp;&nbsp;[[-īhī]]&nbsp;&nbsp;&nbsp;[[-iṃ]]&nbsp;&nbsp;&nbsp;[[-imhā]]&nbsp;&nbsp;&nbsp;[[-imhi]]&nbsp;&nbsp;&nbsp;[[-imhī]]&nbsp;&nbsp;&nbsp;[[-inā]]&nbsp;&nbsp;&nbsp;[[-inaṃ]]&nbsp;&nbsp;&nbsp;[[-īnaṃ]]&nbsp;&nbsp;&nbsp;[[-ini]]&nbsp;&nbsp;&nbsp;[[-inī]]&nbsp;&nbsp;&nbsp;[[-ino]]&nbsp;&nbsp;&nbsp;[[-ismā]]&nbsp;&nbsp;&nbsp;[[-ismiṃ]]&nbsp;&nbsp;&nbsp;[[-issa]]&nbsp;&nbsp;&nbsp;[[-issā]]&nbsp;&nbsp;&nbsp;[[-isu]]&nbsp;&nbsp;&nbsp;[[-isū]]&nbsp;&nbsp;&nbsp;[[-īsu]]&nbsp;&nbsp;&nbsp;[[-īsū]]&nbsp;&nbsp;&nbsp;[[-ito]]&nbsp;&nbsp;&nbsp;[[-īto]]&nbsp;&nbsp;&nbsp;[[-iyā]]&nbsp;&nbsp;&nbsp;[[-iyaṃ]]&nbsp;&nbsp;&nbsp;[[-iyanaṃ]]&nbsp;&nbsp;&nbsp;[[-īyanaṃ]]&nbsp;&nbsp;&nbsp;[[-iye]]&nbsp;&nbsp;&nbsp;[[-iyo]]&nbsp;&nbsp;&nbsp;[[-yā]]&nbsp;&nbsp;&nbsp;[[-yaṃ]]&nbsp;&nbsp;&nbsp;[[-yo]],,1
535275,en,34,~in,~in,~in,[[-ī]]&nbsp;&nbsp;&nbsp;[[-ībhi]]&nbsp;&nbsp;&nbsp;[[-ībhī]]&nbsp;&nbsp;&nbsp;[[-īhi]]&nbsp;&nbsp;&nbsp;[[-īhī]]&nbsp;&nbsp;&nbsp;[[-iṃ]]&nbsp;&nbsp;&nbsp;[[-imhā]]&nbsp;&nbsp;&nbsp;[[-imhi]]&nbsp;&nbsp;&nbsp;[[-imhī]]&nbsp;&nbsp;&nbsp;[[-inā]]&nbsp;&nbsp;&nbsp;[[-inaṃ]]&nbsp;&nbsp;&nbsp;[[-inī]]&nbsp;&nbsp;&nbsp;[[-ino]]&nbsp;&nbsp;&nbsp;[[-ismā]]&nbsp;&nbsp;&nbsp;[[-ismiṃ]]&nbsp;&nbsp;&nbsp;[[-issa]]&nbsp;&nbsp;&nbsp;[[-issā]]&nbsp;&nbsp;&nbsp;[[-īsu]]&nbsp;&nbsp;&nbsp;[[-īsū]],,1
535276,en,34,~o,~o,~o,[[-a]]&nbsp;&nbsp;&nbsp;[[-ā]]&nbsp;&nbsp;&nbsp;[[-aṃ]]&nbsp;&nbsp;&nbsp;[[-amhā]]&nbsp;&nbsp;&nbsp;[[-amhi]]&nbsp;&nbsp;&nbsp;[[-amhī]]&nbsp;&nbsp;&nbsp;[[-ānaṃ]]&nbsp;&nbsp;&nbsp;[[-asā]]&nbsp;&nbsp;&nbsp;[[-asi]]&nbsp;&nbsp;&nbsp;[[-asī]]&nbsp;&nbsp;&nbsp;[[-asmā]]&nbsp;&nbsp;&nbsp;[[-asmiṃ]]&nbsp;&nbsp;&nbsp;[[-aso]]&nbsp;&nbsp;&nbsp;[[-assa]]&nbsp;&nbsp;&nbsp;[[-assā]]&nbsp;&nbsp;&nbsp;[[-e]]&nbsp;&nbsp;&nbsp;[[-ebhi]]&nbsp;&nbsp;&nbsp;[[-ebhī]]&nbsp;&nbsp;&nbsp;[[-ehi]]&nbsp;&nbsp;&nbsp;[[-ehī]]&nbsp;&nbsp;&nbsp;[[-ena]]&nbsp;&nbsp;&nbsp;[[-enā]]&nbsp;&nbsp;&nbsp;[[-esu]]&nbsp;&nbsp;&nbsp;[[-esū]]&nbsp;&nbsp;&nbsp;[[-o]],,1
535277,en,34,~u,~u,~u,[[-ave]]&nbsp;&nbsp;&nbsp;[[-avo]]&nbsp;&nbsp;&nbsp;[[-u]]&nbsp;&nbsp;&nbsp;[[-ū]]&nbsp;&nbsp;&nbsp;[[-ūbhi]]&nbsp;&nbsp;&nbsp;[[-ūbhī]]&nbsp;&nbsp;&nbsp;[[-ūhi]]&nbsp;&nbsp;&nbsp;[[-ūhī]]&nbsp;&nbsp;&nbsp;[[-uṃ]]&nbsp;&nbsp;&nbsp;[[-umhā]]&nbsp;&nbsp;&nbsp;[[-umhi]]&nbsp;&nbsp;&nbsp;[[-umhī]]&nbsp;&nbsp;&nbsp;[[-unā]]&nbsp;&nbsp;&nbsp;[[-ūnaṃ]]&nbsp;&nbsp;&nbsp;[[-ūni]]&nbsp;&nbsp;&nbsp;[[-ūnī]]&nbsp;&nbsp;&nbsp;[[-uno]]&nbsp;&nbsp;&nbsp;[[-usmā]]&nbsp;&nbsp;&nbsp;[[-usmiṃ]]&nbsp;&nbsp;&nbsp;[[-ussa]]&nbsp;&nbsp;&nbsp;[[-ussā]]&nbsp;&nbsp;&nbsp;[[-ūsu]]&nbsp;&nbsp;&nbsp;[[-ūsū]]&nbsp;&nbsp;&nbsp;[[-uto]]&nbsp;&nbsp;&nbsp;[[-ūvo]]&nbsp;&nbsp;&nbsp;[[-uyā]]&nbsp;&nbsp;&nbsp;[[-uyaṃ]]&nbsp;&nbsp;&nbsp;[[-uyo]],,1
535278,en,34,~u,~ū,~ū,[[-ave]]&nbsp;&nbsp;&nbsp;[[-avo]]&nbsp;&nbsp;&nbsp;[[-ū]]&nbsp;&nbsp;&nbsp;[[-ūbhi]]&nbsp;&nbsp;&nbsp;[[-ūbhī]]&nbsp;&nbsp;&nbsp;[[-ūhi]]&nbsp;&nbsp;&nbsp;[[-ūhī]]&nbsp;&nbsp;&nbsp;[[-uṃ]]&nbsp;&nbsp;&nbsp;[[-umhā]]&nbsp;&nbsp;&nbsp;[[-umhi]]&nbsp;&nbsp;&nbsp;[[-umhī]]&nbsp;&nbsp;&nbsp;[[-unā]]&nbsp;&nbsp;&nbsp;[[-ūnaṃ]]&nbsp;&nbsp;&nbsp;[[-uno]]&nbsp;&nbsp;&nbsp;[[-usmā]]&nbsp;&nbsp;&nbsp;[[-usmiṃ]]&nbsp;&nbsp;&nbsp;[[-ussa]]&nbsp;&nbsp;&nbsp;[[-ussā]]&nbsp;&nbsp;&nbsp;[[-ūsu]]&nbsp;&nbsp;&nbsp;[[-ūsū]]&nbsp;&nbsp;&nbsp;[[-uto]]&nbsp;&nbsp;&nbsp;[[-uyā]]&nbsp;&nbsp;&nbsp;[[-uyaṃ]]&nbsp;&nbsp;&nbsp;[[-uyo]],,1
535279,en,34,~us,~us,~us,[[-u]]&nbsp;&nbsp;&nbsp;[[-ū]]&nbsp;&nbsp;&nbsp;[[-ūbhi]]&nbsp;&nbsp;&nbsp;[[-ūbhī]]&nbsp;&nbsp;&nbsp;[[-ūhi]]&nbsp;&nbsp;&nbsp;[[-ūhī]]&nbsp;&nbsp;&nbsp;[[-uṃ]]&nbsp;&nbsp;&nbsp;[[-unā]]&nbsp;&nbsp;&nbsp;[[-ūnaṃ]]&nbsp;&nbsp;&nbsp;[[-uni]]&nbsp;&nbsp;&nbsp;[[-unī]]&nbsp;&nbsp;&nbsp;[[-ūni]]&nbsp;&nbsp;&nbsp;[[-ūnī]]&nbsp;&nbsp;&nbsp;[[-uno]]&nbsp;&nbsp;&nbsp;[[-usā]]&nbsp;&nbsp;&nbsp;[[-ūsaṃ]]&nbsp;&nbsp;&nbsp;[[-usi]]&nbsp;&nbsp;&nbsp;[[-usī]]&nbsp;&nbsp;&nbsp;[[-ussa]]&nbsp;&nbsp;&nbsp;[[-ussā]]&nbsp;&nbsp;&nbsp;[[-ūsu]]&nbsp;&nbsp;&nbsp;[[-ūsū]],,1
535280,en,34,~ati,~ati,~ati,[[-a]]&nbsp;&nbsp;&nbsp;[[-ā]]&nbsp;&nbsp;&nbsp;[[-aṃ]]&nbsp;&nbsp;&nbsp;[[-āmase]]&nbsp;&nbsp;&nbsp;[[-atthuṃ]]&nbsp;&nbsp;&nbsp;[[-e]]&nbsp;&nbsp;&nbsp;[[-eraṃ]]&nbsp;&nbsp;&nbsp;[[-etha]]&nbsp;&nbsp;&nbsp;[[-etho]]&nbsp;&nbsp;&nbsp;[[-eyyaṃ]]&nbsp;&nbsp;&nbsp;[[-eyyāma]]&nbsp;&nbsp;&nbsp;[[-eyyāmhe]]&nbsp;&nbsp;&nbsp;[[-eyyāmi]]&nbsp;&nbsp;&nbsp;[[-eyyāsi]]&nbsp;&nbsp;&nbsp;[[-eyyātha]]&nbsp;&nbsp;&nbsp;[[-eyyavho]]&nbsp;&nbsp;&nbsp;[[-i]]&nbsp;&nbsp;&nbsp;[[-ī]]&nbsp;&nbsp;&nbsp;[[-iṃ]]&nbsp;&nbsp;&nbsp;[[-imha]]&nbsp;&nbsp;&nbsp;[[-imhā]]&nbsp;&nbsp;&nbsp;[[-imhe]]&nbsp;&nbsp;&nbsp;[[-iṃsu]]&nbsp;&nbsp;&nbsp;[[-issaṃ]]&nbsp;&nbsp;&nbsp;[[-issāma]]&nbsp;&nbsp;&nbsp;[[-issāmase]]&nbsp;&nbsp;&nbsp;[[-issāmhe]]&nbsp;&nbsp;&nbsp;[[-issāmi]]&nbsp;&nbsp;&nbsp;[[-issante]]&nbsp;&nbsp;&nbsp;[[-issanti]]&nbsp;&nbsp;&nbsp;[[-issare]]&nbsp;&nbsp;&nbsp;[[-issase]]&nbsp;&nbsp;&nbsp;[[-issasi]]&nbsp;&nbsp;&nbsp;[[-issate]]&nbsp;&nbsp;&nbsp;[[-issatha]]&nbsp;&nbsp;&nbsp;[[-issati]]&nbsp;&nbsp;&nbsp;[[-issavhe]]&nbsp;&nbsp;&nbsp;[[-ṃ]]&nbsp;&nbsp;&nbsp;[[-o]]&nbsp;&nbsp;&nbsp;[[-se]]&nbsp;&nbsp;&nbsp;[[-ttha]]&nbsp;&nbsp;&nbsp;[[-tthuṃ]]&nbsp;&nbsp;&nbsp;[[-uṃū]]&nbsp;&nbsp;&nbsp;[[-vhaṃ]],,1
535281,en,34,~ati,~āti,~āti,[[-a]]&nbsp;&nbsp;&nbsp;[[-ā]]&nbsp;&nbsp;&nbsp;[[-aṃ]]&nbsp;&nbsp;&nbsp;[[-āmase]]&nbsp;&nbsp;&nbsp;[[-atthuṃ]]&nbsp;&nbsp;&nbsp;[[-e]]&nbsp;&nbsp;&nbsp;[[-eraṃ]]&nbsp;&nbsp;&nbsp;[[-etha]]&nbsp;&nbsp;&nbsp;[[-etho]]&nbsp;&nbsp;&nbsp;[[-eyyaṃ]]&nbsp;&nbsp;&nbsp;[[-eyyāma]]&nbsp;&nbsp;&nbsp;[[-eyyāmhe]]&nbsp;&nbsp;&nbsp;[[-eyyāmi]]&nbsp;&nbsp;&nbsp;[[-eyyāsi]]&nbsp;&nbsp;&nbsp;[[-eyyātha]]&nbsp;&nbsp;&nbsp;[[-eyyavho]]&nbsp;&nbsp;&nbsp;[[-i]]&nbsp;&nbsp;&nbsp;[[-ī]]&nbsp;&nbsp;&nbsp;[[-iṃ]]&nbsp;&nbsp;&nbsp;[[-imha]]&nbsp;&nbsp;&nbsp;[[-imhā]]&nbsp;&nbsp;&nbsp;[[-imhe]]&nbsp;&nbsp;&nbsp;[[-iṃsu]]&nbsp;&nbsp;&nbsp;[[-issaṃ]]&nbsp;&nbsp;&nbsp;[[-issāma]]&nbsp;&nbsp;&nbsp;[[-issāmase]]&nbsp;&nbsp;&nbsp;[[-issāmhe]]&nbsp;&nbsp;&nbsp;[[-issāmi]]&nbsp;&nbsp;&nbsp;[[-issante]]&nbsp;&nbsp;&nbsp;[[-issanti]]&nbsp;&nbsp;&nbsp;[[-issare]]&nbsp;&nbsp;&nbsp;[[-issase]]&nbsp;&nbsp;&nbsp;[[-issasi]]&nbsp;&nbsp;&nbsp;[[-issate]]&nbsp;&nbsp;&nbsp;[[-issatha]]&nbsp;&nbsp;&nbsp;[[-issati]]&nbsp;&nbsp;&nbsp;[[-issavhe]]&nbsp;&nbsp;&nbsp;[[-ṃ]]&nbsp;&nbsp;&nbsp;[[-o]]&nbsp;&nbsp;&nbsp;[[-se]]&nbsp;&nbsp;&nbsp;[[-ttha]]&nbsp;&nbsp;&nbsp;[[-tthuṃ]]&nbsp;&nbsp;&nbsp;[[-uṃū]]&nbsp;&nbsp;&nbsp;[[-vhaṃ]],,1
535282,en,34,~eti,~eti,~eti,[[-a]]&nbsp;&nbsp;&nbsp;[[-ā]]&nbsp;&nbsp;&nbsp;[[-aṃ]]&nbsp;&nbsp;&nbsp;[[-āmase]]&nbsp;&nbsp;&nbsp;[[-atthuṃ]]&nbsp;&nbsp;&nbsp;[[-e]]&nbsp;&nbsp;&nbsp;[[-eraṃ]]&nbsp;&nbsp;&nbsp;[[-etha]]&nbsp;&nbsp;&nbsp;[[-etho]]&nbsp;&nbsp;&nbsp;[[-eyyaṃ]]&nbsp;&nbsp;&nbsp;[[-eyyāma]]&nbsp;&nbsp;&nbsp;[[-eyyāmhe]]&nbsp;&nbsp;&nbsp;[[-eyyāmi]]&nbsp;&nbsp;&nbsp;[[-eyyāsi]]&nbsp;&nbsp;&nbsp;[[-eyyātha]]&nbsp;&nbsp;&nbsp;[[-eyyavho]]&nbsp;&nbsp;&nbsp;[[-i]]&nbsp;&nbsp;&nbsp;[[-ī]]&nbsp;&nbsp;&nbsp;[[-iṃ]]&nbsp;&nbsp;&nbsp;[[-imha]]&nbsp;&nbsp;&nbsp;[[-imhā]]&nbsp;&nbsp;&nbsp;[[-imhe]]&nbsp;&nbsp;&nbsp;[[-iṃsu]]&nbsp;&nbsp;&nbsp;[[-issaṃ]]&nbsp;&nbsp;&nbsp;[[-issāma]]&nbsp;&nbsp;&nbsp;[[-issāmase]]&nbsp;&nbsp;&nbsp;[[-issāmhe]]&nbsp;&nbsp;&nbsp;[[-issāmi]]&nbsp;&nbsp;&nbsp;[[-issante]]&nbsp;&nbsp;&nbsp;[[-issanti]]&nbsp;&nbsp;&nbsp;[[-issare]]&nbsp;&nbsp;&nbsp;[[-issase]]&nbsp;&nbsp;&nbsp;[[-issasi]]&nbsp;&nbsp;&nbsp;[[-issate]]&nbsp;&nbsp;&nbsp;[[-issatha]]&nbsp;&nbsp;&nbsp;[[-issati]]&nbsp;&nbsp;&nbsp;[[-issavhe]]&nbsp;&nbsp;&nbsp;[[-ṃ]]&nbsp;&nbsp;&nbsp;[[-o]]&nbsp;&nbsp;&nbsp;[[-se]]&nbsp;&nbsp;&nbsp;[[-ttha]]&nbsp;&nbsp;&nbsp;[[-tthuṃ]]&nbsp;&nbsp;&nbsp;[[-uṃū]]&nbsp;&nbsp;&nbsp;[[-vhaṃ]],,1
535283,en,34,~oti,~oti,~oti,[[-a]]&nbsp;&nbsp;&nbsp;[[-ā]]&nbsp;&nbsp;&nbsp;[[-aṃ]]&nbsp;&nbsp;&nbsp;[[-āmase]]&nbsp;&nbsp;&nbsp;[[-atthuṃ]]&nbsp;&nbsp;&nbsp;[[-e]]&nbsp;&nbsp;&nbsp;[[-eraṃ]]&nbsp;&nbsp;&nbsp;[[-etha]]&nbsp;&nbsp;&nbsp;[[-etho]]&nbsp;&nbsp;&nbsp;[[-eyyaṃ]]&nbsp;&nbsp;&nbsp;[[-eyyāma]]&nbsp;&nbsp;&nbsp;[[-eyyāmhe]]&nbsp;&nbsp;&nbsp;[[-eyyāmi]]&nbsp;&nbsp;&nbsp;[[-eyyāsi]]&nbsp;&nbsp;&nbsp;[[-eyyātha]]&nbsp;&nbsp;&nbsp;[[-eyyavho]]&nbsp;&nbsp;&nbsp;[[-i]]&nbsp;&nbsp;&nbsp;[[-ī]]&nbsp;&nbsp;&nbsp;[[-iṃ]]&nbsp;&nbsp;&nbsp;[[-imha]]&nbsp;&nbsp;&nbsp;[[-imhā]]&nbsp;&nbsp;&nbsp;[[-imhe]]&nbsp;&nbsp;&nbsp;[[-iṃsu]]&nbsp;&nbsp;&nbsp;[[-issaṃ]]&nbsp;&nbsp;&nbsp;[[-issāma]]&nbsp;&nbsp;&nbsp;[[-issāmase]]&nbsp;&nbsp;&nbsp;[[-issāmhe]]&nbsp;&nbsp;&nbsp;[[-issāmi]]&nbsp;&nbsp;&nbsp;[[-issante]]&nbsp;&nbsp;&nbsp;[[-issanti]]&nbsp;&nbsp;&nbsp;[[-issare]]&nbsp;&nbsp;&nbsp;[[-issase]]&nbsp;&nbsp;&nbsp;[[-issasi]]&nbsp;&nbsp;&nbsp;[[-issate]]&nbsp;&nbsp;&nbsp;[[-issatha]]&nbsp;&nbsp;&nbsp;[[-issati]]&nbsp;&nbsp;&nbsp;[[-issavhe]]&nbsp;&nbsp;&nbsp;[[-ṃ]]&nbsp;&nbsp;&nbsp;[[-o]]&nbsp;&nbsp;&nbsp;[[-se]]&nbsp;&nbsp;&nbsp;[[-ttha]]&nbsp;&nbsp;&nbsp;[[-tthuṃ]]&nbsp;&nbsp;&nbsp;[[-uṃū]]&nbsp;&nbsp;&nbsp;[[-vhaṃ]],,1
535284,en,34,~ti,~ti,~ti,[[-e]]&nbsp;&nbsp;&nbsp;[[-eyya]]&nbsp;&nbsp;&nbsp;[[-eyyuṃ]]&nbsp;&nbsp;&nbsp;[[-hi]]&nbsp;&nbsp;&nbsp;[[-ma]]&nbsp;&nbsp;&nbsp;[[-mahe]]&nbsp;&nbsp;&nbsp;[[-mase]]&nbsp;&nbsp;&nbsp;[[-mha]]&nbsp;&nbsp;&nbsp;[[-mhase]]&nbsp;&nbsp;&nbsp;[[-mhe]]&nbsp;&nbsp;&nbsp;[[-mi]]&nbsp;&nbsp;&nbsp;[[-ntaṃ]]&nbsp;&nbsp;&nbsp;[[-nte]]&nbsp;&nbsp;&nbsp;[[-nti]]&nbsp;&nbsp;&nbsp;[[-ntu]]&nbsp;&nbsp;&nbsp;[[-re]]&nbsp;&nbsp;&nbsp;[[-sa]]&nbsp;&nbsp;&nbsp;[[-sā]]&nbsp;&nbsp;&nbsp;[[-saṃ]]&nbsp;&nbsp;&nbsp;[[-satthuṃ]]&nbsp;&nbsp;&nbsp;[[-se]]&nbsp;&nbsp;&nbsp;[[-si]]&nbsp;&nbsp;&nbsp;[[-sī]]&nbsp;&nbsp;&nbsp;[[-siṃ]]&nbsp;&nbsp;&nbsp;[[-simha]]&nbsp;&nbsp;&nbsp;[[-simhā]]&nbsp;&nbsp;&nbsp;[[-simhe]]&nbsp;&nbsp;&nbsp;[[-siṃsu]]&nbsp;&nbsp;&nbsp;[[-sṃ]]&nbsp;&nbsp;&nbsp;[[-so]]&nbsp;&nbsp;&nbsp;[[-ssa]]&nbsp;&nbsp;&nbsp;[[-ssaṃ]]&nbsp;&nbsp;&nbsp;[[-ssāma]]&nbsp;&nbsp;&nbsp;[[-ssāmase]]&nbsp;&nbsp;&nbsp;[[-ssamhā]]&nbsp;&nbsp;&nbsp;[[-ssāmhase]]&nbsp;&nbsp;&nbsp;[[-ssāmhe]]&nbsp;&nbsp;&nbsp;[[-ssāmi]]&nbsp;&nbsp;&nbsp;[[-ssaṃsu]]&nbsp;&nbsp;&nbsp;[[-ssante]]&nbsp;&nbsp;&nbsp;[[-ssanti]]&nbsp;&nbsp;&nbsp;[[-ssare]]&nbsp;&nbsp;&nbsp;[[-ssase]]&nbsp;&nbsp;&nbsp;[[-ssasi]]&nbsp;&nbsp;&nbsp;[[-ssate]]&nbsp;&nbsp;&nbsp;[[-ssatha]]&nbsp;&nbsp;&nbsp;[[-ssati]]&nbsp;&nbsp;&nbsp;[[-ssavhe]]&nbsp;&nbsp;&nbsp;[[-sse]]&nbsp;&nbsp;&nbsp;[[-ssiṃsu]]&nbsp;&nbsp;&nbsp;[[-ssu]]&nbsp;&nbsp;&nbsp;[[-sttha]]&nbsp;&nbsp;&nbsp;[[-stthuṃ]]&nbsp;&nbsp;&nbsp;[[-suṃū]]&nbsp;&nbsp;&nbsp;[[-svhaṃ]]&nbsp;&nbsp;&nbsp;[[-ta]]&nbsp;&nbsp;&nbsp;[[-taṃ]]&nbsp;&nbsp;&nbsp;[[-te]]&nbsp;&nbsp;&nbsp;[[-tha]]&nbsp;&nbsp;&nbsp;[[-ti]]&nbsp;&nbsp;&nbsp;[[-tu]]&nbsp;&nbsp;&nbsp;[[-vhe]]&nbsp;&nbsp;&nbsp;[[-vho]],,1
535285,en,34,conjugations,conjugations,conjugations,<b>brief in declensions</b><br>In Pāḷi Language，verbs can be change into six different conjugaction as below：<br>[[aor]]ist，for more details can see [[form of pres.]]<br>[[cond]]itional，for more details can see [[form of aor.]]<br>[[fut]]ure，for more details can see [[form of fut.]]<br>[[imp]]erative，for more details can see [[form of imp.]]<br>[[opt]]ative，for more details can see [[form of opt.]]<br>[[pres]]ent，for more details can see [[form of cond.]]<br>,,1
535286,en,34,form of abl.,form of abl.,form of abl.,[[abl]]ative&nbsp;case in the word-endings as below：<br>[[~a—abl]]<br>[[~ā—abl]]<br>[[~an—abl]]<br>[[~ar—abl]]<br>[[~as—abl]]<br>[[~i—abl]]<br>[[~ī—abl]]<br>[[~in—abl]]<br>[[~o—abl]]<br>[[~u—abl]]<br>[[~ū—abl]]<br>[[~us—abl]],,1
535287,en,34,form of acc.,form of acc.,form of acc.,[[acc]]usative&nbsp;case in the word-endings as below：<br>[[~a—acc]]<br>[[~ā—acc]]<br>[[~an—acc]]<br>[[~ar—acc]]<br>[[~as—acc]]<br>[[~i—acc]]<br>[[~ī—acc]]<br>[[~in—acc]]<br>[[~o—acc]]<br>[[~u—acc]]<br>[[~ū—acc]]<br>[[~us—acc]],,1
535288,en,34,form of dat.,form of dat.,form of dat.,[[dat]]ive&nbsp;case in the word-endings as below：<br>[[~a—dat]]<br>[[~ā—dat]]<br>[[~an—dat]]<br>[[~ar—dat]]<br>[[~as—dat]]<br>[[~i—dat]]<br>[[~ī—dat]]<br>[[~in—dat]]<br>[[~o—dat]]<br>[[~u—dat]]<br>[[~ū—dat]]<br>[[~us—dat]],,1
535289,en,34,form of gen.,form of gen.,form of gen.,[[gen]]itive&nbsp;case in the word-endings as below：<br>[[~a—gen]]<br>[[~ā—gen]]<br>[[~an—gen]]<br>[[~ar—gen]]<br>[[~as—gen]]<br>[[~i—gen]]<br>[[~ī—gen]]<br>[[~in—gen]]<br>[[~o—gen]]<br>[[~u—gen]]<br>[[~ū—gen]]<br>[[~us—gen]],,1
535290,en,34,form of inst.,form of inst.,form of inst.,[[inst]]rumental&nbsp;case in the word-endings as below：<br>[[~a—inst]]<br>[[~ā—inst]]<br>[[~an—inst]]<br>[[~ar—inst]]<br>[[~as—inst]]<br>[[~i—inst]]<br>[[~ī—inst]]<br>[[~in—inst]]<br>[[~o—inst]]<br>[[~u—inst]]<br>[[~ū—inst]]<br>[[~us—inst]],,1
535291,en,34,form of loc.,form of loc.,form of loc.,[[loc]]ative&nbsp;case in the word-endings as below：<br>[[~a—loc]]<br>[[~ā—loc]]<br>[[~an—loc]]<br>[[~ar—loc]]<br>[[~as—loc]]<br>[[~i—loc]]<br>[[~ī—loc]]<br>[[~in—loc]]<br>[[~o—loc]]<br>[[~u—loc]]<br>[[~ū—loc]]<br>[[~us—loc]],,1
535292,en,34,form of nom.,form of nom.,form of nom.,[[nom]]inative&nbsp;case in the word-endings as below：<br>[[~a—nom]]<br>[[~ā—nom]]<br>[[~an—nom]]<br>[[~ar—nom]]<br>[[~as—nom]]<br>[[~i—nom]]<br>[[~ī—nom]]<br>[[~in—nom]]<br>[[~o—nom]]<br>[[~u—nom]]<br>[[~ū—nom]]<br>[[~us—nom]],,1
535293,en,34,form of voc.,form of voc.,form of voc.,[[voc]]ative&nbsp;case in the word-endings as below：<br>[[~a—voc]]<br>[[~ā—voc]]<br>[[~an—voc]]<br>[[~ar—voc]]<br>[[~as—voc]]<br>[[~i—voc]]<br>[[~ī—voc]]<br>[[~in—voc]]<br>[[~o—voc]]<br>[[~u—voc]]<br>[[~ū—voc]]<br>[[~us—voc]],,1
535294,en,34,form of aor.,form of aor.,form of aor.,[[aor]]ist&nbsp;verbal endings as below：<br><table><tr><td>[[-a]]</td><td>[[-sa]]</td><td>[[-sṃ]]</td></tr><tr><td>[[-ā]]</td><td>[[-sā]]</td><td>[[-so]]</td></tr><tr><td>[[-aṃ]]</td><td>[[-saṃ]]</td><td>[[-sse]]</td></tr><tr><td>[[-atthuṃ]]</td><td>[[-satthuṃ]]</td><td>[[-sttha]]</td></tr><tr><td>[[-i]]</td><td>[[-se]]</td><td>[[-stthuṃ]]</td></tr><tr><td>[[-ī]]</td><td>[[-si]]</td><td>[[-suṃū]]</td></tr><tr><td>[[-iṃ]]</td><td>[[-sī]]</td><td>[[-svhaṃ]]</td></tr><tr><td>[[-imha]]</td><td>[[-siṃ]]</td><td>[[-ttha]]</td></tr><tr><td>[[-imhā]]</td><td>[[-simha]]</td><td>[[-tthuṃ]]</td></tr><tr><td>[[-imhe]]</td><td>[[-simhā]]</td><td>[[-uṃū]]</td></tr><tr><td>[[-iṃsu]]</td><td>[[-simhe]]</td><td>[[-vhaṃ]]</td></tr><tr><td>[[-ṃ]]</td><td>[[-siṃsu]]</td><td>[[-o]]</td></tr></table>,,1
535295,en,34,form of cond.,form of cond.,form of cond.,[[cond]]itional&nbsp;verbal endings as below：<br>[[-sā]]<br>[[-se]]<br>[[-ssa]]<br>[[-ssaṃ]]<br>[[-ssamhā]]<br>[[-ssāmhase]]<br>[[-ssaṃsu]]<br>[[-ssase]]<br>[[-ssasi]]<br>[[-ssatha]]<br>[[-ssati]]<br>[[-ssavhe]]<br>[[-ssiṃsu]],,1
535296,en,34,form of fut.,form of fut.,form of fut.,[[fut]]ure&nbsp;verbal endings as below：<br><table><tr><td>[[-issaṃ]]</td><td>[[-issante]]</td><td>[[-issare]]</td></tr><tr><td>[[-ssaṃ]]</td><td>[[-ssante]]</td><td>[[-ssare]]</td></tr><tr><td>[[-issāma]]</td><td>[[-issanti]]</td><td>[[-issase]]</td></tr><tr><td>[[-ssāma]]</td><td>[[-ssanti]]</td><td>[[-ssase]]</td></tr><tr><td>[[-issāmase]]</td><td>[[-issate]]</td><td>[[-issasi]]</td></tr><tr><td>[[-ssāmase]]</td><td>[[-ssate]]</td><td>[[-ssasi]]</td></tr><tr><td>[[-issāmhe]]</td><td>[[-issatha]]</td><td>[[-issavhe]]</td></tr><tr><td>[[-ssāmhe]]</td><td>[[-ssatha]]</td><td>[[-ssavhe]]</td></tr><tr><td>[[-issāmi]]</td><td>[[-issati]]</td><td></td></tr><tr><td>[[-ssāmi]]</td><td>[[-ssati]]</td><td></td></tr></table>,,1
535297,en,34,form of imp.,form of imp.,form of imp.,[[imp]]erative&nbsp;verbal endings as below：<br><table><tr><td>[[-mi]]</td><td>[[-ssu]]</td></tr><tr><td>[[-ma]]</td><td>[[-taṃ]]</td></tr><tr><td>[[-hi]]</td><td>[[-thavho]]</td></tr><tr><td>[[-tha]]</td><td>[[-e]]</td></tr><tr><td>[[-tu]]</td><td>[[-āmase]]</td></tr><tr><td>[[-ntu]]</td><td>[[-ntaṃ]]</td></tr><tr><td>[[-vho]]</td><td></td></tr></table>,,1
535298,en,34,form of opt.,form of opt.,form of opt.,[[opt]]ative&nbsp;verbal endings as below：<br><table><tr><td>[[-eyya]]</td><td>[[-eraṃ]]</td><td>[[e]]</td></tr><tr><td>[[-eyyuṃ]]</td><td>[[-etha]]</td><td>[[uṃ]]</td></tr><tr><td>[[-eyyāma]]</td><td>[[-etho]]</td><td>[[emu]]</td></tr><tr><td>[[-eyyāmi]]</td><td>[[-eyyāmhe]]</td><td>[[-eyyāmu]]</td></tr><tr><td>[[-eyyāsi]]</td><td>[[-eyyavho]]</td><td>[[-eyyātho]]</td></tr><tr><td>[[-eyyātha]]</td><td>[[-eyyaṃ]]</td><td></td></tr></table>,,1
535299,en,34,form of pres.,form of pres.,form of pres.,[[pres]]ent&nbsp;verbal endings as below：<br><table><tr><td>[[-mi]]</td><td>[[-e]]</td><td>[[-mahe]]</td></tr><tr><td>[[-ma]]</td><td>[[-re]]</td><td>[[-mase]]</td></tr><tr><td>[[-si]]</td><td>[[-se]]</td><td>[[-mha]]</td></tr><tr><td>[[-tha]]</td><td>[[-te]]</td><td>[[-mhase]]</td></tr><tr><td>[[-ti]]</td><td>[[-nte]]</td><td>[[-mhe]]</td></tr><tr><td>[[-nti]]</td><td>[[-vhe]]</td><td></td></tr></table>,,1
535300,en,34,~a—abl,~a—abl,~a—abl,[[-ā]]<br>[[-amhā]]<br>[[-asmā]]<br>[[-ato]]<br>[[-ebhi]]<br>[[-ebhī]]<br>[[-ehi]]<br>[[-ehī]],,1
535301,en,34,~ā—abl,~ā—abl,~ā—abl,[[-ābhi]]<br>[[-ābhī]]<br>[[-āhi]]<br>[[-āhī]]<br>[[-ato]]<br>[[-āto]]<br>[[-āya]],,1
535302,en,34,~an—abl,~an—abl,~an—abl,[[-ā]]<br>[[-amhā]]<br>[[-anā]]<br>[[-anebhi]]<br>[[-anebhī]]<br>[[-anehi]]<br>[[-anehī]]<br>[[-asmā]]<br>[[-ato]]<br>[[-ebhi]]<br>[[-ebhī]]<br>[[-ehi]]<br>[[-ehī]]<br>[[-unā]],,1
535303,en,34,~ar—abl,~ar—abl,~ar—abl,[[-āhi]]<br>[[-āhī]]<br>[[-amhā]]<br>[[-arã]]<br>[[-ãrã]]<br>[[-ārebhi]]<br>[[-ārebhī]]<br>[[-ārehi]]<br>[[-ārehī]]<br>[[-asmā]]<br>[[-ehi]]<br>[[-ehī]]<br>[[-unā]],,1
535304,en,34,~as—abl,~as—abl,~as—abl,[[-ā]]<br>[[-amhā]]<br>[[-asā]]<br>[[-asmā]]<br>[[-ebhi]]<br>[[-ebhī]]<br>[[-ehi]]<br>[[-ehī]],,1
535305,en,34,~i—abl,~i—abl,~i—abl,[[-ibhi]]<br>[[-ibhī]]<br>[[-ībhi]]<br>[[-ībhī]]<br>[[-ihi]]<br>[[-ihī]]<br>[[-īhi]]<br>[[-īhī]]<br>[[-imhā]]<br>[[-inā]]<br>[[-ismā]]<br>[[-ito]]<br>[[-iyā]]<br>[[-yā]],,1
535306,en,34,~ī—abl,~ī—abl,~ī—abl,[[-ayā]]<br>[[-ībhi]]<br>[[-ībhī]]<br>[[-īhi]]<br>[[-īhī]]<br>[[-imhā]]<br>[[-inā]]<br>[[-ismā]]<br>[[-ito]]<br>[[-īto]]<br>[[-iyā]]<br>[[-yā]],,1
535307,en,34,~in—abl,~in—abl,~in—abl,[[-ībhi]]<br>[[-ībhī]]<br>[[-īhi]]<br>[[-īhī]]<br>[[-imhā]]<br>[[-inā]]<br>[[-ismā]],,1
535308,en,34,~o—abl,~o—abl,~o—abl,[[-ā]]<br>[[-amhā]]<br>[[-asā]]<br>[[-asmā]]<br>[[-ebhi]]<br>[[-ebhī]]<br>[[-ehi]]<br>[[-ehī]],,1
535309,en,34,~u—abl,~u—abl,~u—abl,[[-ūbhi]]<br>[[-ūbhī]]<br>[[-ūhi]]<br>[[-ūhī]]<br>[[-umhā]]<br>[[-unā]]<br>[[-usmā]]<br>[[-uto]]<br>[[-uyā]],,1
535310,en,34,~ū—abl,~ū—abl,~ū—abl,[[-ūbhi]]<br>[[-ūbhī]]<br>[[-ūhi]]<br>[[-ūhī]]<br>[[-umhā]]<br>[[-unā]]<br>[[-usmā]]<br>[[-uto]]<br>[[-uyā]],,1
535311,en,34,~us—abl,~us—abl,~us—abl,[[-ūbhi]]<br>[[-ūbhī]]<br>[[-ūhi]]<br>[[-ūhī]]<br>[[-unā]]<br>[[-usā]],,1
535312,en,34,~a—acc,~a—acc,~a—acc,[[-aṃ]]<br>[[-ān]]<br>[[-āni]]<br>[[-ānī]]<br>[[-e]]<br>[[-o]],,1
535313,en,34,~ā—acc,~ā—acc,~ā—acc,[[-ā]]<br>[[-aṃ]]<br>[[-āyo]],,1
535314,en,34,~an—acc,~an—acc,~an—acc,[[-a]]<br>[[-aṃ]]<br>[[-anaṃ]]<br>[[-ānaṃ]]<br>[[-āni]]<br>[[-ānī]]<br>[[-āno]]<br>[[-e]],,1
535315,en,34,~ar—acc,~ar—acc,~ar—acc,[[-ā]]<br>[[-aṃ]]<br>[[-ānaṃ]]<br>[[-āno]]<br>[[-araṃ]]<br>[[-ãraṃ]]<br>[[-āre]]<br>[[-āro]],,1
535316,en,34,~as—acc,~as—acc,~as—acc,[[-ā]]<br>[[-aṃ]]<br>[[-āni]]<br>[[-ānī]]<br>[[-e]]<br>[[-o]],,1
535317,en,34,~i—acc,~i—acc,~i—acc,[[-ayo]]<br>[[-i]]<br>[[-ī]]<br>[[-iṃ]]<br>[[-īni]]<br>[[-īnī]]<br>[[-iyo]]<br>[[-yo]],,1
535318,en,34,~ī—acc,~ī—acc,~ī—acc,[[-ī]]<br>[[-iṃ]]<br>[[-inaṃ]]<br>[[-ino]]<br>[[-iyaṃ]]<br>[[-iye]]<br>[[-iyo]]<br>[[-yo]],,1
535319,en,34,~in—acc,~in—acc,~in—acc,[[-ī]]<br>[[-iṃ]]<br>[[-inaṃ]]<br>[[-ino]],,1
535320,en,34,~o—acc,~o—acc,~o—acc,[[-aṃ]]<br>[[-e]]<br>[[-o]],,1
535321,en,34,~u—acc,~u—acc,~u—acc,[[-avo]]<br>[[-ū]]<br>[[-uṃ]]<br>[[-ūni]]<br>[[-ūnī]]<br>[[-uyo]],,1
535322,en,34,~ū—acc,~ū—acc,~ū—acc,[[-avo]]<br>[[-ū]]<br>[[-uṃ]]<br>[[-uyo]],,1
535323,en,34,~us—acc,~us—acc,~us—acc,[[-u]]<br>[[-ū]]<br>[[-uṃ]]<br>[[-ūni]]<br>[[-ūnī]],,1
535324,en,34,~a—dat,~a—dat,~a—dat,[[-ā]]<br>[[-ānaṃ]]<br>[[-assa]]<br>[[-assā]]<br>[[-āya]],,1
535325,en,34,~ā—dat,~ā—dat,~ā—dat,[[-ānaṃ]]<br>[[-āya]],,1
535326,en,34,~an—dat,~an—dat,~an—dat,[[-ānaṃ]]<br>[[-ano]]<br>[[-assa]]<br>[[-assā]]<br>[[-āya]]<br>[[-no]],,1
535327,en,34,~ar—dat,~ar—dat,~ar—dat,[[-ānaṃ]]<br>[[-ārānaṃ]]<br>[[-assa]]<br>[[-assā]]<br>[[-ino]]<br>[[-u]]<br>[[-ūnaṃ]]<br>[[-uno]]<br>[[-ussa]]<br>[[-ussā]],,1
535328,en,34,~as—dat,~as—dat,~as—dat,[[-ānaṃ]]<br>[[-aso]]<br>[[-assa]]<br>[[-assā]],,1
535329,en,34,~i—dat,~i—dat,~i—dat,[[-assa]]<br>[[-assā]]<br>[[-e]]<br>[[-inaṃ]]<br>[[-īnaṃ]]<br>[[-ino]]<br>[[-issa]]<br>[[-issā]]<br>[[-iyā]]<br>[[-yā]],,1
535330,en,34,~ī—dat,~ī—dat,~ī—dat,[[-ayā]]<br>[[-inaṃ]]<br>[[-īnaṃ]]<br>[[-ino]]<br>[[-issa]]<br>[[-issā]]<br>[[-iyā]]<br>[[-iyanaṃ]]<br>[[-īyanaṃ]]<br>[[-yā]],,1
535331,en,34,~in—dat,~in—dat,~in—dat,[[-inaṃ]]<br>[[-ino]]<br>[[-issa]]<br>[[-issā]],,1
535332,en,34,~o—dat,~o—dat,~o—dat,[[-ānaṃ]]<br>[[-aso]]<br>[[-assa]]<br>[[-assā]],,1
535333,en,34,~u—dat,~u—dat,~u—dat,[[-ūnaṃ]]<br>[[-uno]]<br>[[-ussa]]<br>[[-ussā]]<br>[[-uyā]],,1
535334,en,34,~ū—dat,~ū—dat,~ū—dat,[[-ūnaṃ]]<br>[[-uno]]<br>[[-ussa]]<br>[[-ussā]]<br>[[-uyā]],,1
535335,en,34,~us—dat,~us—dat,~us—dat,[[-ūnaṃ]]<br>[[-uno]]<br>[[-ūsaṃ]]<br>[[-ussa]]<br>[[-ussā]],,1
535336,en,34,~a—gen,~a—gen,~a—gen,[[-ā]]<br>[[-ānaṃ]]<br>[[-assa]]<br>[[-assā]]<br>[[-āya]],,1
535337,en,34,~ā—gen,~ā—gen,~ā—gen,[[-ānaṃ]]<br>[[-āya]],,1
535338,en,34,~an—gen,~an—gen,~an—gen,[[-ānaṃ]]<br>[[-ano]]<br>[[-assa]]<br>[[-assā]]<br>[[-ūnaṃ]],,1
535339,en,34,~ar—gen,~ar—gen,~ar—gen,[[-ānaṃ]]<br>[[-ārānaṃ]]<br>[[-assa]]<br>[[-assā]]<br>[[-ino]]<br>[[-u]]<br>[[-ūnaṃ]]<br>[[-uno]]<br>[[-ussa]]<br>[[-ussā]],,1
535340,en,34,~as—gen,~as—gen,~as—gen,[[-ānaṃ]]<br>[[-aso]]<br>[[-assa]]<br>[[-assā]],,1
535341,en,34,~i—gen,~i—gen,~i—gen,[[-assa]]<br>[[-assā]]<br>[[-e]]<br>[[-inaṃ]]<br>[[-īnaṃ]]<br>[[-ino]]<br>[[-issa]]<br>[[-issā]]<br>[[-iyā]]<br>[[-myā]]<br>[[-yā]],,1
535342,en,34,~ī—gen,~ī—gen,~ī—gen,[[-ayā]]<br>[[-inaṃ]]<br>[[-īnaṃ]]<br>[[-ino]]<br>[[-issa]]<br>[[-issā]]<br>[[-iyā]]<br>[[-iyanaṃ]]<br>[[-īyanaṃ]]<br>[[-yā]],,1
535343,en,34,~in—gen,~in—gen,~in—gen,[[-inaṃ]]<br>[[-ino]]<br>[[-issa]]<br>[[-issā]],,1
535344,en,34,~o—gen,~o—gen,~o—gen,[[-ānaṃ]]<br>[[-aso]]<br>[[-assa]]<br>[[-assā]],,1
535345,en,34,~u—gen,~u—gen,~u—gen,[[-ūnaṃ]]<br>[[-uno]]<br>[[-ussa]]<br>[[-ussā]]<br>[[-uyā]],,1
535346,en,34,~ū—gen,~ū—gen,~ū—gen,[[-ūnaṃ]]<br>[[-uno]]<br>[[-ussa]]<br>[[-ussā]]<br>[[-uyā]],,1
535347,en,34,~us—gen,~us—gen,~us—gen,[[-ūnaṃ]]<br>[[-uno]]<br>[[-ūsaṃ]]<br>[[-ussa]]<br>[[-ussā]],,1
535348,en,34,~a—inst,~a—inst,~a—inst,[[-ā]]<br>[[-asā]]<br>[[-e]]<br>[[-ebhi]]<br>[[-ebhī]]<br>[[-ehi]]<br>[[-ehī]]<br>[[-ena]]<br>[[-enā]],,1
535349,en,34,~ā—inst,~ā—inst,~ā—inst,[[-ā]]<br>[[-ābhi]]<br>[[-ābhī]]<br>[[-āhi]]<br>[[-āhī]]<br>[[-āya]],,1
535350,en,34,~an—inst,~an—inst,~an—inst,[[-anā]]<br>[[-anebhi]]<br>[[-anebhī]]<br>[[-anehi]]<br>[[-anehī]]<br>[[-ebhi]]<br>[[-ebhī]]<br>[[-ehi]]<br>[[-ehī]]<br>[[-ena]]<br>[[-enā]]<br>[[-ubhi]]<br>[[-ubhī]]<br>[[-ūbhi]]<br>[[-ūbhī]]<br>[[-uhi]]<br>[[-uhī]]<br>[[-ūhi]]<br>[[-ūhī]]<br>[[-unā]],,1
535351,en,34,~ar—inst,~ar—inst,~ar—inst,[[-āhi]]<br>[[-āhī]]<br>[[-arã]]<br>[[-ãrã]]<br>[[-ārebhi]]<br>[[-ārebhī]]<br>[[-ārehi]]<br>[[-ārehī]]<br>[[-ehi]]<br>[[-ehī]]<br>[[-ena]]<br>[[-enā]]<br>[[-inā]]<br>[[-unā]],,1
535352,en,34,~as—inst,~as—inst,~as—inst,[[-asā]]<br>[[-ebhi]]<br>[[-ebhī]]<br>[[-ehi]]<br>[[-ehī]]<br>[[-ena]]<br>[[-enā]],,1
535353,en,34,~i—inst,~i—inst,~i—inst,[[-ibhi]]<br>[[-ibhī]]<br>[[-ībhi]]<br>[[-ībhī]]<br>[[-ihi]]<br>[[-ihī]]<br>[[-īhi]]<br>[[-īhī]]<br>[[-inā]]<br>[[-iyā]]<br>[[-yā]],,1
535354,en,34,~ī—inst,~ī—inst,~ī—inst,[[-ayā]]<br>[[-ībhi]]<br>[[-ībhī]]<br>[[-īhi]]<br>[[-īhī]]<br>[[-inā]]<br>[[-iyā]]<br>[[-yā]],,1
535355,en,34,~in—inst,~in—inst,~in—inst,[[-ībhi]]<br>[[-ībhī]]<br>[[-īhi]]<br>[[-īhī]]<br>[[-inā]],,1
535356,en,34,~o—inst,~o—inst,~o—inst,[[-asā]]<br>[[-ebhi]]<br>[[-ebhī]]<br>[[-ehi]]<br>[[-ehī]]<br>[[-ena]]<br>[[-enā]],,1
535357,en,34,~u—inst,~u—inst,~u—inst,[[-ūbhi]]<br>[[-ūbhī]]<br>[[-ūhi]]<br>[[-ūhī]]<br>[[-unā]]<br>[[-uyā]],,1
535358,en,34,~ū—inst,~ū—inst,~ū—inst,[[-ūbhi]]<br>[[-ūbhī]]<br>[[-ūhi]]<br>[[-ūhī]]<br>[[-unā]]<br>[[-uyā]],,1
535359,en,34,~us—inst,~us—inst,~us—inst,[[-ūbhi]]<br>[[-ūbhī]]<br>[[-ūhi]]<br>[[-ūhī]]<br>[[-unā]]<br>[[-usā]],,1
535360,en,34,~a—loc,~a—loc,~a—loc,[[-amhi]]<br>[[-amhī]]<br>[[-asi]]<br>[[-asī]]<br>[[-asmiṃ]]<br>[[-e]]<br>[[-esu]]<br>[[-esū]],,1
535361,en,34,~ā—loc,~ā—loc,~ā—loc,[[-āsu]]<br>[[-āsū]]<br>[[-āya]]<br>[[-āyaṃ]],,1
535362,en,34,~an—loc,~an—loc,~an—loc,[[-amhi]]<br>[[-amhī]]<br>[[-ane]]<br>[[-anesu]]<br>[[-anesū]]<br>[[-ani]]<br>[[-anī]]<br>[[-asmiṃ]]<br>[[-e]]<br>[[-esu]]<br>[[-esū]]<br>[[-usu]]<br>[[-usū]]<br>[[-ūsu]]<br>[[-ūsū]],,1
535363,en,34,~ar—loc,~ar—loc,~ar—loc,[[-amhi]]<br>[[-amhī]]<br>[[-āresu]]<br>[[-āresū]]<br>[[-ari]]<br>[[-arī]]<br>[[-asmiṃ]]<br>[[-āsu]]<br>[[-āsū]]<br>[[-esu]]<br>[[-esū]]<br>[[-ini]]<br>[[-ūsu]]<br>[[-ūsū]],,1
535364,en,34,~as—loc,~as—loc,~as—loc,[[-amhi]]<br>[[-amhī]]<br>[[-asi]]<br>[[-asī]]<br>[[-asmiṃ]]<br>[[-e]]<br>[[-esu]]<br>[[-esū]],,1
535365,en,34,~i—loc,~i—loc,~i—loc,[[-āyaṃ]]<br>[[-e]]<br>[[-imhi]]<br>[[-imhī]]<br>[[-ini]]<br>[[-ismiṃ]]<br>[[-isu]]<br>[[-isū]]<br>[[-īsu]]<br>[[-īsū]]<br>[[-iyā]]<br>[[-iyaṃ]]<br>[[-o]]<br>[[-u]]<br>[[-yā]]<br>[[-yaṃ]],,1
535366,en,34,~ī—loc,~ī—loc,~ī—loc,[[-ayā]]<br>[[-ayaṃ]]<br>[[-imhi]]<br>[[-imhī]]<br>[[-ini]]<br>[[-ismiṃ]]<br>[[-isu]]<br>[[-isū]]<br>[[-īsu]]<br>[[-īsū]]<br>[[-iyā]]<br>[[-iyaṃ]]<br>[[-yā]]<br>[[-yaṃ]],,1
535367,en,34,~in—loc,~in—loc,~in—loc,[[-imhi]]<br>[[-imhī]]<br>[[-ismiṃ]]<br>[[-īsu]]<br>[[-īsū]],,1
535368,en,34,~o—loc,~o—loc,~o—loc,[[-amhi]]<br>[[-amhī]]<br>[[-asi]]<br>[[-asī]]<br>[[-asmiṃ]]<br>[[-e]]<br>[[-esu]]<br>[[-esū]],,1
535369,en,34,~u—loc,~u—loc,~u—loc,[[-umhi]]<br>[[-umhī]]<br>[[-usmiṃ]]<br>[[-ūsu]]<br>[[-ūsū]]<br>[[-uyā]]<br>[[-uyaṃ]],,1
535370,en,34,~ū—loc,~ū—loc,~ū—loc,[[-umhi]]<br>[[-umhī]]<br>[[-usmiṃ]]<br>[[-ūsu]]<br>[[-ūsū]]<br>[[-uyā]]<br>[[-uyaṃ]],,1
535371,en,34,~us—loc,~us—loc,~us—loc,[[-uni]]<br>[[-unī]]<br>[[-usi]]<br>[[-usī]]<br>[[-ūsu]]<br>[[-ūsū]],,1
535372,en,34,~a—nom,~a—nom,~a—nom,[[-ā]]<br>[[-aṃ]]<br>[[-āni]]<br>[[-ānī]]<br>[[-āse]]<br>[[-e]]<br>[[-o]],,1
535373,en,34,~ā—nom,~ā—nom,~ā—nom,[[-ā]]<br>[[-āyo]],,1
535374,en,34,~an—nom,~an—nom,~an—nom,[[-a]]<br>[[-ā]]<br>[[-aṃ]]<br>[[-āni]]<br>[[-ānī]]<br>[[-āno]],,1
535375,en,34,~ar—nom,~ar—nom,~ar—nom,[[-ā]]<br>[[-āno]]<br>[[-āro]],,1
535376,en,34,~as—nom,~as—nom,~as—nom,[[-ā]]<br>[[-aṃ]]<br>[[-āni]]<br>[[-ānī]]<br>[[-o]],,1
535377,en,34,~i—nom,~i—nom,~i—nom,[[-ayo]]<br>[[-i]]<br>[[-ī]]<br>[[-iṃ]]<br>[[-īni]]<br>[[-īnī]]<br>[[-ino]]<br>[[-iyo]]<br>[[-yo]],,1
535378,en,34,~ī—nom,~ī—nom,~ī—nom,[[-āyo]]<br>[[-i]]<br>[[-ī]]<br>[[-ino]]<br>[[-iyo]]<br>[[-yo]],,1
535379,en,34,~in—nom,~in—nom,~in—nom,[[-ī]]<br>[[-ino]],,1
535380,en,34,~o—nom,~o—nom,~o—nom,[[-ā]]<br>[[-aṃ]]<br>[[-o]],,1
535381,en,34,~u—nom,~u—nom,~u—nom,[[-avo]]<br>[[-u]]<br>[[-ū]]<br>[[-ūni]]<br>[[-ūnī]]<br>[[-ūvo]]<br>[[-uyo]],,1
535382,en,34,~ū—nom,~ū—nom,~ū—nom,[[-avo]]<br>[[-ū]]<br>[[-uyo]],,1
535383,en,34,~us—nom,~us—nom,~us—nom,[[-u]]<br>[[-ū]]<br>[[-uṃ]]<br>[[-ūni]]<br>[[-ūnī]],,1
535384,en,34,~a—voc,~a—voc,~a—voc,[[-a]]<br>[[-ā]]<br>[[-aṃ]]<br>[[-āni]]<br>[[-ānī]]<br>[[-e]]<br>[[-o]],,1
535385,en,34,~ā—voc,~ā—voc,~ā—voc,[[-a]]<br>[[-ā]]<br>[[-āyo]]<br>[[-e]]<br>[[-iyo]],,1
535386,en,34,~an—voc,~an—voc,~an—voc,[[-a]]<br>[[-ā]]<br>[[-āni]]<br>[[-ānī]]<br>[[-āno]],,1
535387,en,34,~ar—voc,~ar—voc,~ar—voc,[[-a]]<br>[[-ā]]<br>[[-āno]]<br>[[-āro]]<br>[[-āyo]]<br>[[-iyo]],,1
535388,en,34,~as—voc,~as—voc,~as—voc,[[-a]]<br>[[-ā]]<br>[[-aṃ]]<br>[[-āni]]<br>[[-ānī]]<br>[[-o]],,1
535389,en,34,~i—voc,~i—voc,~i—voc,[[-ayo]]<br>[[-i]]<br>[[-ī]]<br>[[-iṃ]]<br>[[-īni]]<br>[[-īnī]]<br>[[-iyo]]<br>[[-yo]],,1
535390,en,34,~ī—voc,~ī—voc,~ī—voc,[[-ī]]<br>[[-inī]]<br>[[-ino]]<br>[[-iyo]]<br>[[-yo]],,1
535391,en,34,~in—voc,~in—voc,~in—voc,[[-ī]]<br>[[-inī]]<br>[[-ino]],,1
535392,en,34,~o—voc,~o—voc,~o—voc,[[-a]]<br>[[-ā]]<br>[[-aṃ]]<br>[[-o]],,1
535393,en,34,~u—voc,~u—voc,~u—voc,[[-ave]]<br>[[-avo]]<br>[[-u]]<br>[[-ū]]<br>[[-ūni]]<br>[[-ūnī]]<br>[[-uyo]],,1
535394,en,34,~ū—voc,~ū—voc,~ū—voc,[[-ave]]<br>[[-avo]]<br>[[-ū]]<br>[[-uyo]],,1
535395,en,34,~us—voc,~us—voc,~us—voc,[[-u]]<br>[[-ū]]<br>[[-uṃ]]<br>[[-ūni]]<br>[[-ūnī]],,1