#,sinhala,1
summary,pali to sinhala,2
font,times,3
size,90%,4
author,visudhinanda,5
data,2018/9/12,6
#,,7
nthya,න්ථ්‍ය,8
kkhya,ක්ඛ්‍ය,9
ṅkhya,ඞ්ඛ්‍ය,10
ṅghya,ඞ්ඝ්‍ය,11
cchya,ච්ඡ්‍ය,12
jjhya,ජ්ඣ්‍ය,13
ñchya,ඤ්ඡ්‍ය,14
ñjhya,ඤ්ඣ්‍ය,15
ṭṭhya,ට්ඨ්‍ය,16
ḍḍhya,ඩ්ඪ්‍ය,17
ṇṭhya,ණ්ඨ්‍ය,18
ṇḍhya,ණ්ඪ්‍ය,19
tthya,ත්ථ්‍ය,20
ddhya,ද්ධ්‍ය,21
dhvya,ධ්ව්‍ය,22
ndhya,න්ධ්‍ය,23
pphya,ප්ඵ්‍ය,24
bbhya,බ්භ්‍ය,25
mphya,ම්ඵ්‍ය,26
mbhya,ම්භ්‍ය,27
nthra,න්ථ්‍ර,28
kkhra,ක්ඛ්‍ර,29
ṅkhra,ඞ්ඛ්‍ර,30
ṅghra,ඞ්ඝ්‍ර,31
cchra,ච්ඡ්‍ර,32
jjhra,ජ්ඣ්‍ර,33
ñchra,ඤ්ඡ්‍ර,34
ñjhra,ඤ්ඣ්‍ර,35
ṭṭhra,ට්ඨ්‍ර,36
ḍḍhra,ඩ්ඪ්‍ර,37
ṇṭhra,ණ්ඨ්‍ර,38
ṇḍhra,ණ්ඪ්‍ර,39
tthra,ත්ථ්‍ර,40
ddhra,ද්ධ්‍ර,41
dhvra,ධ්ව්‍ර,42
ndhra,න්ධ්‍ර,43
pphra,ප්ඵ්‍ර,44
bbhra,බ්භ්‍ර,45
mphra,ම්ඵ්‍ර,46
mbhra,ම්භ්‍ර,47
kkhuṃ,ක්ඛුං,48
ṅkhuṃ,ඞ්ඛුං,49
ṅghuṃ,ඞ්ඝුං,50
cchuṃ,ච්ඡුං,51
jjhuṃ,ජ්ඣුං,52
ñchuṃ,ඤ්ඡුං,53
ñjhuṃ,ඤ්ඣුං,54
ṭṭhuṃ,ට්ඨුං,55
ḍḍhuṃ,ඩ්ඪුං,56
ṇṭhuṃ,ණ්ඨුං,57
ṇḍhuṃ,ණ්ඪුං,58
tthuṃ,ත්ථුං,59
ddhuṃ,ද්ධුං,60
dhvuṃ,ධ්වුං,61
ndhuṃ,න්ධුං,62
pphuṃ,ප්ඵුං,63
bbhuṃ,බ්භුං,64
mphuṃ,ම්ඵුං,65
mbhuṃ,ම්භුං,66
nthuṃ,න්ථුං,67
kkhiṃ,ක්ඛිං,68
ṅkhiṃ,ඞ්ඛිං,69
ṅghiṃ,ඞ්ඝිං,70
cchiṃ,ච්ඡිං,71
jjhiṃ,ජ්ඣිං,72
ñchiṃ,ඤ්ඡිං,73
ñjhiṃ,ඤ්ඣිං,74
ṭṭhiṃ,ට්ඨිං,75
ḍḍhiṃ,ඩ්ඪිං,76
ṇṭhiṃ,ණ්ඨිං,77
ṇḍhiṃ,ණ්ඪිං,78
tthiṃ,ත්ථිං,79
ddhiṃ,ද්ධිං,80
dhviṃ,ධ්විං,81
ndhiṃ,න්ධිං,82
pphiṃ,ප්ඵිං,83
bbhiṃ,බ්භිං,84
mphiṃ,ම්ඵිං,85
mbhiṃ,ම්භිං,86
nthiṃ,න්ථිං,87
kkhaṃ,ක්ඛං,88
ṅkhaṃ,ඞ්ඛං,89
ṅghaṃ,ඞ්ඝං,90
cchaṃ,ච්ඡං,91
jjhaṃ,ජ්ඣං,92
ñchaṃ,ඤ්ඡං,93
ñjhaṃ,ඤ්ඣං,94
ṭṭhaṃ,ට්ඨං,95
ḍḍhaṃ,ඩ්ඪං,96
ṇṭhaṃ,ණ්ඨං,97
ṇḍhaṃ,ණ්ඪං,98
tthaṃ,ත්ථං,99
ddhaṃ,ද්ධං,100
dhvaṃ,ධ්වං,101
ndhaṃ,න්ධං,102
pphaṃ,ප්ඵං,103
bbhaṃ,බ්භං,104
mphaṃ,ම්ඵං,105
mbhaṃ,ම්භං,106
nthaṃ,න්ථං,107
grya,ග්‍ර්‍ය,108
trya,ත්‍ර්‍ය,109
drya,ද්‍ර්‍ය,110
brya,බ්‍ර්‍ය,111
grra,ග්‍ර්‍ර,112
trra,ත්‍ර්‍ර,113
drra,ද්‍ර්‍ර,114
brra,බ්‍ර්‍ර,115
kvya,ක්ව්‍ය,116
ṅkya,ඞ්ක්‍ය,117
ṅgya,ඞ්ග්‍ය,118
ccya,ච්ච්‍ය,119
jjya,ජ්ජ්‍ය,120
ñcya,ඤ්ච්‍ය,121
ñjya,ඤ්ජ්‍ය,122
ññya,ඤ්ඤ්‍ය,123
ñhya,ඤ්හ්‍ය,124
ṭṭya,ට්ට්‍ය,125
ḍḍya,ඩ්ඩ්‍ය,126
ṇṭya,ණ්ට්‍ය,127
ṇḍya,ණ්ඩ්‍ය,128
ṇṇya,ණ්ණ්‍ය,129
ṇhya,ණ්හ්‍ය,130
ttya,ත්ත්‍ය,131
tvya,ත්ව්‍ය,132
ddya,ද්ද්‍ය,133
dvya,ද්ව්‍ය,134
ndya,න්ද්‍ය,135
nnya,න්න්‍ය,136
nhya,න්හ්‍ය,137
ppya,ප්ප්‍ය,138
bbya,බ්බ්‍ය,139
mpya,ම්ප්‍ය,140
mbya,ම්බ්‍ය,141
mmya,ම්ම්‍ය,142
mhya,ම්හ්‍ය,143
yyya,ය්ය්‍ය,144
yhya,ය්හ්‍ය,145
lyya,ල්ය්‍ය,146
llya,ල්ල්‍ය,147
lhya,ල්හ්‍ය,148
vhya,ව්හ්‍ය,149
smya,ස්ම්‍ය,150
svya,ස්ව්‍ය,151
ssya,ස්ස්‍ය,152
hmya,හ්ම්‍ය,153
hvya,හ්ව්‍ය,154
ḷhya,ළ්හ්‍ය,155
kyuṃ,ක්‍යුං,156
kruṃ,ක්‍රුං,157
gruṃ,ග්‍රුං,158
truṃ,ත්‍රුං,159
druṃ,ද්‍රුං,160
bruṃ,බ්‍රුං,161
kkuṃ,ක‍්කුං,162
kvra,ක්ව්‍ර,163
ṅkra,ඞ්ක්‍ර,164
ṅgra,ඞ්ග්‍ර,165
ccra,ච්ච්‍ර,166
jjra,ජ්ජ්‍ර,167
ñcra,ඤ්ච්‍ර,168
ñjra,ඤ්ජ්‍ර,169
ññra,ඤ්ඤ්‍ර,170
ñhra,ඤ්හ්‍ර,171
ṭṭra,ට්ට්‍ර,172
ḍḍra,ඩ්ඩ්‍ර,173
ṇṭra,ණ්ට්‍ර,174
ṇḍra,ණ්ඩ්‍ර,175
ṇṇra,ණ්ණ්‍ර,176
ṇhra,ණ්හ්‍ර,177
ttra,ත්ත්‍ර,178
tvra,ත්ව්‍ර,179
ddra,ද්ද්‍ර,180
dvra,ද්ව්‍ර,181
ndra,න්ද්‍ර,182
nnra,න්න්‍ර,183
nhra,න්හ්‍ර,184
ppra,ප්ප්‍ර,185
bbra,බ්බ්‍ර,186
mpra,ම්ප්‍ර,187
mbra,ම්බ්‍ර,188
mmra,ම්ම්‍ර,189
mhra,ම්හ්‍ර,190
yyra,ය්ය්‍ර,191
yhra,ය්හ්‍ර,192
lyra,ල්ය්‍ර,193
llra,ල්ල්‍ර,194
lhra,ල්හ්‍ර,195
vhra,ව්හ්‍ර,196
smra,ස්ම්‍ර,197
svra,ස්ව්‍ර,198
ssra,ස්ස්‍ර,199
hmra,හ්ම්‍ර,200
hvra,හ්ව්‍ර,201
ḷhra,ළ්හ්‍ර,202
kyiṃ,ක්‍යිං,203
kriṃ,ක්‍රිං,204
griṃ,ග්‍රිං,205
triṃ,ත්‍රිං,206
driṃ,ද්‍රිං,207
briṃ,බ්‍රිං,208
kkiṃ,ක‍්කිං,209
kkya,ක‍්කය,210
kvuṃ,ක්වුං,211
ṅkuṃ,ඞ්කුං,212
ṅguṃ,ඞ්ගුං,213
ccuṃ,ච්චුං,214
jjuṃ,ජ්ජුං,215
ñcuṃ,ඤ්චුං,216
ñjuṃ,ඤ්ජුං,217
ññuṃ,ඤ්ඤුං,218
ñhuṃ,ඤ්හුං,219
ṭṭuṃ,ට්ටුං,220
ḍḍuṃ,ඩ්ඩුං,221
ṇṭuṃ,ණ්ටුං,222
ṇḍuṃ,ණ්ඩුං,223
ṇṇuṃ,ණ්ණුං,224
ṇhuṃ,ණ්හුං,225
ttuṃ,ත්තුං,226
tvuṃ,ත්වුං,227
dduṃ,ද්දුං,228
dvuṃ,ද්වුං,229
nduṃ,න්දුං,230
nnuṃ,න්නුං,231
nhuṃ,න්හුං,232
ppuṃ,ප්පුං,233
bbuṃ,බ්බුං,234
mpuṃ,ම්පුං,235
mbuṃ,ම්බුං,236
mmuṃ,ම්මුං,237
mhuṃ,ම්හුං,238
yyuṃ,ය්යුං,239
yhuṃ,ය්හුං,240
lyuṃ,ල්යුං,241
lluṃ,ල්ලුං,242
lhuṃ,ල්හුං,243
vhuṃ,ව්හුං,244
smuṃ,ස්මුං,245
svuṃ,ස්වුං,246
ssuṃ,ස්සුං,247
hmuṃ,හ්මුං,248
hvuṃ,හ්වුං,249
ḷhuṃ,ළ්හුං,250
kkra,ක‍්කර,251
kviṃ,ක්විං,252
ṅkiṃ,ඞ්කිං,253
ṅgiṃ,ඞ්ගිං,254
cciṃ,ච්චිං,255
jjiṃ,ජ්ජිං,256
ñciṃ,ඤ්චිං,257
ñjiṃ,ඤ්ජිං,258
ññiṃ,ඤ්ඤිං,259
ñhiṃ,ඤ්හිං,260
ṭṭiṃ,ට්ටිං,261
ḍḍiṃ,ඩ්ඩිං,262
ṇṭiṃ,ණ්ටිං,263
ṇḍiṃ,ණ්ඩිං,264
ṇṇiṃ,ණ්ණිං,265
ṇhiṃ,ණ්හිං,266
ttiṃ,ත්තිං,267
tviṃ,ත්විං,268
ddiṃ,ද්දිං,269
dviṃ,ද්විං,270
ndiṃ,න්දිං,271
nniṃ,න්නිං,272
nhiṃ,න්හිං,273
ppiṃ,ප්පිං,274
bbiṃ,බ්බිං,275
mpiṃ,ම්පිං,276
mbiṃ,ම්බිං,277
mmiṃ,ම්මිං,278
mhiṃ,ම්හිං,279
yyiṃ,ය්යිං,280
yhiṃ,ය්හිං,281
lyiṃ,ල්යිං,282
lliṃ,ල්ලිං,283
lhiṃ,ල්හිං,284
vhiṃ,ව්හිං,285
smiṃ,ස්මිං,286
sviṃ,ස්විං,287
ssiṃ,ස්සිං,288
hmiṃ,හ්මිං,289
hviṃ,හ්විං,290
ḷhiṃ,ළ්හිං,291
ntya,න්ත්‍ය,292
kyaṃ,ක්‍යං,293
kraṃ,ක්‍රං,294
graṃ,ග්‍රං,295
traṃ,ත්‍රං,296
draṃ,ද්‍රං,297
ntra,න්ත්‍ර,298
braṃ,බ්‍රං,299
kkaṃ,ක‍්කං,300
ntuṃ,න්තුං,301
khya,ඛ්‍ය,302
ghya,ඝ්‍ය,303
chya,ඡ්‍ය,304
jhya,ඣ්‍ය,305
ṭhya,ඨ්‍ය,306
ḍhya,ඪ්‍ය,307
thya,ථ්‍ය,308
dhya,ධ්‍ය,309
phya,ඵ්‍ය,310
bhya,භ්‍ය,311
ntiṃ,න්තිං,312
kkhū,ක්ඛූ,313
ṅkhū,ඞ්ඛූ,314
ṅghū,ඞ්ඝූ,315
cchū,ච්ඡූ,316
jjhū,ජ්ඣූ,317
ñchū,ඤ්ඡූ,318
ñjhū,ඤ්ඣූ,319
ṭṭhū,ට්ඨූ,320
ḍḍhū,ඩ්ඪූ,321
ṇṭhū,ණ්ඨූ,322
ṇḍhū,ණ්ඪූ,323
tthū,ත්ථූ,324
ddhū,ද්ධූ,325
dhvū,ධ්වූ,326
ndhū,න්ධූ,327
pphū,ප්ඵූ,328
bbhū,බ්භූ,329
mphū,ම්ඵූ,330
mbhū,ම්භූ,331
nthū,න්ථූ,332
kkhu,ක්ඛු,333
ṅkhu,ඞ්ඛු,334
ṅghu,ඞ්ඝු,335
cchu,ච්ඡු,336
jjhu,ජ්ඣු,337
ñchu,ඤ්ඡු,338
ñjhu,ඤ්ඣු,339
ṭṭhu,ට්ඨු,340
ḍḍhu,ඩ්ඪු,341
ṇṭhu,ණ්ඨු,342
ṇḍhu,ණ්ඪු,343
tthu,ත්ථු,344
ddhu,ද්ධු,345
dhvu,ධ්වු,346
ndhu,න්ධු,347
pphu,ප්ඵු,348
bbhu,බ්භු,349
mphu,ම්ඵු,350
mbhu,ම්භු,351
nthu,න්ථු,352
khra,ඛ්‍ර,353
ghra,ඝ්‍ර,354
chra,ඡ්‍ර,355
jhra,ඣ්‍ර,356
ṭhra,ඨ්‍ර,357
ḍhra,ඪ්‍ර,358
thra,ථ්‍ර,359
dhra,ධ්‍ර,360
phra,ඵ්‍ර,361
bhra,භ්‍ර,362
kkhō,ක්ඛෝ,363
ṅkhō,ඞ්ඛෝ,364
ṅghō,ඞ්ඝෝ,365
cchō,ච්ඡෝ,366
jjhō,ජ්ඣෝ,367
ñchō,ඤ්ඡෝ,368
ñjhō,ඤ්ඣෝ,369
ṭṭhō,ට්ඨෝ,370
ḍḍhō,ඩ්ඪෝ,371
ṇṭhō,ණ්ඨෝ,372
ṇḍhō,ණ්ඪෝ,373
tthō,ත්ථෝ,374
ddhō,ද්ධෝ,375
dhvō,ධ්වෝ,376
ndhō,න්ධෝ,377
pphō,ප්ඵෝ,378
bbhō,බ්භෝ,379
mphō,ම්ඵෝ,380
mbhō,ම්භෝ,381
nthō,න්ථෝ,382
kkho,ක්ඛො,383
ṅkho,ඞ්ඛො,384
ṅgho,ඞ්ඝො,385
ccho,ච්ඡො,386
jjho,ජ්ඣො,387
ñcho,ඤ්ඡො,388
ñjho,ඤ්ඣො,389
ṭṭho,ට්ඨො,390
ḍḍho,ඩ්ඪො,391
ṇṭho,ණ්ඨො,392
ṇḍho,ණ්ඪො,393
ttho,ත්ථො,394
ddho,ද්ධො,395
dhvo,ධ්වො,396
ndho,න්ධො,397
ppho,ප්ඵො,398
bbho,බ්භො,399
mpho,ම්ඵො,400
mbho,ම්භො,401
ntho,න්ථො,402
kkhī,ක්ඛී,403
ṅkhī,ඞ්ඛී,404
ṅghī,ඞ්ඝී,405
cchī,ච්ඡී,406
jjhī,ජ්ඣී,407
ñchī,ඤ්ඡී,408
ñjhī,ඤ්ඣී,409
ṭṭhī,ට්ඨී,410
ḍḍhī,ඩ්ඪී,411
ṇṭhī,ණ්ඨී,412
ṇḍhī,ණ්ඪී,413
tthī,ත්ථී,414
ddhī,ද්ධී,415
dhvī,ධ්වී,416
ndhī,න්ධී,417
pphī,ප්ඵී,418
bbhī,බ්භී,419
mphī,ම්ඵී,420
mbhī,ම්භී,421
nthī,න්ථී,422
kkhi,ක්ඛි,423
ṅkhi,ඞ්ඛි,424
ṅghi,ඞ්ඝි,425
cchi,ච්ඡි,426
jjhi,ජ්ඣි,427
ñchi,ඤ්ඡි,428
ñjhi,ඤ්ඣි,429
ṭṭhi,ට්ඨි,430
ḍḍhi,ඩ්ඪි,431
ṇṭhi,ණ්ඨි,432
ṇḍhi,ණ්ඪි,433
tthi,ත්ථි,434
ddhi,ද්ධි,435
dhvi,ධ්වි,436
ndhi,න්ධි,437
pphi,ප්ඵි,438
bbhi,බ්භි,439
mphi,ම්ඵි,440
mbhi,ම්භි,441
nthi,න්ථි,442
kkhē,ක්ඛේ,443
ṅkhē,ඞ්ඛේ,444
ṅghē,ඞ්ඝේ,445
cchē,ච්ඡේ,446
jjhē,ජ්ඣේ,447
ñchē,ඤ්ඡේ,448
ñjhē,ඤ්ඣේ,449
ṭṭhē,ට්ඨේ,450
ḍḍhē,ඩ්ඪේ,451
ṇṭhē,ණ්ඨේ,452
ṇḍhē,ණ්ඪේ,453
tthē,ත්ථේ,454
ddhē,ද්ධේ,455
dhvē,ධ්වේ,456
nthē,න්ථේ,457
ndhē,න්ධේ,458
pphē,ප්ඵේ,459
bbhē,බ්භේ,460
mphē,ම්ඵේ,461
mbhē,ම්භේ,462
nthe,න්ථෙ,463
kkhe,ක්ඛෙ,464
ṅkhe,ඞ්ඛෙ,465
ṅghe,ඞ්ඝෙ,466
cche,ච්ඡෙ,467
jjhe,ජ්ඣෙ,468
ñche,ඤ්ඡෙ,469
ñjhe,ඤ්ඣෙ,470
ṭṭhe,ට්ඨෙ,471
ḍḍhe,ඩ්ඪෙ,472
ṇṭhe,ණ්ඨෙ,473
ṇḍhe,ණ්ඪෙ,474
tthe,ත්ථෙ,475
ddhe,ද්ධෙ,476
dhve,ධ්වෙ,477
ndhe,න්ධෙ,478
pphe,ප්ඵෙ,479
bbhe,බ්භෙ,480
mphe,ම්ඵෙ,481
mbhe,ම්භෙ,482
kvaṃ,ක්වං,483
ṅkaṃ,ඞ්කං,484
ṅgaṃ,ඞ්ගං,485
ccaṃ,ච්චං,486
jjaṃ,ජ්ජං,487
ñcaṃ,ඤ්චං,488
ñjaṃ,ඤ්ජං,489
ññaṃ,ඤ්ඤං,490
ñhaṃ,ඤ්හං,491
ṭṭaṃ,ට්ටං,492
ḍḍaṃ,ඩ්ඩං,493
ṇṭaṃ,ණ්ටං,494
ṇḍaṃ,ණ්ඩං,495
ṇṇaṃ,ණ්ණං,496
ṇhaṃ,ණ්හං,497
ttaṃ,ත්තං,498
tvaṃ,ත්වං,499
ddaṃ,ද්දං,500
dvaṃ,ද්වං,501
ndaṃ,න්දං,502
nnaṃ,න්නං,503
nhaṃ,න්හං,504
ppaṃ,ප්පං,505
bbaṃ,බ්බං,506
mpaṃ,ම්පං,507
mbaṃ,ම්බං,508
mmaṃ,ම්මං,509
mhaṃ,ම්හං,510
yyaṃ,ය්යං,511
yhaṃ,ය්හං,512
lyaṃ,ල්යං,513
llaṃ,ල්ලං,514
lhaṃ,ල්හං,515
vhaṃ,ව්හං,516
smaṃ,ස්මං,517
svaṃ,ස්වං,518
ssaṃ,ස්සං,519
hmaṃ,හ්මං,520
hvaṃ,හ්වං,521
ḷhaṃ,ළ්හං,522
ntaṃ,න්තං,523
nthā,න්ථා,524
kkhā,ක්ඛා,525
ṅkhā,ඞ්ඛා,526
ṅghā,ඞ්ඝා,527
cchā,ච්ඡා,528
jjhā,ජ්ඣා,529
ñchā,ඤ්ඡා,530
ñjhā,ඤ්ඣා,531
ṭṭhā,ට්ඨා,532
ḍḍhā,ඩ්ඪා,533
ṇṭhā,ණ්ඨා,534
ṇḍhā,ණ්ඪා,535
tthā,ත්ථා,536
ddhā,ද්ධා,537
dhvā,ධ්වා,538
ndhā,න්ධා,539
pphā,ප්ඵා,540
bbhā,බ්භා,541
mphā,ම්ඵා,542
mbhā,ම්භා,543
khuṃ,ඛුං,544
ghuṃ,ඝුං,545
chuṃ,ඡුං,546
jhuṃ,ඣුං,547
ṭhuṃ,ඨුං,548
ḍhuṃ,ඪුං,549
thuṃ,ථුං,550
dhuṃ,ධුං,551
phuṃ,ඵුං,552
bhuṃ,භුං,553
khiṃ,ඛිං,554
ghiṃ,ඝිං,555
chiṃ,ඡිං,556
jhiṃ,ඣිං,557
ṭhiṃ,ඨිං,558
ḍhiṃ,ඪිං,559
thiṃ,ථිං,560
dhiṃ,ධිං,561
phiṃ,ඵිං,562
bhiṃ,භිං,563
ntha,න්ථ,564
kkha,ක්ඛ,565
ṅkha,ඞ්ඛ,566
ṅgha,ඞ්ඝ,567
ccha,ච්ඡ,568
jjha,ජ්ඣ,569
ñcha,ඤ්ඡ,570
ñjha,ඤ්ඣ,571
ṭṭha,ට්ඨ,572
ḍḍha,ඩ්ඪ,573
ṇṭha,ණ්ඨ,574
ṇḍha,ණ්ඪ,575
ttha,ත්ථ,576
ddha,ද්ධ,577
dhva,ධ්ව,578
ndha,න්ධ,579
ppha,ප්ඵ,580
bbha,බ්භ,581
mpha,ම්ඵ,582
mbha,ම්භ,583
khaṃ,ඛං,584
ghaṃ,ඝං,585
chaṃ,ඡං,586
jhaṃ,ඣං,587
ṭhaṃ,ඨං,588
ḍhaṃ,ඪං,589
thaṃ,ථං,590
dhaṃ,ධං,591
phaṃ,ඵං,592
bhaṃ,භං,593
yya,‍ය්‍ය,594
kyū,ක්‍යූ,595
krū,ක්‍රූ,596
grū,ග්‍රූ,597
trū,ත්‍රූ,598
drū,ද්‍රූ,599
brū,බ්‍රූ,600
kkū,ක‍්කූ,601
kyu,ක්‍යු,602
kru,ක්‍රු,603
gru,ග්‍රු,604
tru,ත්‍රු,605
dru,ද්‍රු,606
bru,බ්‍රු,607
kku,ක‍්කු,608
kyō,ක්‍යෝ,609
krō,ක්‍රෝ,610
grō,ග්‍රෝ,611
trō,ත්‍රෝ,612
drō,ද්‍රෝ,613
brō,බ්‍රෝ,614
kkō,ක‍්කෝ,615
kyo,ක්‍යො,616
kro,ක්‍රො,617
gro,ග්‍රො,618
tro,ත්‍රො,619
dro,ද්‍රො,620
bro,බ්‍රො,621
kko,ක‍්කො,622
kyī,ක්‍යී,623
krī,ක්‍රී,624
grī,ග්‍රී,625
trī,ත්‍රී,626
drī,ද්‍රී,627
brī,බ්‍රී,628
kkī,ක‍්කී,629
kyi,ක්‍යි,630
kri,ක්‍රි,631
gri,ග්‍රි,632
tri,ත්‍රි,633
dri,ද්‍රි,634
bri,බ්‍රි,635
kki,ක‍්කි,636
kyē,ක්‍යේ,637
krē,ක්‍රේ,638
grē,ග්‍රේ,639
trē,ත්‍රේ,640
drē,ද්‍රේ,641
brē,බ්‍රේ,642
kkē,ක‍්කේ,643
kye,ක්‍යෙ,644
kre,ක්‍රෙ,645
gre,ග්‍රෙ,646
tre,ත්‍රෙ,647
dre,ද්‍රෙ,648
bre,බ්‍රෙ,649
kke,ක‍්කෙ,650
kyā,ක්‍යා,651
krā,ක්‍රා,652
grā,ග්‍රා,653
trā,ත්‍රා,654
drā,ද්‍රා,655
brā,බ්‍රා,656
kkā,ක‍්කා,657
kya,ක්‍ය,658
gya,ග්‍ය,659
ṅya,ඞ්‍ය,660
cya,ච්‍ය,661
jya,ජ්‍ය,662
ñya,ඤ්‍ය,663
ṭya,ට්‍ය,664
ḍya,ඩ්‍ය,665
ṇya,ණ්‍ය,666
tya,ත්‍ය,667
dya,ද්‍ය,668
nya,න්‍ය,669
pya,ප්‍ය,670
bya,බ්‍ය,671
mya,ම්‍ය,672
lya,ල්‍ය,673
vya,ව්‍ය,674
sya,ස්‍ය,675
hya,හ්‍ය,676
ḷya,ළ්‍ය,677
yuṃ,‍යුං,678
ruṃ,‍රුං,679
kvū,ක්වූ,680
ṅkū,ඞ්කූ,681
ṅgū,ඞ්ගූ,682
ccū,ච්චූ,683
jjū,ජ්ජූ,684
ñcū,ඤ්චූ,685
ñjū,ඤ්ජූ,686
ññū,ඤ්ඤූ,687
ñhū,ඤ්හූ,688
ṭṭū,ට්ටූ,689
ḍḍū,ඩ්ඩූ,690
ṇṭū,ණ්ටූ,691
ṇḍū,ණ්ඩූ,692
ṇṇū,ණ්ණූ,693
ṇhū,ණ්හූ,694
ttū,ත්තූ,695
tvū,ත්වූ,696
ddū,ද්දූ,697
dvū,ද්වූ,698
ndū,න්දූ,699
nnū,න්නූ,700
nhū,න්හූ,701
ppū,ප්පූ,702
bbū,බ්බූ,703
mpū,ම්පූ,704
mbū,ම්බූ,705
mmū,ම්මූ,706
mhū,ම්හූ,707
yyū,ය්යූ,708
yhū,ය්හූ,709
lyū,ල්යූ,710
llū,ල්ලූ,711
lhū,ල්හූ,712
vhū,ව්හූ,713
smū,ස්මූ,714
svū,ස්වූ,715
ssū,ස්සූ,716
hmū,හ්මූ,717
hvū,හ්වූ,718
ḷhū,ළ්හූ,719
ntū,න්තූ,720
kvu,ක්වු,721
ṅku,ඞ්කු,722
ṅgu,ඞ්ගු,723
ccu,ච්චු,724
jju,ජ්ජු,725
ñcu,ඤ්චු,726
ñju,ඤ්ජු,727
ññu,ඤ්ඤු,728
ñhu,ඤ්හු,729
ṭṭu,ට්ටු,730
ḍḍu,ඩ්ඩු,731
ṇṭu,ණ්ටු,732
ṇḍu,ණ්ඩු,733
ṇṇu,ණ්ණු,734
ṇhu,ණ්හු,735
ttu,ත්තු,736
tvu,ත්වු,737
ddu,ද්දු,738
dvu,ද්වු,739
ndu,න්දු,740
nnu,න්නු,741
nhu,න්හු,742
ppu,ප්පු,743
bbu,බ්බු,744
mpu,ම්පු,745
mbu,ම්බු,746
mmu,ම්මු,747
mhu,ම්හු,748
yyu,ය්යු,749
yhu,ය්හු,750
lyu,ල්යු,751
llu,ල්ලු,752
lhu,ල්හු,753
vhu,ව්හු,754
smu,ස්මු,755
svu,ස්වු,756
ssu,ස්සු,757
hmu,හ්මු,758
hvu,හ්වු,759
ḷhu,ළ්හු,760
kra,ක්‍ර,761
gra,ග්‍ර,762
ṅra,ඞ්‍ර,763
cra,ච්‍ර,764
jra,ජ්‍ර,765
ñra,ඤ්‍ර,766
ṭra,ට්‍ර,767
ḍra,ඩ්‍ර,768
ṇra,ණ්‍ර,769
tra,ත්‍ර,770
dra,ද්‍ර,771
nra,න්‍ර,772
pra,ප්‍ර,773
bra,බ්‍ර,774
mra,ම්‍ර,775
vra,ව්‍ර,776
sra,ස්‍ර,777
hra,හ්‍ර,778
ntu,න්තු,779
kvō,ක්වෝ,780
ṅkō,ඞ්කෝ,781
ṅgō,ඞ්ගෝ,782
ccō,ච්චෝ,783
jjō,ජ්ජෝ,784
ñcō,ඤ්චෝ,785
ñjō,ඤ්ජෝ,786
ññō,ඤ්ඤෝ,787
ñhō,ඤ්හෝ,788
ṭṭō,ට්ටෝ,789
ḍḍō,ඩ්ඩෝ,790
ṇṭō,ණ්ටෝ,791
ṇḍō,ණ්ඩෝ,792
ṇṇō,ණ්ණෝ,793
ṇhō,ණ්හෝ,794
ttō,ත්තෝ,795
tvō,ත්වෝ,796
ddō,ද්දෝ,797
dvō,ද්වෝ,798
ndō,න්දෝ,799
nnō,න්නෝ,800
nhō,න්හෝ,801
ppō,ප්පෝ,802
bbō,බ්බෝ,803
mpō,ම්පෝ,804
mbō,ම්බෝ,805
mmō,ම්මෝ,806
mhō,ම්හෝ,807
yyō,ය්යෝ,808
yhō,ය්හෝ,809
lyō,ල්යෝ,810
llō,ල්ලෝ,811
lhō,ල්හෝ,812
vhō,ව්හෝ,813
smō,ස්මෝ,814
svō,ස්වෝ,815
ssō,ස්සෝ,816
hmō,හ්මෝ,817
hvō,හ්වෝ,818
ḷhō,ළ්හෝ,819
ntō,න්තෝ,820
kvo,ක්වො,821
ṅko,ඞ්කො,822
ṅgo,ඞ්ගො,823
cco,ච්චො,824
jjo,ජ්ජො,825
ñco,ඤ්චො,826
ñjo,ඤ්ජො,827
ñño,ඤ්ඤො,828
ñho,ඤ්හො,829
ṭṭo,ට්ටො,830
ḍḍo,ඩ්ඩො,831
ṇṭo,ණ්ටො,832
ṇḍo,ණ්ඩො,833
ṇṇo,ණ්ණො,834
ṇho,ණ්හො,835
tto,ත්තො,836
tvo,ත්වො,837
ddo,ද්දො,838
dvo,ද්වො,839
ndo,න්දො,840
nno,න්නො,841
nho,න්හො,842
ppo,ප්පො,843
bbo,බ්බො,844
mpo,ම්පො,845
mbo,ම්බො,846
mmo,ම්මො,847
mho,ම්හො,848
yyo,ය්යො,849
yho,ය්හො,850
lyo,ල්යො,851
llo,ල්ලො,852
lho,ල්හො,853
vho,ව්හො,854
smo,ස්මො,855
svo,ස්වො,856
sso,ස්සො,857
hmo,හ්මො,858
hvo,හ්වො,859
ḷho,ළ්හො,860
yiṃ,‍යිං,861
riṃ,‍රිං,862
nto,න්තො,863
kvī,ක්වී,864
ṅkī,ඞ්කී,865
ṅgī,ඞ්ගී,866
ccī,ච්චී,867
jjī,ජ්ජී,868
ñcī,ඤ්චී,869
ñjī,ඤ්ජී,870
ññī,ඤ්ඤී,871
ñhī,ඤ්හී,872
ṭṭī,ට්ටී,873
ḍḍī,ඩ්ඩී,874
ṇṭī,ණ්ටී,875
ṇḍī,ණ්ඩී,876
ṇṇī,ණ්ණී,877
ṇhī,ණ්හී,878
ttī,ත්තී,879
tvī,ත්වී,880
ddī,ද්දී,881
dvī,ද්වී,882
ndī,න්දී,883
nnī,න්නී,884
nhī,න්හී,885
ppī,ප්පී,886
bbī,බ්බී,887
mpī,ම්පී,888
mbī,ම්බී,889
mmī,ම්මී,890
mhī,ම්හී,891
yyī,ය්යී,892
yhī,ය්හී,893
lyī,ල්යී,894
llī,ල්ලී,895
lhī,ල්හී,896
vhī,ව්හී,897
smī,ස්මී,898
svī,ස්වී,899
ssī,ස්සී,900
hmī,හ්මී,901
hvī,හ්වී,902
ḷhī,ළ්හී,903
ntī,න්තී,904
kvi,ක්වි,905
ṅki,ඞ්කි,906
ṅgi,ඞ්ගි,907
cci,ච්චි,908
jji,ජ්ජි,909
ñci,ඤ්චි,910
ñji,ඤ්ජි,911
ññi,ඤ්ඤි,912
ñhi,ඤ්හි,913
ṭṭi,ට්ටි,914
ḍḍi,ඩ්ඩි,915
ṇṭi,ණ්ටි,916
ṇḍi,ණ්ඩි,917
ṇṇi,ණ්ණි,918
ṇhi,ණ්හි,919
tti,ත්ති,920
tvi,ත්වි,921
ddi,ද්දි,922
dvi,ද්වි,923
ndi,න්දි,924
nni,න්නි,925
nhi,න්හි,926
ppi,ප්පි,927
bbi,බ්බි,928
mpi,ම්පි,929
mbi,ම්බි,930
mmi,ම්මි,931
mhi,ම්හි,932
yyi,ය්යි,933
yhi,ය්හි,934
lyi,ල්යි,935
lli,ල්ලි,936
lhi,ල්හි,937
vhi,ව්හි,938
smi,ස්මි,939
svi,ස්වි,940
ssi,ස්සි,941
hmi,හ්මි,942
hvi,හ්වි,943
ḷhi,ළ්හි,944
nti,න්ති,945
kvē,ක්වේ,946
ṅkē,ඞ්කේ,947
ṅgē,ඞ්ගේ,948
ccē,ච්චේ,949
jjē,ජ්ජේ,950
ñcē,ඤ්චේ,951
ñjē,ඤ්ජේ,952
ññē,ඤ්ඤේ,953
ñhē,ඤ්හේ,954
ṭṭē,ට්ටේ,955
ḍḍē,ඩ්ඩේ,956
ṇṭē,ණ්ටේ,957
ṇḍē,ණ්ඩේ,958
ṇṇē,ණ්ණේ,959
ṇhē,ණ්හේ,960
ttē,ත්තේ,961
tvē,ත්වේ,962
ddē,ද්දේ,963
dvē,ද්වේ,964
ndē,න්දේ,965
nnē,න්නේ,966
nhē,න්හේ,967
ppē,ප්පේ,968
bbē,බ්බේ,969
mpē,ම්පේ,970
mbē,ම්බේ,971
mmē,ම්මේ,972
mhē,ම්හේ,973
yyē,ය්යේ,974
yhē,ය්හේ,975
lyē,ල්යේ,976
llē,ල්ලේ,977
lhē,ල්හේ,978
vhē,ව්හේ,979
smē,ස්මේ,980
svē,ස්වේ,981
ssē,ස්සේ,982
hmē,හ්මේ,983
hvē,හ්වේ,984
ḷhē,ළ්හේ,985
ntē,න්තේ,986
kve,ක්වෙ,987
ṅke,ඞ්කෙ,988
ṅge,ඞ්ගෙ,989
cce,ච්චෙ,990
jje,ජ්ජෙ,991
ñce,ඤ්චෙ,992
ñje,ඤ්ජෙ,993
ññe,ඤ්ඤෙ,994
ñhe,ඤ්හෙ,995
ṭṭe,ට්ටෙ,996
ḍḍe,ඩ්ඩෙ,997
ṇṭe,ණ්ටෙ,998
ṇḍe,ණ්ඩෙ,999
ṇṇe,ණ්ණෙ,1000
ṇhe,ණ්හෙ,1001
tte,ත්තෙ,1002
tve,ත්වෙ,1003
dde,ද්දෙ,1004
dve,ද්වෙ,1005
nde,න්දෙ,1006
nne,න්නෙ,1007
nhe,න්හෙ,1008
ppe,ප්පෙ,1009
bbe,බ්බෙ,1010
mpe,ම්පෙ,1011
mbe,ම්බෙ,1012
mme,ම්මෙ,1013
mhe,ම්හෙ,1014
yye,ය්යෙ,1015
yhe,ය්හෙ,1016
lye,ල්යෙ,1017
lle,ල්ලෙ,1018
lhe,ල්හෙ,1019
vhe,ව්හෙ,1020
sme,ස්මෙ,1021
sve,ස්වෙ,1022
sse,ස්සෙ,1023
hme,හ්මෙ,1024
hve,හ්වෙ,1025
ḷhe,ළ්හෙ,1026
nte,න්තෙ,1027
kvā,ක්වා,1028
ṅkā,ඞ්කා,1029
ṅgā,ඞ්ගා,1030
ccā,ච්චා,1031
jjā,ජ්ජා,1032
ñcā,ඤ්චා,1033
ñjā,ඤ්ජා,1034
ññā,ඤ්ඤා,1035
ñhā,ඤ්හා,1036
ṭṭā,ට්ටා,1037
ḍḍā,ඩ්ඩා,1038
ṇṭā,ණ්ටා,1039
ṇḍā,ණ්ඩා,1040
ṇṇā,ණ්ණා,1041
ṇhā,ණ්හා,1042
ttā,ත්තා,1043
tvā,ත්වා,1044
ddā,ද්දා,1045
dvā,ද්වා,1046
ndā,න්දා,1047
nnā,න්නා,1048
nhā,න්හා,1049
ppā,ප්පා,1050
bbā,බ්බා,1051
mpā,ම්පා,1052
mbā,ම්බා,1053
mmā,ම්මා,1054
mhā,ම්හා,1055
yyā,ය්යා,1056
yhā,ය්හා,1057
lyā,ල්යා,1058
llā,ල්ලා,1059
lhā,ල්හා,1060
vhā,ව්හා,1061
smā,ස්මා,1062
svā,ස්වා,1063
ssā,ස්සා,1064
hmā,හ්මා,1065
hvā,හ්වා,1066
ḷhā,ළ්හා,1067
ntā,න්තා,1068
kya,ක්‍ය,1069
kra,ක්‍ර,1070
gra,ග්‍ර,1071
tra,ත්‍ර,1072
dra,ද්‍ර,1073
bra,බ්‍ර,1074
kka,ක‍්ක,1075
kuṃ,කුං,1076
guṃ,ගුං,1077
ṅuṃ,ඞුං,1078
cuṃ,චුං,1079
juṃ,ජුං,1080
ñuṃ,ඤුං,1081
ṭuṃ,ටුං,1082
ḍuṃ,ඩුං,1083
ṇuṃ,ණුං,1084
tuṃ,තුං,1085
duṃ,දුං,1086
nuṃ,නුං,1087
puṃ,පුං,1088
buṃ,බුං,1089
muṃ,මුං,1090
luṃ,ලුං,1091
vuṃ,වුං,1092
suṃ,සුං,1093
huṃ,හුං,1094
ḷuṃ,ළුං,1095
kiṃ,කිං,1096
giṃ,ගිං,1097
ṅiṃ,ඞිං,1098
ciṃ,චිං,1099
jiṃ,ජිං,1100
ñiṃ,ඤිං,1101
ṭiṃ,ටිං,1102
ḍiṃ,ඩිං,1103
ṇiṃ,ණිං,1104
tiṃ,තිං,1105
diṃ,දිං,1106
niṃ,නිං,1107
piṃ,පිං,1108
biṃ,බිං,1109
miṃ,මිං,1110
liṃ,ලිං,1111
viṃ,විං,1112
siṃ,සිං,1113
hiṃ,හිං,1114
ḷiṃ,ළිං,1115
yaṃ,‍යං,1116
raṃ,‍රං,1117
nta,න්ත,1118
kva,ක්ව,1119
ṅka,ඞ්ක,1120
ṅga,ඞ්ග,1121
cca,ච්ච,1122
jja,ජ්ජ,1123
ñca,ඤ්ච,1124
ñja,ඤ්ජ,1125
ñña,ඤ්ඤ,1126
ñha,ඤ්හ,1127
ṭṭa,ට්ට,1128
ḍḍa,ඩ්ඩ,1129
ṇṭa,ණ්ට,1130
ṇḍa,ණ්ඩ,1131
ṇṇa,ණ්ණ,1132
ṇha,ණ්හ,1133
tta,ත්ත,1134
tva,ත්ව,1135
dda,ද්ද,1136
dva,ද්ව,1137
nda,න්ද,1138
nna,න්න,1139
nha,න්හ,1140
ppa,ප්ප,1141
bba,බ්බ,1142
mpa,ම්ප,1143
mba,ම්බ,1144
mma,ම්ම,1145
mha,ම්හ,1146
yya,ය්ය,1147
yha,ය්හ,1148
lya,ල්ය,1149
lla,ල්ල,1150
lha,ල්හ,1151
vha,ව්හ,1152
sma,ස්ම,1153
sva,ස්ව,1154
ssa,ස්ස,1155
hma,හ්ම,1156
hva,හ්ව,1157
ḷha,ළ්හ,1158
khū,ඛූ,1159
ghū,ඝූ,1160
chū,ඡූ,1161
jhū,ඣූ,1162
ṭhū,ඨූ,1163
ḍhū,ඪූ,1164
thū,ථූ,1165
dhū,ධූ,1166
phū,ඵූ,1167
bhū,භූ,1168
khu,ඛු,1169
ghu,ඝු,1170
chu,ඡු,1171
jhu,ඣු,1172
ṭhu,ඨු,1173
ḍhu,ඪු,1174
thu,ථු,1175
dhu,ධු,1176
phu,ඵු,1177
bhu,භු,1178
khō,ඛෝ,1179
ghō,ඝෝ,1180
chō,ඡෝ,1181
jhō,ඣෝ,1182
ṭhō,ඨෝ,1183
ḍhō,ඪෝ,1184
thō,ථෝ,1185
dhō,ධෝ,1186
phō,ඵෝ,1187
bhō,භෝ,1188
kho,ඛො,1189
gho,ඝො,1190
cho,ඡො,1191
jho,ඣො,1192
ṭho,ඨො,1193
ḍho,ඪො,1194
tho,ථො,1195
dho,ධො,1196
pho,ඵො,1197
bho,භො,1198
khī,ඛී,1199
ghī,ඝී,1200
chī,ඡී,1201
jhī,ඣී,1202
ṭhī,ඨී,1203
ḍhī,ඪී,1204
thī,ථී,1205
dhī,ධී,1206
phī,ඵී,1207
bhī,භී,1208
khi,ඛි,1209
ghi,ඝි,1210
chi,ඡි,1211
jhi,ඣි,1212
ṭhi,ඨි,1213
ḍhi,ඪි,1214
thi,ථි,1215
dhi,ධි,1216
phi,ඵි,1217
bhi,භි,1218
khē,ඛේ,1219
ghē,ඝේ,1220
chē,ඡේ,1221
jhē,ඣේ,1222
ṭhē,ඨේ,1223
ḍhē,ඪේ,1224
thē,ථේ,1225
dhē,ධේ,1226
phē,ඵේ,1227
bhē,භේ,1228
khe,ඛෙ,1229
ghe,ඝෙ,1230
che,ඡෙ,1231
jhe,ඣෙ,1232
ṭhe,ඨෙ,1233
ḍhe,ඪෙ,1234
the,ථෙ,1235
dhe,ධෙ,1236
phe,ඵෙ,1237
bhe,භෙ,1238
kaṃ,කං,1239
gaṃ,ගං,1240
ṅaṃ,ඞං,1241
caṃ,චං,1242
jaṃ,ජං,1243
ñaṃ,ඤං,1244
ṭaṃ,ටං,1245
ḍaṃ,ඩං,1246
ṇaṃ,ණං,1247
taṃ,තං,1248
daṃ,දං,1249
naṃ,නං,1250
paṃ,පං,1251
baṃ,බං,1252
maṃ,මං,1253
laṃ,ලං,1254
vaṃ,වං,1255
saṃ,සං,1256
haṃ,හං,1257
ḷaṃ,ළං,1258
khā,ඛා,1259
ghā,ඝා,1260
chā,ඡා,1261
jhā,ඣා,1262
ṭhā,ඨා,1263
ḍhā,ඪා,1264
thā,ථා,1265
dhā,ධා,1266
phā,ඵා,1267
bhā,භා,1268
kha,ඛ,1269
gha,ඝ,1270
cha,ඡ,1271
jha,ඣ,1272
ṭha,ඨ,1273
ḍha,ඪ,1274
tha,ථ,1275
dha,ධ,1276
pha,ඵ,1277
bha,භ,1278
yū,‍යූ,1279
rū,‍රූ,1280
yu,‍යු,1281
ru,‍රු,1282
yī,‍යී,1283
rī,‍රී,1284
yi,‍යි,1285
ri,‍රි,1286
yā,‍යා,1287
rā,‍රා,1288
kū,කූ,1289
gū,ගූ,1290
ṅū,ඞූ,1291
cū,චූ,1292
jū,ජූ,1293
ñū,ඤූ,1294
ṭū,ටූ,1295
ḍū,ඩූ,1296
ṇū,ණූ,1297
tū,තූ,1298
dū,දූ,1299
nū,නූ,1300
pū,පූ,1301
bū,බූ,1302
mū,මූ,1303
lū,ලූ,1304
vū,වූ,1305
sū,සූ,1306
hū,හූ,1307
ḷū,ළූ,1308
ku,කු,1309
gu,ගු,1310
ṅu,ඞු,1311
cu,චු,1312
ju,ජු,1313
ñu,ඤු,1314
ṭu,ටු,1315
ḍu,ඩු,1316
ṇu,ණු,1317
tu,තු,1318
du,දු,1319
nu,නු,1320
pu,පු,1321
bu,බු,1322
mu,මු,1323
lu,ලු,1324
vu,වු,1325
su,සු,1326
hu,හු,1327
ḷu,ළු,1328
kō,කෝ,1329
gō,ගෝ,1330
ṅō,ඞෝ,1331
cō,චෝ,1332
jō,ජෝ,1333
ñō,ඤෝ,1334
ṭō,ටෝ,1335
ḍō,ඩෝ,1336
ṇō,ණෝ,1337
tō,තෝ,1338
dō,දෝ,1339
nō,නෝ,1340
pō,පෝ,1341
bō,බෝ,1342
mō,මෝ,1343
yō,යෝ,1344
rō,රෝ,1345
lō,ලෝ,1346
vō,වෝ,1347
sō,සෝ,1348
hō,හෝ,1349
ḷō,ළෝ,1350
ko,කො,1351
go,ගො,1352
ṅo,ඞො,1353
co,චො,1354
jo,ජො,1355
ño,ඤො,1356
ṭo,ටො,1357
ḍo,ඩො,1358
ṇo,ණො,1359
to,තො,1360
do,දො,1361
no,නො,1362
po,පො,1363
bo,බො,1364
mo,මො,1365
yo,යො,1366
ro,රො,1367
lo,ලො,1368
vo,වො,1369
so,සො,1370
ho,හො,1371
ḷo,ළො,1372
kī,කී,1373
gī,ගී,1374
ṅī,ඞී,1375
cī,චී,1376
jī,ජී,1377
ñī,ඤී,1378
ṭī,ටී,1379
ḍī,ඩී,1380
ṇī,ණී,1381
tī,තී,1382
dī,දී,1383
nī,නී,1384
pī,පී,1385
bī,බී,1386
mī,මී,1387
lī,ලී,1388
vī,වී,1389
sī,සී,1390
hī,හී,1391
ḷī,ළී,1392
ki,කි,1393
gi,ගි,1394
ṅi,ඞි,1395
ci,චි,1396
ji,ජි,1397
ñi,ඤි,1398
ṭi,ටි,1399
ḍi,ඩි,1400
ṇi,ණි,1401
ti,ති,1402
di,දි,1403
ni,නි,1404
pi,පි,1405
bi,බි,1406
mi,මි,1407
li,ලි,1408
vi,වි,1409
si,සි,1410
hi,හි,1411
ḷi,ළි,1412
kē,කේ,1413
gē,ගේ,1414
ṅē,ඞේ,1415
cē,චේ,1416
jē,ජේ,1417
ñē,ඤේ,1418
ṭē,ටේ,1419
ḍē,ඩේ,1420
ṇē,ණේ,1421
tē,තේ,1422
dē,දේ,1423
nē,නේ,1424
pē,පේ,1425
bē,බේ,1426
mē,මේ,1427
yē,යේ,1428
rē,රේ,1429
lē,ලේ,1430
vē,වේ,1431
sē,සේ,1432
hē,හේ,1433
ḷē,ළේ,1434
ke,කෙ,1435
ge,ගෙ,1436
ṅe,ඞෙ,1437
ce,චෙ,1438
je,ජෙ,1439
ñe,ඤෙ,1440
ṭe,ටෙ,1441
ḍe,ඩෙ,1442
ṇe,ණෙ,1443
te,තෙ,1444
de,දෙ,1445
ne,නෙ,1446
pe,පෙ,1447
be,බෙ,1448
me,මෙ,1449
ye,යෙ,1450
re,රෙ,1451
le,ලෙ,1452
ve,වෙ,1453
se,සෙ,1454
he,හෙ,1455
ḷe,ළෙ,1456
kā,කා,1457
gā,ගා,1458
ṅā,ඞා,1459
cā,චා,1460
jā,ජා,1461
ñā,ඤා,1462
ṭā,ටා,1463
ḍā,ඩා,1464
ṇā,ණා,1465
tā,තා,1466
dā,දා,1467
nā,නා,1468
pā,පා,1469
bā,බා,1470
mā,මා,1471
lā,ලා,1472
vā,වා,1473
sā,සා,1474
hā,හා,1475
ḷā,ළා,1476
ya,‍ය,1477
ra,‍ර,1478
kh,ඛ්,1479
gh,ඝ්,1480
ch,ඡ්,1481
jh,ඣ්,1482
ṭh,ඨ්,1483
ḍh,ඪ්,1484
th,ථ්,1485
dh,ධ්,1486
ph,ඵ්,1487
bh,භ්,1488
ka,ක,1489
ga,ග,1490
ṅa,ඞ,1491
ca,ච,1492
ja,ජ,1493
ña,ඤ,1494
ṭa,ට,1495
ḍa,ඩ,1496
ṇa,ණ,1497
ta,ත,1498
da,ද,1499
na,න,1500
pa,ප,1501
ba,බ,1502
ma,ම,1503
la,ල,1504
va,ව,1505
sa,ස,1506
ha,හ,1507
ḷa,ළ,1508
y,ය්,1509
v,ව්,1510
ṭ,ට්,1511
t,ත්,1512
s,ස්,1513
r,ර්,1514
p,ප්,1515
ṇ,ණ්,1516
ñ,ඤ්,1517
ṅ,ඞ්,1518
n,න්,1519
m,ම්,1520
ḷ,ළ්,1521
l,ල්,1522
k,ක්,1523
j,ජ්,1524
h,හ්,1525
g,ග්,1526
ḍ,ඩ්,1527
d,ද්,1528
c,ච්,1529
b,බ්,1530
ū,ඌ,1531
u,උ,1532
o,ඔ,1533
ī,ඊ,1534
i,ඉ,1535
e,එ,1536
ā,ආ,1537
a,අ,1538